,Acinar-mix,Activated stellate cells,Alpha cells,Beta cells,Delta cells,Ductal cells,Endothelial cells,Gamma cells,Idling acinar cells,MUC5B+ ductal cells,Macrophages,Quiescent stellate cells,Secretory acinar cells
ENSG00000006071,0.0,0.0,1.6175039,2.202756,0.0,0.0,0.0,0.0,0.0,0.0,0.0,0.0,0.0
ENSG00000099204,0.0,0.0,2.1449623,0.0,0.0,0.0,0.0,0.0,0.0,0.0,0.0,0.0,0.0
ENSG00000228262,0.0,0.0,0.0,0.0,0.0,0.0,0.0,0.0,0.0,2.1038404,0.0,0.0,0.0
ENSG00000107796,0.0,0.0,0.0,0.0,0.0,0.0,0.0,0.0,0.0,0.0,0.0,2.3861609,0.0
ENSG00000186094,0.0,0.0,1.9577242,2.3003511,2.2855015,0.0,0.0,0.0,0.0,0.0,0.0,0.0,0.0
ENSG00000170776,2.4384074,0.0,0.0,0.0,0.0,0.0,0.0,0.0,0.0,0.0,0.0,0.0,0.0
ENSG00000127914,1.7432463,0.0,0.0,0.0,0.0,0.0,0.0,0.0,0.0,0.0,0.0,0.0,0.0
ENSG00000243480,0.0,0.0,0.0,0.0,0.0,0.0,0.0,0.0,0.0,0.0,0.0,0.0,4.0152907
ENSG00000240038,0.0,0.0,0.0,0.0,0.0,0.0,0.0,0.0,0.0,0.0,0.0,0.0,1.7105613
ENSG00000196975,0.0,0.0,0.0,0.0,0.0,2.5940526,0.0,0.0,0.0,2.5097146,0.0,0.0,0.0
ENSG00000138639,1.3571138,0.0,0.0,0.0,0.0,0.0,0.0,0.0,0.0,0.0,0.0,0.0,0.0
ENSG00000185305,0.0,0.0,1.8208905,0.0,0.0,0.0,0.0,0.0,0.0,0.0,0.0,0.0,0.0
ENSG00000142102,2.5620005,0.0,0.0,0.0,0.0,0.0,0.0,0.0,0.0,0.0,0.0,0.0,0.0
ENSG00000122870,0.0,0.0,0.0,0.0,0.0,3.4850192,0.0,0.0,0.0,0.0,0.0,0.0,0.0
ENSG00000204217,0.0,0.0,0.0,0.0,0.0,0.0,1.634546,0.0,0.0,0.0,0.0,0.0,0.0
ENSG00000148655,1.5665371,0.0,0.0,0.0,0.0,0.0,0.0,0.0,0.0,0.0,0.0,0.0,0.0
ENSG00000154274,1.863557,0.0,0.0,0.0,0.0,0.0,0.0,0.0,0.0,0.0,0.0,0.0,0.0
ENSG00000141837,0.0,0.0,3.0751994,2.15112,2.787722,0.0,0.0,1.6864215,0.0,0.0,0.0,0.0,0.0
ENSG00000157388,0.0,0.0,2.0265174,1.8466133,2.0558083,0.0,0.0,1.8100431,0.0,0.0,0.0,0.0,0.0
ENSG00000153956,0.0,0.0,0.0,0.860273,0.0,0.0,0.0,0.0,0.0,0.0,0.0,0.0,0.0
ENSG00000165995,0.0,0.0,2.8089519,0.0,2.4694486,0.0,0.0,2.012533,0.0,0.0,0.0,0.0,0.0
ENSG00000182985,0.0,0.0,0.0,1.7126086,0.0,0.0,0.0,0.0,0.0,0.0,0.0,0.0,0.0
ENSG00000163618,0.0,0.0,1.9629024,1.6424067,2.0512338,0.0,0.0,0.0,0.0,0.0,0.0,0.0,0.0
ENSG00000122786,0.0,2.7618155,0.0,0.0,0.0,0.0,0.0,0.0,0.0,0.0,0.0,3.119515,0.0
ENSG00000183049,2.093079,0.0,0.0,0.0,0.0,0.0,0.0,0.0,0.0,0.0,0.0,0.0,0.0
ENSG00000184305,0.0,0.0,0.0,0.8580235,0.0,0.0,0.0,0.0,0.0,0.0,0.0,0.0,0.0
ENSG00000019582,0.0,0.0,0.0,0.0,0.0,0.0,0.0,0.0,0.0,0.0,2.510592,0.0,0.0
ENSG00000170835,3.6409683,0.0,0.0,0.0,0.0,0.0,0.0,0.0,0.0,0.0,0.0,0.0,2.824522
ENSG00000215704,0.0,0.0,0.0,0.0,0.0,0.0,0.0,0.0,0.0,0.0,0.0,0.0,3.3139524
ENSG00000142789,4.5378075,0.0,0.0,0.0,0.0,0.0,0.0,0.0,0.0,0.0,0.0,0.0,5.635825
ENSG00000219073,4.134975,0.0,0.0,0.0,0.0,0.0,0.0,0.0,0.0,0.0,0.0,0.0,4.8459744
ENSG00000001626,0.0,0.0,0.0,0.0,0.0,4.154991,0.0,0.0,0.0,0.0,0.0,0.0,0.0
ENSG00000089199,0.0,0.0,0.0,0.0,0.0,0.0,0.0,2.3017843,0.0,0.0,0.0,0.0,0.0
ENSG00000106069,1.9622874,0.0,0.0,0.0,0.0,0.0,0.0,0.0,0.0,0.0,0.0,0.0,0.0
ENSG00000133019,2.9069579,0.0,0.0,0.0,0.0,0.0,0.0,0.0,2.083477,0.0,0.0,0.0,1.0154347
ENSG00000154080,0.0,0.0,1.639585,0.0,0.0,0.0,0.0,0.0,0.0,0.0,0.0,0.0,0.0
ENSG00000144619,0.0,0.0,2.056117,0.0,0.0,0.0,0.0,0.0,0.0,0.0,0.0,0.0,0.0
ENSG00000149972,0.0,0.0,0.0,0.43280655,0.0,0.0,0.0,0.0,0.0,0.0,0.0,0.0,0.0
ENSG00000155052,0.0,0.0,0.0,0.0,0.0,0.0,0.0,1.6839256,0.0,0.0,0.0,0.0,0.0
ENSG00000187498,0.0,2.0083642,0.0,0.0,0.0,0.0,0.0,0.0,0.0,0.0,0.0,1.8565505,0.0
ENSG00000134871,0.0,2.2728481,0.0,0.0,0.0,0.0,0.0,0.0,0.0,0.0,0.0,2.1619287,0.0
ENSG00000142173,0.0,2.0601275,0.0,0.0,0.0,0.0,0.0,0.0,0.0,0.0,0.0,1.9407511,0.0
ENSG00000091704,4.2976866,0.0,0.0,0.0,0.0,0.0,0.0,0.0,0.0,0.0,0.0,0.0,5.4446783
ENSG00000158516,3.7317188,0.0,0.0,0.0,0.0,0.0,0.0,0.0,0.0,0.0,0.0,0.0,2.73362
ENSG00000153002,3.5462847,0.0,0.0,0.0,0.0,0.0,0.0,0.0,0.0,0.0,0.0,0.0,4.263765
ENSG00000109472,0.0,0.0,0.0,0.0,0.0,0.0,0.0,2.2519104,0.0,0.0,0.0,0.0,0.0
ENSG00000103196,0.0,0.0,0.0,0.0,0.0,0.0,0.0,0.0,0.0,0.0,0.0,1.9806391,0.0
ENSG00000169862,2.2384431,0.0,0.0,0.0,0.0,0.0,0.0,0.0,0.0,0.0,0.0,0.0,0.0
ENSG00000162438,3.61868,0.0,0.0,0.0,0.0,0.0,0.0,0.0,0.0,0.0,0.0,0.0,4.1950865
ENSG00000138161,2.3752959,0.0,0.0,0.0,0.0,0.0,0.0,0.0,0.0,0.0,0.0,0.0,0.0
ENSG00000276644,0.0,0.0,2.1963363,0.0,1.5865338,0.0,0.0,0.0,0.0,0.0,0.0,0.0,0.0
ENSG00000126733,0.0,0.0,0.0,1.0044158,0.0,0.0,0.0,1.8129451,0.0,0.0,0.0,0.0,0.0
ENSG00000150672,0.0,0.0,0.0,1.9830699,0.0,0.0,0.0,0.0,0.0,0.0,0.0,0.0,0.0
ENSG00000198947,0.0,0.0,2.2501297,0.0,0.0,0.0,0.0,0.0,0.0,0.0,0.0,2.1453183,0.0
ENSG00000175497,1.4485184,0.0,0.0,0.0,0.0,0.0,0.0,0.0,0.0,0.0,0.0,0.0,0.0
ENSG00000130226,0.0,0.0,2.8832853,2.6151948,2.4063702,0.0,0.0,2.4873338,0.0,0.0,0.0,0.0,0.0
ENSG00000188641,0.0,0.0,0.0,0.0,0.0,0.0,0.0,0.0,0.0,0.0,1.9858662,0.0,0.0
ENSG00000134769,2.0877988,0.0,0.0,0.0,0.0,0.0,0.0,0.0,0.0,0.0,0.0,0.0,0.0
ENSG00000164330,0.0,0.0,0.0,0.0,0.0,0.0,0.0,0.0,0.0,0.0,0.0,1.7415044,0.0
ENSG00000164035,0.0,0.0,0.0,0.0,0.0,0.0,1.698801,0.0,0.0,0.0,0.0,0.0,0.0
ENSG00000116016,0.0,0.0,0.0,0.0,0.0,0.0,1.9732347,0.0,0.0,0.0,0.0,0.0,0.0
ENSG00000196482,0.0,0.0,0.0,0.0,0.0,2.224345,0.0,0.0,0.0,0.0,0.0,0.0,0.0
ENSG00000131558,2.1318917,0.0,0.0,0.0,0.0,0.0,0.0,0.0,0.0,0.0,0.0,0.0,0.0
ENSG00000135842,1.895535,0.0,0.0,0.0,0.0,0.0,0.0,0.0,0.0,0.0,0.0,0.0,0.0
ENSG00000204442,0.0,0.0,0.0,1.6362066,0.0,0.0,0.0,2.4477968,0.0,0.0,0.0,0.0,0.0
ENSG00000078098,0.0,0.0,1.6795247,0.0,0.0,0.0,0.0,0.0,0.0,0.0,0.0,0.0,0.0
ENSG00000183580,0.0,1.5686405,0.0,0.0,0.0,0.0,0.0,0.0,0.0,0.0,0.0,0.0,0.0
ENSG00000139132,0.0,0.0,0.0,0.0,0.0,0.0,0.0,0.0,0.0,2.2182486,0.0,0.0,0.0
ENSG00000102466,0.0,0.0,0.0,1.5681162,0.0,0.0,0.0,0.0,0.0,0.0,0.0,0.0,0.0
ENSG00000189283,1.9874268,0.0,0.0,0.0,0.0,0.0,0.0,0.0,0.0,2.0742407,0.0,0.0,0.0
ENSG00000096060,2.327763,0.0,0.0,0.0,0.0,0.0,0.0,0.0,0.0,0.0,0.0,0.0,0.0
ENSG00000102755,0.0,0.0,0.0,0.0,0.0,0.0,2.1789467,0.0,0.0,0.0,0.0,0.0,0.0
ENSG00000155816,0.0,0.0,0.0,1.2572472,1.4756486,0.0,0.0,0.0,0.0,0.0,0.0,0.0,0.0
ENSG00000102531,1.7684009,0.0,0.0,0.0,0.0,0.0,0.0,0.0,0.0,0.0,0.0,0.0,0.0
ENSG00000075420,2.122614,0.0,0.0,0.0,0.0,0.0,0.0,0.0,0.0,0.0,0.0,0.0,0.0
ENSG00000053254,1.5116472,0.0,0.0,0.0,0.0,0.0,0.0,0.0,0.0,0.0,0.0,0.0,0.0
ENSG00000114861,1.9314793,0.0,0.0,0.0,0.0,0.0,0.0,0.0,0.0,0.0,0.0,0.0,0.0
ENSG00000128573,2.0174205,0.0,0.0,0.0,0.0,0.0,0.0,0.0,0.0,0.0,0.0,0.0,0.0
ENSG00000230590,0.0,0.0,1.7761846,1.5857067,1.9151955,0.0,0.0,0.0,0.0,0.0,0.0,0.0,0.0
ENSG00000141441,1.7591844,0.0,0.0,0.0,0.0,0.0,0.0,0.0,0.0,0.0,0.0,0.0,0.0
ENSG00000115263,0.0,0.0,5.5210047,0.0,0.0,0.0,0.0,0.0,0.0,0.0,0.0,0.0,0.0
ENSG00000107249,0.0,0.0,0.0,0.0,0.0,2.9004393,0.0,0.0,0.0,0.0,0.0,0.0,0.0
ENSG00000250903,1.6751025,0.0,0.0,0.0,0.0,0.0,0.0,0.0,0.0,0.0,0.0,0.0,0.0
ENSG00000144674,1.2812449,0.0,0.0,0.0,0.0,0.0,0.0,0.0,0.0,0.0,0.0,0.0,0.0
ENSG00000169347,5.1987457,0.0,0.0,0.0,0.0,0.0,0.0,0.0,0.0,0.0,0.0,0.0,3.8121538
ENSG00000183098,0.0,0.0,3.173734,0.0,2.5467088,0.0,0.0,2.1298125,0.0,0.0,0.0,0.0,0.0
ENSG00000171723,1.8144071,0.0,0.0,0.0,0.0,0.0,0.0,0.0,0.0,0.0,0.0,0.0,0.0
ENSG00000106070,1.7771192,0.0,0.0,0.0,0.0,0.0,0.0,0.0,0.0,0.0,0.0,0.0,0.0
ENSG00000125675,0.0,0.0,0.51037097,0.0,0.0,0.0,0.0,0.0,0.0,0.0,0.0,0.0,0.0
ENSG00000148180,0.0,0.0,0.0,0.0,0.0,0.0,1.5724111,0.0,0.0,0.0,0.0,0.0,0.0
ENSG00000048052,0.0,0.0,0.0,1.6297987,0.0,0.0,0.0,0.0,0.0,0.0,0.0,0.0,0.0
ENSG00000185352,0.0,0.0,3.3473947,0.0,2.0620055,0.0,0.0,0.0,0.0,0.0,0.0,0.0,0.0
ENSG00000125968,0.0,0.0,0.0,0.0,0.0,0.0,2.1639738,0.0,0.0,0.0,0.0,0.0,0.0
ENSG00000163453,0.0,2.6107326,0.0,0.0,0.0,0.0,2.501461,0.0,0.0,0.0,0.0,3.161776,0.0
ENSG00000254647,0.0,0.0,0.0,7.045361,0.0,0.0,0.0,0.0,0.0,0.0,0.0,0.0,0.0
ENSG00000171105,3.023808,0.0,0.0,0.0,0.0,0.0,0.0,0.0,0.0,0.0,0.0,0.0,0.0
ENSG00000182674,0.0,0.0,2.4111834,1.827441,2.36019,0.0,0.0,0.0,0.0,0.0,0.0,0.0,0.0
ENSG00000157542,0.0,0.0,1.5801725,0.0,0.0,0.0,0.0,0.0,0.0,0.0,0.0,0.0,0.0
ENSG00000156113,0.0,0.0,2.2508907,1.5860157,1.8441467,0.0,0.0,0.0,0.0,0.0,0.0,0.0,0.0
ENSG00000197584,0.0,0.0,4.0588207,2.0603068,3.6028998,0.0,0.0,3.6266239,0.0,0.0,0.0,0.0,0.0
ENSG00000121210,1.8811373,0.0,0.0,0.0,0.0,0.0,0.0,0.0,0.0,0.0,0.0,0.0,0.0
ENSG00000171345,0.0,0.0,0.0,0.0,0.0,0.0,0.0,0.0,0.0,2.4281635,0.0,0.0,0.0
ENSG00000196569,0.0,2.958715,0.0,0.0,0.0,0.0,0.0,0.0,0.0,0.0,0.0,0.0,0.0
ENSG00000148346,0.0,0.0,0.0,0.0,0.0,0.0,0.0,0.0,0.0,2.3088837,0.0,0.0,0.0
ENSG00000169744,0.0,0.0,0.0,0.0,0.0,0.0,2.931833,0.0,0.0,0.0,0.0,0.0,0.0
ENSG00000205213,1.9924698,0.0,0.0,0.0,0.0,0.0,0.0,0.0,0.0,0.0,0.0,0.0,0.0
ENSG00000169783,2.0299568,0.0,0.0,0.0,0.0,0.0,0.0,0.0,0.0,0.0,0.0,0.0,0.0
ENSG00000174482,0.0,0.0,0.0,1.1136365,0.0,0.0,0.0,0.0,0.0,0.0,0.0,0.0,0.0
ENSG00000145012,0.0,0.0,0.0,0.0,0.0,0.0,0.0,0.0,0.0,0.0,0.0,2.979622,0.0
ENSG00000144749,0.860819,0.0,0.0,0.0,0.0,0.0,0.0,0.0,0.0,0.0,0.0,0.0,0.0
ENSG00000134569,0.8920407,0.0,0.0,0.0,0.0,0.0,0.0,0.0,0.0,0.0,0.0,0.0,0.0
ENSG00000176204,0.0,0.0,2.6442053,0.0,1.9772666,0.0,0.0,0.0,0.0,0.0,0.0,0.0,0.0
ENSG00000185565,0.0,1.8364625,0.0,0.0,0.0,0.0,0.0,0.0,0.0,0.0,0.0,0.0,0.0
ENSG00000108848,1.6402149,0.0,0.0,0.0,0.0,0.0,0.0,0.0,0.0,0.0,0.0,0.0,0.0
ENSG00000151276,1.887528,0.0,0.0,0.0,0.0,2.7862883,0.0,0.0,0.0,0.0,0.0,0.0,0.0
ENSG00000187391,0.0,0.0,3.1590374,2.541639,3.0355206,0.0,0.0,2.4065123,0.0,0.0,0.0,0.0,0.0
ENSG00000251562,5.8782196,4.5545053,4.733366,6.3611856,0.0,0.0,0.0,5.4770613,4.2610054,0.0,3.7184627,6.656643,4.6536827
ENSG00000184384,0.0,2.0313957,0.0,0.0,0.0,2.2677875,0.0,0.0,0.0,0.0,0.0,0.0,0.0
ENSG00000197442,2.1975803,0.0,0.0,0.0,0.0,0.0,0.0,0.0,0.0,0.0,0.0,0.0,0.0
ENSG00000109339,0.0,0.0,1.4961727,1.2017281,1.7048616,0.0,0.0,0.0,0.0,0.0,0.0,0.0,0.0
ENSG00000139793,1.3528981,0.0,0.0,0.0,0.0,0.0,0.0,0.0,0.0,0.0,0.0,0.0,0.0
ENSG00000085276,3.1312451,0.0,0.0,0.0,0.0,0.0,0.0,0.0,0.0,0.0,0.0,0.0,0.0
ENSG00000081189,0.0,0.0,0.0,0.0,0.0,0.0,2.1294694,0.0,0.0,0.0,0.0,0.0,0.0
ENSG00000214548,2.6181674,0.0,0.0,0.0,0.0,0.0,0.0,0.0,0.0,0.0,0.0,0.0,0.0
ENSG00000134138,0.0,0.0,1.7621895,1.9056168,2.0210123,0.0,0.0,2.95153,0.0,0.0,0.0,0.0,0.0
ENSG00000129422,1.6816602,0.0,0.0,0.0,0.0,0.0,0.0,0.0,0.0,0.0,0.0,0.0,0.0
ENSG00000101335,0.0,0.0,0.0,0.0,0.0,0.0,0.0,0.0,0.0,0.0,0.0,2.0816476,0.0
ENSG00000157483,0.0,0.0,0.0,0.0,0.0,0.0,0.0,0.0,0.0,1.817662,0.0,0.0,0.0
ENSG00000172915,0.0,0.0,0.0,1.0891557,0.0,0.0,0.0,0.0,0.0,0.0,0.0,0.0,0.0
ENSG00000245532,3.8224497,0.0,0.0,0.0,0.0,0.0,0.0,0.0,0.0,0.0,0.0,0.0,0.0
ENSG00000049759,1.8111875,0.0,0.0,0.0,0.0,0.0,0.0,0.0,0.0,0.0,0.0,0.0,0.0
ENSG00000172260,0.0,2.982413,0.0,0.0,0.0,0.0,0.0,0.0,0.0,0.0,0.0,0.0,0.0
ENSG00000169760,0.0,0.0,1.3738109,1.5666955,1.8391931,0.0,0.0,0.560554,0.0,0.0,0.0,0.0,0.0
ENSG00000101746,0.0,0.0,1.1535599,0.91603726,1.3999265,0.0,0.0,0.0,0.0,0.0,0.0,0.0,0.0
ENSG00000151322,0.0,0.0,2.1917427,0.0,2.0066888,0.0,0.0,0.0,0.0,0.0,0.0,0.0,0.0
ENSG00000247809,0.0,0.0,0.0,0.0,0.0,0.0,0.0,0.0,0.0,0.0,0.0,1.328507,0.0
ENSG00000116833,2.2589104,0.0,0.0,0.0,0.0,0.0,0.0,0.0,0.0,0.0,0.0,0.0,0.0
ENSG00000157168,0.0,0.0,0.0,2.570816,0.0,0.0,0.0,2.0555146,0.0,0.0,0.0,0.0,0.0
ENSG00000179915,0.0,0.0,2.6478305,1.9710989,2.4850998,0.0,0.0,2.4308114,0.0,0.0,0.0,0.0,0.0
ENSG00000074527,1.8984251,0.0,0.0,0.0,0.0,0.0,0.0,0.0,0.0,0.0,0.0,0.0,0.0
ENSG00000119547,0.0,0.0,0.0,0.0,0.0,0.0,0.0,0.0,0.0,1.6657875,0.0,0.0,0.0
ENSG00000077264,1.7784479,0.0,0.0,0.0,0.0,0.0,0.0,0.0,0.0,0.0,0.0,0.0,0.0
ENSG00000198682,0.0,0.0,1.8248017,0.0,0.0,0.0,0.0,0.0,0.0,0.0,0.0,0.0,0.0
ENSG00000148498,1.812473,0.0,0.0,0.0,0.0,0.0,0.0,0.0,0.0,0.0,0.0,0.0,0.0
ENSG00000185630,1.8054318,0.0,0.0,0.0,0.0,0.0,0.0,0.0,0.0,0.0,0.0,0.0,0.0
ENSG00000125851,0.0,0.0,2.2440772,0.0,1.7889502,0.0,0.0,0.0,0.0,0.0,0.0,0.0,0.0
ENSG00000099139,0.0,0.0,0.0,0.0,0.0,0.0,0.0,0.0,0.0,2.4712892,0.0,0.0,0.0
ENSG00000150593,2.3759155,0.0,0.0,0.0,0.0,0.0,0.0,0.0,0.0,0.0,0.0,0.0,0.0
ENSG00000152270,0.0,0.0,2.208324,0.0,0.0,0.0,0.0,0.0,0.0,0.0,0.0,0.0,0.0
ENSG00000113448,0.0,0.0,3.0045686,1.8422447,2.127503,0.0,0.0,1.9618511,0.0,0.0,0.0,0.0,0.0
ENSG00000113721,0.0,0.0,0.0,0.0,0.0,0.0,0.0,0.0,0.0,0.0,0.0,1.6639771,0.0
ENSG00000185615,1.9078939,0.0,0.0,0.0,0.0,0.0,0.0,0.0,0.0,0.0,0.0,0.0,0.0
ENSG00000133401,0.0,0.0,2.1634603,0.0,0.0,0.0,0.0,0.0,0.0,0.0,0.0,0.0,0.0
ENSG00000162896,0.0,0.0,0.0,0.0,0.0,0.0,0.0,0.0,0.0,0.9256181,0.0,0.0,0.0
ENSG00000117461,0.0,0.0,0.0,0.0,0.0,0.0,1.9411318,0.0,0.0,0.0,0.0,0.0,0.0
ENSG00000154217,1.3277589,0.0,0.0,0.0,0.0,0.0,2.4931145,0.0,0.0,0.0,0.0,0.0,0.0
ENSG00000170927,0.0,0.0,0.0,0.0,0.0,3.3176615,0.0,0.0,0.0,0.0,0.0,0.0,0.0
ENSG00000170890,2.846489,0.0,0.0,0.0,0.0,0.0,0.0,0.0,0.0,0.0,0.0,0.0,5.071516
ENSG00000182621,1.9105874,0.0,0.0,0.0,0.0,0.0,1.9751099,0.0,0.0,0.0,0.0,0.0,0.0
ENSG00000101333,0.0,0.0,0.0,0.42521697,0.0,0.0,0.0,0.0,0.0,0.0,0.0,0.0,0.0
ENSG00000182836,0.0,0.0,0.0,1.4255307,0.0,0.0,0.0,0.0,0.0,0.0,0.0,0.0,0.0
ENSG00000075651,0.0,0.0,0.0,0.0,0.0,0.0,0.0,0.0,0.0,2.2291985,0.0,0.0,0.0
ENSG00000120278,0.0,0.0,0.0,0.0,0.0,0.0,1.7700143,0.0,0.0,0.0,0.0,0.0,0.0
ENSG00000120594,0.0,0.0,0.0,0.0,0.0,0.0,0.0,0.0,0.0,0.0,2.713668,0.0,0.0
ENSG00000076356,1.0092888,0.0,0.0,0.0,0.0,0.0,0.0,0.0,0.0,0.0,0.0,0.0,0.0
ENSG00000175535,2.647231,0.0,0.0,0.0,0.0,0.0,0.0,0.0,0.0,0.0,0.0,0.0,0.0
ENSG00000106536,0.0,0.0,1.6895354,0.0,0.0,0.0,0.0,0.0,0.0,0.0,0.0,0.0,0.0
ENSG00000108849,0.0,0.0,0.0,0.0,0.0,0.0,0.0,6.9033136,0.0,0.0,0.0,0.0,0.0
ENSG00000154229,0.0,0.0,0.0,0.0,0.0,0.0,0.0,0.0,0.0,2.5140257,0.0,0.0,0.0
ENSG00000171132,0.0,0.0,2.3333418,0.0,0.0,0.0,0.0,0.0,0.0,0.0,0.0,0.0,0.0
ENSG00000185532,0.0,2.6405444,0.0,0.0,0.0,0.0,0.0,0.0,0.0,0.0,0.0,3.4880157,0.0
ENSG00000010438,3.1688073,0.0,0.0,0.0,0.0,0.0,0.0,0.0,0.0,0.0,0.0,0.0,5.2625833
ENSG00000127329,0.0,0.0,0.0,0.0,0.0,0.0,1.457304,0.0,0.0,0.0,0.0,0.0,0.0
ENSG00000144724,0.0,2.6017756,0.0,0.0,0.0,0.0,2.8279586,0.0,0.0,0.0,0.0,2.0951514,0.0
ENSG00000173482,0.0,0.0,0.0,0.0,0.0,0.0,2.1172955,0.0,0.0,0.0,0.0,0.0,0.0
ENSG00000196090,0.0,0.0,2.3258934,0.0,0.0,0.0,0.0,0.0,0.0,0.0,0.0,0.0,0.0
ENSG00000184672,0.0,0.0,0.0,0.0,0.0,0.0,0.0,0.0,0.0,3.3280883,0.0,0.0,0.0
ENSG00000144642,0.0,3.189588,0.0,0.0,0.0,0.0,0.0,0.0,0.0,0.0,0.0,2.1857324,0.0
ENSG00000235904,0.0,2.0524,0.0,0.0,0.0,0.0,0.0,0.0,0.0,0.0,0.0,0.0,0.0
ENSG00000124232,3.478579,0.0,0.0,0.0,0.0,0.0,0.0,0.0,2.8094404,0.0,0.0,0.0,2.7078357
ENSG00000157110,0.0,0.0,0.0,0.0,0.0,0.0,0.0,0.0,0.0,0.0,0.0,2.1238198,0.0
ENSG00000115386,3.4667296,0.0,0.0,0.0,0.0,0.0,0.0,0.0,0.0,0.0,0.0,0.0,4.185478
ENSG00000172023,2.2418199,0.0,0.0,0.0,0.0,0.0,0.0,0.0,0.0,0.0,0.0,0.0,0.0
ENSG00000182901,0.0,0.0,2.4243717,0.0,1.6454003,0.0,0.0,0.0,0.0,0.0,0.0,0.0,0.0
ENSG00000164292,2.338623,0.0,0.0,0.0,0.0,0.0,0.0,0.0,0.0,0.0,0.0,0.0,0.0
ENSG00000176406,0.0,0.0,3.0618289,2.3484907,2.9882395,0.0,0.0,2.6356044,0.0,0.0,0.0,0.0,0.0
ENSG00000151692,1.0158939,0.0,0.0,0.0,0.0,0.0,0.0,0.0,0.0,0.0,0.0,0.0,0.0
ENSG00000185008,0.0,0.0,0.0,1.1927454,0.0,0.0,0.0,0.0,0.0,0.0,0.0,0.0,0.0
ENSG00000069667,1.5994334,2.2798424,0.0,0.0,0.0,0.0,0.0,0.0,0.0,0.0,0.0,0.0,0.0
ENSG00000125844,1.8411269,0.0,0.0,0.0,0.0,0.0,0.0,0.0,0.0,0.0,0.0,0.0,0.0
ENSG00000197956,0.0,0.0,0.0,0.0,0.0,0.0,0.0,0.0,0.0,2.8755412,0.0,0.0,0.0
ENSG00000146555,2.6810775,0.0,2.1158814,0.0,2.1968756,0.0,0.0,0.72519445,0.0,0.0,0.0,0.0,0.0
ENSG00000184640,0.0,0.0,0.0,0.0,0.0,0.0,0.0,0.0,0.0,2.2552977,0.0,0.0,0.0
ENSG00000114204,2.4695106,0.0,0.0,0.0,0.0,0.0,0.0,0.0,0.0,0.0,0.0,0.0,0.0
ENSG00000138771,0.0,0.0,0.0,0.0,0.0,0.0,0.0,0.0,0.0,3.3646498,0.0,0.0,0.0
ENSG00000105738,0.0,0.0,2.643314,0.0,1.6601875,0.0,0.0,0.0,0.0,0.0,0.0,0.0,0.0
ENSG00000164756,0.0,0.0,2.8085854,2.8571243,2.2787454,0.0,0.0,0.0,0.0,0.0,0.0,0.0,0.0
ENSG00000183780,0.0,0.0,1.8221998,0.0,0.0,0.0,0.0,0.0,0.0,0.0,0.0,0.0,0.0
ENSG00000151812,0.0,0.0,1.5846392,0.0,0.0,0.0,0.0,0.0,0.0,0.0,0.0,0.0,0.0
ENSG00000080493,0.0,0.0,0.0,0.0,0.0,3.7181196,0.0,0.0,0.0,0.0,0.0,0.0,0.0
ENSG00000174640,0.0,0.0,0.0,0.0,0.0,0.0,2.6178718,0.0,0.0,0.0,0.0,0.0,0.0
ENSG00000197157,1.7591844,0.0,0.0,0.0,0.0,0.0,0.0,0.0,0.0,0.0,0.0,0.0,0.0
ENSG00000147481,0.0,0.0,2.6661103,0.0,1.2975212,0.0,0.0,2.2038224,0.0,0.0,0.0,0.0,0.0
ENSG00000048471,0.0,0.0,1.7234902,1.387835,0.0,0.0,0.0,0.0,0.0,0.0,0.0,0.0,0.0
ENSG00000271699,0.0,0.0,0.0,0.0,0.0,0.0,0.0,0.0,0.0,0.0,0.0,1.8106718,0.0
ENSG00000095637,0.0,0.0,0.0,0.0,0.0,0.0,0.0,0.0,0.0,0.0,0.0,1.8603574,0.0
ENSG00000154556,3.172814,0.0,0.0,0.0,0.0,0.0,0.0,0.0,0.0,0.0,0.0,0.0,0.0
ENSG00000144451,0.0,0.0,1.966064,1.9434339,2.3079586,0.0,0.0,0.0,0.0,0.0,0.0,0.0,0.0
ENSG00000152583,0.0,0.0,0.0,0.0,0.0,0.0,2.383029,0.0,0.0,0.0,0.0,2.1231108,0.0
ENSG00000164266,3.7875924,0.0,0.0,0.0,0.0,0.0,0.0,0.0,0.0,0.0,0.0,0.0,0.0
ENSG00000147488,0.0,0.0,1.5211034,0.0,0.41775602,0.0,0.0,0.0,0.0,0.0,0.0,0.0,0.0
ENSG00000184005,0.0,0.0,0.0,0.0,0.0,0.0,2.3827314,0.0,0.0,0.0,0.0,0.0,0.0
ENSG00000145087,0.0,0.0,0.0,0.0,1.5370755,0.0,0.0,0.0,0.0,0.0,0.0,0.0,0.0
ENSG00000179751,0.0,0.0,0.0,0.0,0.0,0.0,0.0,0.0,0.0,0.0,0.0,0.0,4.1561804
ENSG00000149591,0.0,0.0,0.0,0.0,0.0,0.0,0.0,0.0,0.0,0.0,0.0,2.3178132,0.0
ENSG00000196628,0.0,0.0,0.0,0.0,0.0,0.0,1.3689361,0.0,0.0,0.0,0.0,0.0,0.0
ENSG00000145934,0.0,0.0,1.7530426,0.0,1.4549265,0.0,0.0,1.7310963,0.0,0.0,0.0,0.0,0.0
ENSG00000160180,0.0,0.0,0.0,0.0,0.0,0.0,0.0,0.0,0.0,2.3610215,0.0,0.0,0.0
ENSG00000163513,0.0,0.0,0.0,0.0,0.0,0.0,2.0303888,0.0,0.0,0.0,0.0,0.0,0.0
ENSG00000187720,0.0,0.0,0.0,0.0,0.0,0.0,0.0,0.0,0.0,3.1671891,0.0,0.0,0.0
ENSG00000005108,0.0,0.0,0.0,0.0,0.0,0.0,0.0,1.5433809,0.0,0.0,0.0,0.0,0.0
ENSG00000169903,0.0,0.0,1.4768126,0.0,0.0,0.0,0.0,0.0,0.0,2.861518,0.0,0.0,0.0
ENSG00000103534,0.0,0.0,0.0,0.0,0.0,0.0,0.0,0.0,0.0,2.6536994,0.0,0.0,0.0
ENSG00000151952,0.0,0.0,2.2058036,0.0,2.3807998,0.0,0.0,1.9440732,0.0,0.0,0.0,0.0,0.0
ENSG00000261115,0.0,0.0,2.324223,0.0,1.693331,0.0,0.0,0.0,0.0,0.0,0.0,0.0,0.0
ENSG00000136205,1.4850804,0.0,0.0,0.0,0.0,0.0,0.0,0.0,0.0,0.0,0.0,0.0,0.0
ENSG00000198467,0.0,0.0,0.0,0.0,0.0,0.0,0.0,0.0,0.0,0.0,0.0,2.4158137,0.0
ENSG00000083067,0.0,0.0,0.0,3.0561204,1.0012636,0.0,0.0,0.0,0.0,0.0,0.0,0.0,0.0
ENSG00000182463,0.0,2.9984725,0.0,0.0,0.0,0.0,0.0,0.0,0.0,0.0,0.0,0.0,0.0
ENSG00000127324,0.0,0.0,0.0,0.0,0.0,0.0,0.0,0.0,0.0,0.7401693,0.0,0.0,0.0
ENSG00000118271,0.0,0.0,5.7191777,0.0,0.0,0.0,0.0,0.0,0.0,0.0,0.0,0.0,0.0
ENSG00000110799,0.0,0.0,0.0,0.0,0.0,0.0,1.6002221,0.0,0.0,0.0,0.0,0.0,0.0
ENSG00000109906,2.5054111,0.0,0.0,0.0,0.0,0.0,0.0,0.0,0.0,0.0,0.0,0.0,0.0
ENSG00000181722,2.9835243,0.0,0.0,0.0,0.0,0.0,0.0,0.0,0.0,0.0,0.0,0.0,1.3698354
ENSG00000169554,0.0,0.0,0.0,0.0,0.0,0.0,0.0,0.0,0.0,0.0,1.9431723,0.0,0.0
ENSG00000151789,0.0,0.0,0.0,3.3650765,0.0,0.0,0.0,0.0,0.0,0.0,0.0,0.0,0.0
ENSG00000164684,1.7720351,0.0,0.0,0.0,0.0,0.0,0.0,0.0,0.0,0.0,0.0,0.0,0.0
