,Endothelia,Fibroblast,Lymphocyte,MP & DC,Mural cell,Neutrophil
HES4,0.0,0.0,0.0,0.0,1.0,0.0
MXRA8,0.0,1.0,0.0,0.0,0.0,0.0
GNB1,0.0,0.0,0.0,1.0,0.0,0.0
RPL22,0.2,0.2092098593711853,0.28604114055633545,0.27296462059021,0.20234880447387696,0.0
PARK7,0.0,0.7054543256759643,0.0,0.6,0.6824482321739197,0.0
ENO1,0.0,0.0,0.0,1.0,0.0,0.0
TNFRSF1B,0.0,0.0,0.0,1.0,0.0,0.0
EFHD2,0.0,0.0,0.838772964477539,0.8,0.0,0.0
CAPZB,0.0,0.6,0.6442422032356262,0.6639992594718933,0.0,0.0
MICOS10,0.0,0.0,0.0,1.0,0.0,0.0
CAMK2N1,0.0,1.0,0.0,0.0,0.0,0.0
HSPG2,0.8557106137275696,0.8,0.0,0.0,0.0,0.0
CDC42,0.2,0.2887788534164429,0.4484109878540039,0.4332945227622986,0.2629879117012024,0.0
ID3,0.6832670450210572,0.6,0.0,0.0,0.6864516258239746,0.0
RPL11,0.0803598403930664,0.047670602798461914,0.2016029953956604,0.15296627283096315,0.03454247713088989,0.0
SRRM1,0.0,0.0,0.0,1.0,0.0,0.0
RUNX3,0.0,0.0,1.0,0.0,0.0,0.0
RSRP1,0.0,0.0,0.848934781551361,0.8,0.0,0.0
TMEM50A,0.0,0.8573515772819519,0.0,0.8,0.0,0.0
SH3BGRL3,0.0,0.4,0.5311280608177185,0.5004679083824157,0.0,0.41583411693572997
CD52,0.0,0.0,0.9016094326972961,0.8,0.0,0.0
HMGN2,0.0,0.6365297436714172,0.0,0.6,0.6605783939361572,0.0
WASF2,0.0,0.8538257479667664,0.0,0.8,0.0,0.0
FGR,0.0,0.0,0.0,1.0,0.0,0.0
LAPTM5,0.0,0.0,0.8,0.8587884783744812,0.0,0.0
TINAGL1,0.0,0.0,0.0,0.0,1.0,0.0
PTP4A2,0.0,0.8,0.0,0.8589009046554565,0.0,0.0
GJA4,0.0,0.0,0.0,0.0,1.0,0.0
SFPQ,0.0,0.0,0.8,0.8018064379692078,0.0,0.0
NDUFS5,0.0,0.8665230631828308,0.0,0.8,0.0,0.0
PABPC4,0.0,0.0,0.0,1.0,0.0,0.0
CAP1,0.0,0.4169288992881775,0.5587631821632385,0.627537477016449,0.4,0.0
PPT1,0.0,0.0,0.0,1.0,0.0,0.0
SMAP2,0.0,0.0,0.0,1.0,0.0,0.0
YBX1,0.2,0.2970627427101135,0.2944419026374817,0.48871350288391113,0.3266714811325073,0.0
ATP6V0B,0.0,0.0,0.0,1.0,0.0,0.0
RPS8,0.03403626680374146,0.0565168023109436,0.13574892282485962,0.10415788888931274,0.06657643318176269,0.0
PRDX1,0.4,0.5476965546607971,0.0,0.4129051208496094,0.4866645336151123,0.0
UQCRH,0.0,0.0,0.6280196189880372,0.6,0.6086434841156005,0.0
SCP2,0.0,1.0,0.0,0.0,0.0,0.0
PODN,0.0,1.0,0.0,0.0,0.0,0.0
TMEM59,0.4,0.631457793712616,0.0,0.41343691349029543,0.5500536799430847,0.0
PLPP3,0.0,1.0,0.0,0.0,0.0,0.0
JUN,0.0,0.6266461730003356,0.0,0.6,0.7221824288368225,0.0
NFIA,0.8,0.8495974183082581,0.0,0.0,0.0,0.0
JAK1,0.0,0.0,0.8756738305091858,0.8,0.0,0.0
LEPROT,0.0,0.8443562626838684,0.0,0.0,0.8,0.0
PDE4B,0.0,0.0,0.0,1.0,0.0,0.0
SERBP1,0.0,0.6,0.6754472732543946,0.6146560788154602,0.0,0.0
SRSF11,0.0,0.8601487636566162,0.0,0.8,0.0,0.0
NEGR1,0.0,1.0,0.0,0.0,0.0,0.0
GNG5,0.0,0.8,0.0,0.8713933229446411,0.0,0.0
SELENOF,0.0,0.8853676438331604,0.0,0.8,0.0,0.0
LMO4,0.0,1.0,0.0,0.0,0.0,0.0
RPL5,0.2,0.20939064025878906,0.34904544353485106,0.24221417903900147,0.23699053525924682,0.0
ARHGAP29,0.9427864074707031,0.8,0.0,0.0,0.0,0.0
CNN3,0.0,1.0,0.0,0.0,0.0,0.0
PRPF38B,0.0,0.0,0.884869921207428,0.8,0.0,0.0
GNAI3,0.0,0.0,0.0,1.0,0.0,0.0
CD53,0.0,0.0,0.8454278945922852,0.8,0.0,0.0
ATP5PB,0.0,0.0,0.0,1.0,0.0,0.0
C1orf162,0.0,0.0,0.0,1.0,0.0,0.0
RAP1A,0.0,0.0,0.0,1.0,0.0,0.0
CAPZA1,0.0,0.0,0.0,1.0,0.0,0.0
RHOC,0.7999899625778198,0.6941043496131897,0.0,0.6,0.0,0.0
CSDE1,0.0,0.8,0.0,0.8128845930099488,0.0,0.0
ATP1A1,0.0,0.0,0.0,1.0,0.0,0.0
CD2,0.0,0.0,1.0,0.0,0.0,0.0
RBM8A,0.0,0.0,0.8598708033561706,0.8,0.0,0.0
TXNIP,0.317839527130127,0.1438150405883789,0.0752294898033142,0.0,0.21051738262176514,0.18721820116043092
ECM1,0.0,1.0,0.0,0.0,0.0,0.0
MCL1,0.0,0.0,0.6,0.6729132533073425,0.0,0.6696576356887818
CTSS,0.0,0.0,0.0,1.0,0.0,0.0
S100A10,0.4356012225151062,0.5635413646697998,0.4,0.4678817391395569,0.0,0.0
S100A11,0.15537667274475098,0.3156936764717102,0.06426171064376832,0.3655587911605835,0.0,0.1996925950050354
S100A9,0.0,0.0,0.0,0.8,0.0,0.888135039806366
S100A8,0.0,0.0,0.0,0.0,0.0,1.0
S100A6,0.08217248916625977,0.35020487308502196,0.023582196235656737,0.21319401264190674,0.0,0.10162092447280884
S100A4,0.0,0.48715384006500245,0.464670741558075,0.5085255861282348,0.0,0.4
S100A13,0.0,1.0,0.0,0.0,0.0,0.0
JTB,0.0,0.8451106071472168,0.0,0.8,0.0,0.0
RPS27,0.03963943719863892,0.025723230838775635,0.29580638408660886,0.1637091040611267,0.019761765003204347,0.0
TPM3,0.0,0.0,0.8,0.8168707132339478,0.0,0.0
KRTCAP2,0.0,0.9141060590744019,0.0,0.8,0.0,0.0
SSR2,0.0,0.6,0.7684144616127014,0.605472731590271,0.0,0.0
LMNA,0.0,0.8,0.0,0.0,0.8056938886642456,0.0
MNDA,0.0,0.0,0.0,0.8,0.0,0.8576369643211365
IFI16,0.0,0.0,0.0,1.0,0.0,0.0
TAGLN2,0.4828220844268799,0.5602051973342895,0.4,0.445995569229126,0.0,0.0
CD48,0.0,0.0,0.8565879583358764,0.8,0.0,0.0
FCER1G,0.0,0.0,0.0,1.0,0.0,0.0
FCGR2A,0.0,0.0,0.0,1.0,0.0,0.0
FCGR3A,0.0,0.0,0.0,1.0,0.0,0.0
DDR2,0.0,1.0,0.0,0.0,0.0,0.0
RGS5,0.0,0.0,0.0,0.0,1.0,0.0
MGST3,0.0,0.7146299004554748,0.0,0.6,0.8137316226959228,0.0
CD247,0.0,0.0,1.0,0.0,0.0,0.0
DPT,0.0,1.0,0.0,0.0,0.0,0.0
FMO2,0.0,1.0,0.0,0.0,0.0,0.0
PRRC2C,0.0,0.6,0.7316700458526612,0.6580968141555786,0.0,0.0
PRDX6,0.0,1.0,0.0,0.0,0.0,0.0
GAS5,0.0,0.0,0.0,1.0,0.0,0.0
IER5,0.0,0.0,0.0,1.0,0.0,0.0
GLUL,0.0,0.6039329290390014,0.0,0.6,0.0,0.783708143234253
LAMC1,0.0,1.0,0.0,0.0,0.0,0.0
NCF2,0.0,0.0,0.0,1.0,0.0,0.0
ARPC5,0.0,0.4751401305198669,0.4,0.6633331179618835,0.41673811674118044,0.0
IVNS1ABP,0.0,0.0,0.0,1.0,0.0,0.0
PTGS2,0.0,0.0,0.0,0.8,0.0,0.9076543092727661
RGS2,0.0,0.0,0.0,0.8,0.0,0.9003168702125549
CFH,0.0,1.0,0.0,0.0,0.0,0.0
PTPRC,0.0,0.0,0.8334532499313354,0.8,0.0,0.0
BTG2,0.0,0.0,0.0,1.0,0.0,0.0
PRELP,0.0,1.0,0.0,0.0,0.0,0.0
NUCKS1,0.0,0.8172752857208252,0.0,0.0,0.8,0.0
RASSF5,0.0,0.0,0.0,1.0,0.0,0.0
CD55,0.0,0.6,0.0,0.7187554717063904,0.0,0.7151479959487915
CD34,0.0,1.0,0.0,0.0,0.0,0.0
G0S2,0.0,0.0,0.0,1.0,0.0,0.0
NENF,0.0,1.0,0.0,0.0,0.0,0.0
ATF3,0.0,0.0,0.0,1.0,0.0,0.0
SRP9,0.0,1.0,0.0,0.0,0.0,0.0
EPHX1,0.0,1.0,0.0,0.0,0.0,0.0
H3-3A,0.0,0.016996359825134276,0.04227168560028076,0.17921253442764282,0.008014523983001709,0.19376590251922607
ARF1,0.0,0.5261063933372497,0.4475527763366699,0.4,0.40566874742507936,0.0
GUK1,0.0,0.637663197517395,0.684507155418396,0.6,0.0,0.0
AGT,0.0,0.0,0.0,0.0,1.0,0.0
IRF2BP2,0.0,0.0,0.0,1.0,0.0,0.0
TOMM20,0.0,0.0,0.0,1.0,0.0,0.0
LYST,0.0,0.0,0.0,1.0,0.0,0.0
HNRNPU,0.0,0.6,0.6622635364532471,0.7846922993659973,0.0,0.0
ADI1,0.0,1.0,0.0,0.0,0.0,0.0
RPS7,0.2221421480178833,0.2,0.35598574876785277,0.23540655374526978,0.26864718198776244,0.0
ID2,0.0,0.0,0.8636523962020874,0.8,0.0,0.0
YWHAQ,0.0,0.8252695322036743,0.0,0.0,0.8,0.0
PDIA6,0.0,1.0,0.0,0.0,0.0,0.0
LAPTM4A,0.4,0.711970841884613,0.0,0.4370700240135193,0.5751550674438477,0.0
RHOB,0.0,0.0,0.0,0.0,1.0,0.0
SF3B6,0.0,1.0,0.0,0.0,0.0,0.0
RAB10,0.0,0.0,0.0,1.0,0.0,0.0
HADHA,0.0,0.0,0.0,1.0,0.0,0.0
OST4,0.0,0.4794042229652405,0.5503504157066346,0.41725935935974123,0.4,0.0
ATRAID,0.0,1.0,0.0,0.0,0.0,0.0
FOSL2,0.0,0.0,0.0,1.0,0.0,0.0
PPP1CB,0.0,0.8,0.0,0.8179235100746155,0.0,0.0
LTBP1,0.0,1.0,0.0,0.0,0.0,0.0
VIT,0.0,1.0,0.0,0.0,0.0,0.0
SRSF7,0.0,0.4193013787269592,0.6862276196479797,0.41534656286239624,0.4,0.0
ZFP36L2,0.0,0.6391814112663269,0.7356677532196045,0.6,0.0,0.0
EPAS1,0.9135790824890136,0.0,0.0,0.0,0.8,0.0
CALM2,0.2,0.3176185965538025,0.25024851560592654,0.3279213190078735,0.454718554019928,0.0
SPTBN1,0.8158189535140992,0.8,0.0,0.0,0.0,0.0
RTN4,0.0,0.7527092576026917,0.0,0.6749711632728577,0.6,0.0
RPS27A,0.019996500015258788,0.0,0.2578957796096802,0.10531582832336425,0.010308527946472168,0.009261906147003174
CCDC88A,0.0,0.0,0.0,1.0,0.0,0.0
EFEMP1,0.0,1.0,0.0,0.0,0.0,0.0
REL,0.0,0.0,0.0,1.0,0.0,0.0
ACTR2,0.0,0.0,0.0,1.0,0.0,0.0
PLEK,0.0,0.0,0.0,1.0,0.0,0.0
ANXA4,0.0,1.0,0.0,0.0,0.0,0.0
PCBP1,0.0,0.0,0.0,1.0,0.0,0.0
SNRPG,0.0,0.0,0.0,1.0,0.0,0.0
MOB1A,0.0,0.0,0.0,1.0,0.0,0.0
MTHFD2,0.0,0.0,0.0,0.0,1.0,0.0
TMSB10,0.28286014795303344,0.11281635761260986,0.2593189001083374,0.2791829824447632,0.0,0.07708449363708496
TGOLN2,0.0,0.0,0.0,1.0,0.0,0.0
MAT2A,0.0,0.0,0.0,1.0,0.0,0.0
VAMP8,0.0,0.0,0.0,1.0,0.0,0.0
GNLY,0.0,0.0,1.0,0.0,0.0,0.0
DUSP2,0.0,0.0,0.8536482810974121,0.8,0.0,0.0
COX5B,0.0,0.609111213684082,0.0,0.6,0.7674082756042481,0.0
RPL31,0.0,0.6,0.7122865438461303,0.6608777284622193,0.0,0.0
RNF149,0.0,0.0,0.0,1.0,0.0,0.0
LIMS1,0.0,0.0,0.0,1.0,0.0,0.0
IL1B,0.0,0.0,0.0,1.0,0.0,0.0
ACTR3,0.0,0.0,0.8,0.8025775909423828,0.0,0.0
DBI,0.0,0.6708603858947754,0.6640933394432068,0.6,0.0,0.0
MZT2B,0.0,1.0,0.0,0.0,0.0,0.0
UBXN4,0.0,1.0,0.0,0.0,0.0,0.0
CXCR4,0.0,0.0,0.9408134460449219,0.8,0.0,0.0
KYNU,0.0,0.0,0.0,1.0,0.0,0.0
ZEB2,0.0,0.0,0.0,1.0,0.0,0.0
PRPF40A,0.0,0.0,0.0,1.0,0.0,0.0
NR4A2,0.0,0.0,0.8,0.809152340888977,0.0,0.0
CYTIP,0.0,0.0,0.8709535956382751,0.8,0.0,0.0
CD302,0.0,0.0,0.0,1.0,0.0,0.0
RBMS1,0.0,1.0,0.0,0.0,0.0,0.0
TANK,0.0,0.0,0.0,1.0,0.0,0.0
GCA,0.0,0.0,0.0,1.0,0.0,0.0
SCN7A,0.0,1.0,0.0,0.0,0.0,0.0
SSB,0.0,1.0,0.0,0.0,0.0,0.0
CYBRD1,0.0,1.0,0.0,0.0,0.0,0.0
MAP3K20,0.0,0.0,0.0,0.0,1.0,0.0
ATP5MC3,0.0,0.6177765607833863,0.0,0.6,0.7417433261871338,0.0
HNRNPA3,0.0,0.45480945110321047,0.5653294682502746,0.4951999306678772,0.4,0.0
NFE2L2,0.0,0.8,0.0,0.831030547618866,0.0,0.0
TFPI,0.0,1.0,0.0,0.0,0.0,0.0
COL3A1,0.0,1.0,0.0,0.0,0.0,0.0
GLS,0.0,0.0,0.0,1.0,0.0,0.0
NABP1,0.0,0.0,0.0,1.0,0.0,0.0
CAVIN2,1.0,0.0,0.0,0.0,0.0,0.0
STK17B,0.0,0.0,0.0,1.0,0.0,0.0
SF3B1,0.0,0.8,0.0,0.845987069606781,0.0,0.0
HSPD1,0.0,0.0,0.0,1.0,0.0,0.0
HSPE1,0.0,0.0,0.8372057914733887,0.8,0.0,0.0
BZW1,0.0,0.6328156352043152,0.7088454127311706,0.6,0.0,0.0
CLK1,0.0,0.0,0.0,1.0,0.0,0.0
CFLAR,0.0,0.0,0.0,1.0,0.0,0.0
EEF1B2,0.0,0.4303175568580627,0.6242150783538818,0.5657140731811523,0.4,0.0
FN1,0.0,1.0,0.0,0.0,0.0,0.0
XRCC5,0.0,0.0,0.0,1.0,0.0,0.0
RPL37A,0.2134844422340393,0.2,0.31774131059646604,0.2688554525375366,0.2354675054550171,0.0
IGFBP5,0.0,0.0,0.0,0.0,1.0,0.0
ARPC2,0.0,0.4216247916221619,0.6226479172706604,0.5806272745132446,0.4,0.0
SERPINE2,0.0,1.0,0.0,0.0,0.0,0.0
NCL,0.0,0.6,0.7679754972457886,0.6569740414619446,0.0,0.0
PTMA,0.05144654512405396,0.0,0.1788865804672241,0.10379010438919067,0.08784456253051758,0.02279907464981079
EFHD1,0.0,0.0,0.0,0.0,1.0,0.0
ARL4C,0.0,0.0,1.0,0.0,0.0,0.0
ACKR3,0.0,1.0,0.0,0.0,0.0,0.0
COL6A3,0.0,1.0,0.0,0.0,0.0,0.0
LRRFIP1,0.0,0.0,0.0,1.0,0.0,0.0
SEPTIN2,0.0,0.8731989026069641,0.0,0.8,0.0,0.0
ARPC4,0.0,0.0,0.0,1.0,0.0,0.0
BRK1,0.0,0.8227039575576782,0.0,0.8,0.0,0.0
RPL32,0.054449045658111574,0.02922837734222412,0.21507279872894286,0.15183508396148682,0.03156601190567017,0.0
FBLN2,0.0,1.0,0.0,0.0,0.0,0.0
RPL15,0.2,0.20859158039093018,0.30356721878051757,0.2853449463844299,0.2224871039390564,0.0
RBMS3,0.0,1.0,0.0,0.0,0.0,0.0
CMTM6,0.0,0.0,0.0,1.0,0.0,0.0
CSRNP1,0.0,0.0,0.0,1.0,0.0,0.0
RPSA,0.2069699764251709,0.24421970844268798,0.47296069860458373,0.2699970602989197,0.2,0.0
EIF1B,0.0,0.0,0.0,1.0,0.0,0.0
RPL14,0.2,0.21286271810531615,0.38086519241333006,0.2687503695487976,0.2450299382209778,0.0
CTNNB1,0.0,0.0,0.0,1.0,0.0,0.0
NKTR,1.0,0.0,0.0,0.0,0.0,0.0
ABHD5,0.0,0.0,0.0,1.0,0.0,0.0
TMA7,0.0,0.4498253583908081,0.6000205755233765,0.4488551616668701,0.4,0.0
RHOA,0.21967118978500366,0.296134352684021,0.2,0.3159983277320862,0.20647695064544677,0.0
GNAI2,0.5212676167488098,0.4,0.46240217685699464,0.5550449967384339,0.0,0.0
HYAL2,1.0,0.0,0.0,0.0,0.0,0.0
RPL29,0.2092111349105835,0.2,0.3243465542793274,0.29027022123336793,0.20749115943908691,0.0
SPCS1,0.0,0.6808873414993286,0.0,0.6,0.6269498586654663,0.0
MUSTN1,0.0,0.0,0.0,0.0,1.0,0.0
TKT,0.0,0.0,0.0,1.0,0.0,0.0
SELENOK,0.0,0.0,0.8496540188789368,0.8,0.0,0.0
ARF4,0.0,0.9057218432426453,0.0,0.8,0.0,0.0
ARL6IP5,0.0,0.7106530427932739,0.6503030776977539,0.6,0.0,0.0
FOXP1,0.0,0.0,0.0,1.0,0.0,0.0
COL8A1,0.0,1.0,0.0,0.0,0.0,0.0
FILIP1L,0.0,0.0,0.0,0.0,1.0,0.0
ABI3BP,0.0,1.0,0.0,0.0,0.0,0.0
RPL24,0.2,0.20474987030029296,0.30590081214904785,0.22030537128448485,0.20264989137649536,0.0
NFKBIZ,0.0,0.0,0.0,1.0,0.0,0.0
CD47,0.0,0.0,0.8988672494888306,0.8,0.0,0.0
ATG3,0.0,0.0,0.0,1.0,0.0,0.0
CCDC80,0.0,1.0,0.0,0.0,0.0,0.0
ZBTB20,0.0,1.0,0.0,0.0,0.0,0.0
FSTL1,0.0,1.0,0.0,0.0,0.0,0.0
NDUFB4,0.0,1.0,0.0,0.0,0.0,0.0
HCLS1,0.0,0.0,0.0,1.0,0.0,0.0
CD86,0.0,0.0,0.0,1.0,0.0,0.0
RAB7A,0.0,0.0,0.0,1.0,0.0,0.0
CNBP,0.0,0.504226553440094,0.43362079858779906,0.4,0.5363399028778076,0.0
CDV3,0.0,0.0,0.0,1.0,0.0,0.0
ATP1B3,0.0,0.0,0.8,0.8416845917701721,0.0,0.0
PCOLCE2,0.0,1.0,0.0,0.0,0.0,0.0
TM4SF1,0.9278477787971496,0.8,0.0,0.0,0.0,0.0
RNF13,0.0,0.0,0.0,1.0,0.0,0.0
SERP1,0.0,0.0,0.8,0.8499218702316285,0.0,0.0
MBNL1,0.0,0.8,0.0,0.8775754332542419,0.0,0.0
SSR3,0.0,0.0,0.0,1.0,0.0,0.0
CCNL1,0.0,0.0,0.0,1.0,0.0,0.0
MFSD1,0.0,0.0,0.0,1.0,0.0,0.0
GOLIM4,0.0,1.0,0.0,0.0,0.0,0.0
SEC62,0.5379929423332215,0.6313140273094178,0.0,0.4,0.4250068664550781,0.0
SKIL,0.0,0.0,0.0,1.0,0.0,0.0
AP2M1,0.0,0.0,0.0,1.0,0.0,0.0
TRA2B,0.0,0.0,0.0,1.0,0.0,0.0
EIF4A2,0.0,0.48864150047302246,0.4292903900146484,0.4,0.5125126123428345,0.0
LPP,0.0,0.0,0.0,0.0,1.0,0.0
ACAP2,0.0,0.0,0.0,1.0,0.0,0.0
APOD,0.0,1.0,0.0,0.0,0.0,0.0
PAK2,0.0,0.0,0.0,1.0,0.0,0.0
RPL35A,0.2,0.20129984617233276,0.3152011513710022,0.22985767126083373,0.20752133131027223,0.0
ATP5ME,0.0,0.6149696588516236,0.0,0.6,0.6748539805412292,0.0
LRPAP1,0.0,1.0,0.0,0.0,0.0,0.0
MRFAP1,0.0,1.0,0.0,0.0,0.0,0.0
HTRA3,0.0,1.0,0.0,0.0,0.0,0.0
WDR1,0.0,0.0,0.0,1.0,0.0,0.0
FGFBP2,0.0,0.0,1.0,0.0,0.0,0.0
SOD3,0.0,0.8,0.0,0.0,0.8443412065505982,0.0
RBPJ,0.0,0.0,0.0,1.0,0.0,0.0
RPL9,0.03673024177551269,0.03447211980819702,0.15187140703201293,0.09204529523849488,0.05889194011688233,0.0
SMIM14,0.0,1.0,0.0,0.0,0.0,0.0
SHISA3,0.0,1.0,0.0,0.0,0.0,0.0
OCIAD1,0.0,1.0,0.0,0.0,0.0,0.0
PDGFRA,0.0,1.0,0.0,0.0,0.0,0.0
HOPX,0.0,0.0,1.0,0.0,0.0,0.0
IGFBP7,0.0,0.8,0.0,0.0,0.8259745597839355,0.0
CXCL8,0.0,0.0,0.0,0.8,0.0,0.8454382300376893
CXCL3,0.0,0.0,0.0,1.0,0.0,0.0
CXCL2,0.0,0.0,0.0,1.0,0.0,0.0
CCNI,0.0,0.3416853308677673,0.2,0.24733930826187134,0.2729909777641296,0.27539595365524294
HNRNPD,0.0,0.0,0.0,1.0,0.0,0.0
HNRNPDL,0.0,0.4115145802497864,0.4813967704772949,0.4,0.4204501032829285,0.0
HSD17B11,0.0,0.0,0.0,1.0,0.0,0.0
SPARCL1,0.6,0.6031973600387573,0.0,0.0,0.6265082836151123,0.0
ADH1B,0.0,1.0,0.0,0.0,0.0,0.0
H2AZ1,0.0,0.0,0.7327717542648315,0.6975990653038024,0.6,0.0
EMCN,1.0,0.0,0.0,0.0,0.0,0.0
NFKB1,0.0,0.0,0.0,1.0,0.0,0.0
UBE2D3,0.0,0.4,0.45210579633712766,0.48218326568603515,0.0,0.5873822808265686
TET2,0.0,0.0,0.0,1.0,0.0,0.0
RPL34,0.015336692333221436,0.007242238521575928,0.1715209126472473,0.11710667610168457,0.0,0.018927490711212157
OSTC,0.0,1.0,0.0,0.0,0.0,0.0
ARLN,0.0,0.8239612340927124,0.0,0.8,0.0,0.0
ANXA5,0.0,0.7575395703315735,0.0,0.7068630695343018,0.6,0.0
SPRY1,0.0,1.0,0.0,0.0,0.0,0.0
NDUFC1,0.0,1.0,0.0,0.0,0.0,0.0
RPS3A,0.0,0.012726855278015137,0.20798172950744628,0.15622607469558716,0.029921889305114746,0.00019969940185546876
GUCY1A1,0.0,0.0,0.0,0.0,1.0,0.0
CPE,0.0,0.8,0.0,0.0,0.9389050245285034,0.0
PDLIM3,0.0,1.0,0.0,0.0,0.0,0.0
BASP1,0.0,0.0,0.0,0.8,0.0,0.9157346844673157
SUB1,0.0,0.6,0.7395053386688233,0.628850793838501,0.0,0.0
FYB1,0.0,0.0,0.8,0.8082955002784729,0.0,0.0
RPL37,0.0952604055404663,0.06661392450332641,0.26855566501617434,0.19460794925689698,0.046177899837493895,0.0
C7,0.0,1.0,0.0,0.0,0.0,0.0
SELENOP,0.0,1.0,0.0,0.0,0.0,0.0
GZMA,0.0,0.0,1.0,0.0,0.0,0.0
IL6ST,0.0,1.0,0.0,0.0,0.0,0.0
GPBP1,0.0,0.0,0.0,1.0,0.0,0.0
PIK3R1,0.0,1.0,0.0,0.0,0.0,0.0
MAP1B,0.0,0.8,0.0,0.0,0.8894127011299133,0.0
BTF3,0.2,0.22142959833145143,0.26971681118011476,0.24492956399917604,0.2705332517623901,0.0
NSA2,0.0,0.0,0.0,1.0,0.0,0.0
TBCA,0.0,0.8052312135696411,0.0,0.8,0.0,0.0
ZFYVE16,0.0,0.0,0.0,1.0,0.0,0.0
RPS23,0.21369484663009644,0.20921467542648314,0.3307364583015442,0.29308905601501467,0.2,0.0
VCAN,0.0,1.0,0.0,0.0,0.0,0.0
COX7C,0.0,0.4057419776916504,0.4305008888244629,0.4,0.5062853693962097,0.0
MEF2C,0.0,0.0,0.0,0.8,0.856850802898407,0.0
ENSG00000248323,0.0,0.0,0.0,1.0,0.0,0.0
GLRX,0.0,0.0,0.0,1.0,0.0,0.0
ENSG00000153113,0.0,0.8077172756195068,0.0,0.8,0.0,0.0
CHD1,0.0,0.0,0.0,1.0,0.0,0.0
REEP5,0.0,0.8024803638458252,0.0,0.8,0.0,0.0
SNX2,0.0,0.0,0.0,1.0,0.0,0.0
PPIC,0.0,1.0,0.0,0.0,0.0,0.0
HINT1,0.0,0.43788182735443115,0.5242419242858887,0.4,0.44034533500671386,0.0
IRF1,0.0,0.0,1.0,0.0,0.0,0.0
UQCRQ,0.0,0.808194363117218,0.0,0.8,0.0,0.0
SKP1,0.0,0.47263221740722655,0.44000195264816283,0.4,0.5571923613548279,0.0
UBE2B,0.0,0.8102686762809753,0.0,0.8,0.0,0.0
MACROH2A1,0.0,0.0,0.0,1.0,0.0,0.0
TGFBI,0.0,0.0,0.0,1.0,0.0,0.0
EGR1,0.0,0.0,0.0,1.0,0.0,0.0
ETF1,0.0,0.0,0.0,1.0,0.0,0.0
PAIP2,0.0,0.0,0.0,1.0,0.0,0.0
CD14,0.0,0.0,0.0,1.0,0.0,0.0
NDFIP1,0.0,0.9128671646118164,0.0,0.8,0.0,0.0
ENSG00000249669,0.0,0.0,0.0,0.0,1.0,0.0
CSNK1A1,0.0,0.8,0.0,0.8506471395492554,0.0,0.0
CSF1R,0.0,0.0,0.0,1.0,0.0,0.0
PDGFRB,0.0,0.0,0.0,0.0,1.0,0.0
CD74,0.8,0.0,0.0,0.8309424996376038,0.0,0.0
RPS14,0.2022771120071411,0.2,0.36732985973358157,0.2931950330734253,0.20350949764251708,0.0
SPARC,0.0,0.8,0.0,0.0,0.8415312051773072,0.0
EBF1,0.0,1.0,0.0,0.0,0.0,0.0
LCP2,0.0,0.0,0.0,1.0,0.0,0.0
NPM1,0.0,0.4,0.5763356447219848,0.4322372317314148,0.42283273935317994,0.0
DUSP1,0.6,0.0,0.0,0.6562820553779602,0.0,0.6537149548530579
ATP6V0E1,0.0,0.6082312941551209,0.6052283406257629,0.6,0.0,0.0
HIGD2A,0.0,0.0,0.0,1.0,0.0,0.0
PRELID1,0.0,0.0,0.0,1.0,0.0,0.0
TMED9,0.0,1.0,0.0,0.0,0.0,0.0
HNRNPH1,0.0,0.6,0.6740400791168213,0.6801661968231201,0.0,0.0
CANX,0.0,0.8,0.0,0.8051876664161682,0.0,0.0
SQSTM1,0.0,0.8027515053749085,0.0,0.8,0.0,0.0
RNF130,0.0,0.0,0.0,1.0,0.0,0.0
MGAT1,0.0,0.0,0.0,1.0,0.0,0.0
BTNL9,1.0,0.0,0.0,0.0,0.0,0.0
RACK1,0.2,0.20610458850860597,0.3305100440979004,0.30150628089904785,0.21144205331802368,0.0
SERPINB1,0.0,0.0,0.0,1.0,0.0,0.0
SERPINB9,0.0,0.0,0.0,1.0,0.0,0.0
TMEM14C,0.0,1.0,0.0,0.0,0.0,0.0
PHACTR1,0.0,0.0,0.0,1.0,0.0,0.0
CD83,0.0,0.0,0.0,1.0,0.0,0.0
DEK,0.0,0.0,0.0,1.0,0.0,0.0
C6orf62,0.0,0.0,0.0,1.0,0.0,0.0
HLA-F,0.0,0.0,1.0,0.0,0.0,0.0
HLA-A,0.3136799693107605,0.08071402311325074,0.3657025933265686,0.1684190034866333,0.0,0.154654061794281
HLA-E,0.4677270889282227,0.2,0.3743368864059448,0.2745847344398499,0.0,0.3024503469467163
PPP1R10,0.0,0.0,0.0,1.0,0.0,0.0
TUBB,0.0,0.9188781023025513,0.0,0.8,0.0,0.0
IER3,0.0,0.0,0.0,1.0,0.0,0.0
HLA-C,0.48566880226135256,0.24845730066299437,0.5477035760879516,0.3890399694442749,0.2,0.0
HLA-B,0.2950043439865112,0.0,0.31662880182266234,0.2073744535446167,0.0066506385803222655,0.16080188751220703
LST1,0.0,0.0,0.0,1.0,0.0,0.0
AIF1,0.0,0.0,0.0,1.0,0.0,0.0
DDAH2,0.0,1.0,0.0,0.0,0.0,0.0
CLIC1,0.0,0.46841270923614503,0.5384299874305725,0.5130520939826966,0.4,0.0
HSPA1A,0.0,0.0,0.0,1.0,0.0,0.0
HSPA1B,0.0,0.0,0.0,1.0,0.0,0.0
TNXB,0.0,1.0,0.0,0.0,0.0,0.0
GPSM3,0.0,0.0,0.8227955341339112,0.8,0.0,0.0
HLA-DRA,0.8,0.0,0.0,0.9172292709350586,0.0,0.0
HLA-DRB5,0.0,0.0,0.0,1.0,0.0,0.0
HLA-DRB1,0.8,0.0,0.0,0.858198618888855,0.0,0.0
HLA-DQA1,0.0,0.0,0.0,1.0,0.0,0.0
HLA-DQB1,0.0,0.0,0.0,1.0,0.0,0.0
HLA-DMB,0.0,0.0,0.0,1.0,0.0,0.0
HLA-DMA,0.0,0.0,0.0,1.0,0.0,0.0
BRD2,0.0,0.0,0.8500395774841308,0.8,0.0,0.0
HLA-DPA1,0.8,0.0,0.0,0.9288067698478699,0.0,0.0
HLA-DPB1,0.0,0.0,0.0,1.0,0.0,0.0
RPS18,0.21929991245269775,0.2,0.36980940103530885,0.2884501338005066,0.20459215641021727,0.0
TAPBP,0.0,0.0,0.0,1.0,0.0,0.0
RPS10,0.0,0.4,0.5742514967918396,0.523618507385254,0.4039250373840332,0.0
RPL10A,0.2,0.2366975426673889,0.3626347780227661,0.25518414974212644,0.24218387603759767,0.0
SRSF3,0.0,0.4005559802055359,0.557074248790741,0.5101987957954407,0.4,0.0
CDKN1A,0.0,0.0,0.0,1.0,0.0,0.0
PI16,0.0,1.0,0.0,0.0,0.0,0.0
TOMM6,0.0,0.0,0.0,1.0,0.0,0.0
CNPY3,0.0,0.0,0.0,1.0,0.0,0.0
HSP90AB1,0.21636260747909547,0.2,0.254859471321106,0.29862873554229735,0.21406854391098024,0.0
ADGRF5,1.0,0.0,0.0,0.0,0.0,0.0
DST,0.0,1.0,0.0,0.0,0.0,0.0
OGFRL1,0.0,0.0,0.0,1.0,0.0,0.0
EEF1A1,0.0484140157699585,0.06855721473693847,0.18629112243652343,0.1582971692085266,0.04282501935958862,0.0
COL12A1,0.0,1.0,0.0,0.0,0.0,0.0
COX7A2,0.0,0.4469924092292786,0.42361901998519896,0.4,0.6279291629791259,0.0
HMGN3,0.0,0.0,0.0,1.0,0.0,0.0
ENSG00000203875,0.0,0.0,0.8006117939949036,0.8,0.0,0.0
AKIRIN2,0.0,0.0,0.0,1.0,0.0,0.0
PNRC1,0.0,0.2,0.3212113618850708,0.5037970185279846,0.323033344745636,0.34273055791854856
PNISR,0.0,0.8283251285552978,0.0,0.0,0.8,0.0
SNX3,0.0,0.7182810544967652,0.0,0.6675937175750732,0.6,0.0
CD164,0.0,0.8,0.0,0.8040009498596191,0.0,0.0
AMD1,0.0,0.0,0.0,1.0,0.0,0.0
MARCKS,0.0,0.8,0.0,0.8182861924171447,0.0,0.0
RWDD1,0.0,1.0,0.0,0.0,0.0,0.0
SERINC1,0.0,0.8231249570846557,0.0,0.8,0.0,0.0
LAMA2,0.0,1.0,0.0,0.0,0.0,0.0
EPB41L2,0.0,1.0,0.0,0.0,0.0,0.0
CCN2,0.0,1.0,0.0,0.0,0.0,0.0
RPS12,0.048641085624694824,0.04715508222579956,0.2610376000404358,0.16719120740890503,0.005164539813995362,0.0
TCF21,0.0,1.0,0.0,0.0,0.0,0.0
IFNGR1,0.0,0.0,0.0,1.0,0.0,0.0
TNFAIP3,0.0,0.0,0.0,1.0,0.0,0.0
ABRACL,0.0,0.0,0.0,1.0,0.0,0.0
CITED2,0.0,0.0,0.0,1.0,0.0,0.0
STX11,0.0,0.0,0.0,1.0,0.0,0.0
AKAP12,0.0,1.0,0.0,0.0,0.0,0.0
EZR,0.0,0.0,0.8533852815628051,0.8,0.0,0.0
SOD2,0.0,0.0,0.0,0.8,0.0,0.8097158908843994
WTAP,0.0,0.0,0.0,1.0,0.0,0.0
QKI,0.0,0.0,0.0,1.0,0.0,0.0
RNASET2,0.0,0.0,0.0,1.0,0.0,0.0
SMOC2,0.0,1.0,0.0,0.0,0.0,0.0
PSMB1,0.0,0.6639172315597535,0.0,0.6,0.6554598093032837,0.0
ACTB,0.0,0.030456817150115965,0.08448028564453125,0.12066138982772827,0.09856362342834472,0.12468394041061401
RAC1,0.41527385711669923,0.470385217666626,0.0,0.40894010066986086,0.4,0.0
KDELR2,0.0,1.0,0.0,0.0,0.0,0.0
NDUFA4,0.0,0.45408923625946046,0.4220932722091675,0.4,0.6487707734107971,0.0
TOMM7,0.2,0.2755497097969055,0.38338351249694824,0.2529145121574402,0.2591233134269714,0.0
GPNMB,0.0,1.0,0.0,0.0,0.0,0.0
CYCS,0.0,0.0,0.8246073007583619,0.8,0.0,0.0
HNRNPA2B1,0.012591743469238281,0.0,0.08937611579895019,0.08965504169464111,0.018213820457458497,0.038091087341308595
CBX3,0.0,0.0,0.0,1.0,0.0,0.0
SKAP2,0.0,0.0,0.0,1.0,0.0,0.0
TAX1BP1,0.0,0.0,0.0,1.0,0.0,0.0
CPVL,0.0,0.0,0.0,1.0,0.0,0.0
AQP1,1.0,0.0,0.0,0.0,0.0,0.0
SEPTIN7,0.0,0.5704394817352295,0.4867766976356506,0.4,0.6365369081497192,0.0
SFRP4,0.0,1.0,0.0,0.0,0.0,0.0
PSMA2,0.0,0.0,0.0,1.0,0.0,0.0
PPIA,0.2,0.2616513967514038,0.27038007974624634,0.22744333744049072,0.2816587448120117,0.0
SEC61G,0.0,0.8331929326057435,0.0,0.8,0.0,0.0
CHCHD2,0.0,0.4269416093826294,0.43972679376602175,0.4,0.5033051133155823,0.0
SBDS,0.0,1.0,0.0,0.0,0.0,0.0
ELN,0.0,1.0,0.0,0.0,0.0,0.0
HSPB1,0.6,0.6041610956192016,0.0,0.0,0.6257234215736389,0.0
FGL2,0.0,0.0,0.0,1.0,0.0,0.0
CD36,0.0,0.0,0.0,0.0,1.0,0.0
SRI,0.0,1.0,0.0,0.0,0.0,0.0
FAM133B,0.0,0.0,0.0,1.0,0.0,0.0
GNG11,0.8995867371559143,0.8,0.0,0.0,0.0,0.0
COL1A2,0.0,1.0,0.0,0.0,0.0,0.0
SGCE,0.0,1.0,0.0,0.0,0.0,0.0
SEM1,0.0,0.8530816316604615,0.0,0.8,0.0,0.0
BRI3,0.0,0.8,0.0,0.8533379793167114,0.0,0.0
ARPC1B,0.0,0.0,0.8,0.8402807235717773,0.0,0.0
ATP5MF,0.0,0.0,0.0,1.0,0.0,0.0
LAMTOR4,0.0,0.8,0.0,0.8652921795845032,0.0,0.0
PILRA,0.0,0.0,0.0,1.0,0.0,0.0
PCOLCE,0.0,1.0,0.0,0.0,0.0,0.0
GNB2,0.0,0.0,0.0,1.0,0.0,0.0
FIS1,0.0,1.0,0.0,0.0,0.0,0.0
KMT2E,0.0,0.8718221306800842,0.0,0.8,0.0,0.0
SYPL1,0.0,0.0,0.0,0.0,1.0,0.0
NAMPT,0.0,0.0,0.0,0.8,0.0,0.8501615166664124
LAMB1,0.0,1.0,0.0,0.0,0.0,0.0
CAV2,0.8,0.0,0.0,0.0,0.8111934781074523,0.0
CAV1,0.8491297006607056,0.0,0.0,0.0,0.8,0.0
CAPZA2,0.0,0.0,0.0,1.0,0.0,0.0
FAM3C,0.0,1.0,0.0,0.0,0.0,0.0
CALU,0.0,1.0,0.0,0.0,0.0,0.0
ATP6V1F,0.0,0.0,0.0,1.0,0.0,0.0
LINC-PINT,0.0,0.0,1.0,0.0,0.0,0.0
PODXL,1.0,0.0,0.0,0.0,0.0,0.0
CALD1,0.6,0.7102685928344726,0.0,0.0,0.8081113457679748,0.0
STMP1,0.0,0.0,0.0,1.0,0.0,0.0
MTPN,0.0,0.0,0.0,1.0,0.0,0.0
PTN,0.0,1.0,0.0,0.0,0.0,0.0
TBXAS1,0.0,0.0,0.0,1.0,0.0,0.0
NDUFB2,0.0,0.4,0.44135371446609495,0.45862206220626833,0.5751847743988037,0.0
ENSG00000211751,0.0,0.0,1.0,0.0,0.0,0.0
ENSG00000211772,0.0,0.0,1.0,0.0,0.0,0.0
GSTK1,0.0,0.0,0.0,1.0,0.0,0.0
ZYX,0.0,0.0,0.0,1.0,0.0,0.0
GIMAP7,1.0,0.0,0.0,0.0,0.0,0.0
INSIG1,0.0,0.0,0.0,1.0,0.0,0.0
DNAJB6,0.0,0.0,0.8189838886260986,0.8,0.0,0.0
CTSB,0.0,0.0,0.0,1.0,0.0,0.0
DLC1,0.0,0.0,0.0,0.0,1.0,0.0
PDGFRL,0.0,1.0,0.0,0.0,0.0,0.0
ASAH1,0.0,0.0,0.0,0.811476981639862,0.8,0.0
BNIP3L,0.0,0.9158751487731933,0.0,0.8,0.0,0.0
DPYSL2,0.0,0.8840602040290833,0.0,0.8,0.0,0.0
CLU,0.0,1.0,0.0,0.0,0.0,0.0
SCARA5,0.0,1.0,0.0,0.0,0.0,0.0
SARAF,0.0,0.6,0.736215102672577,0.6504185557365417,0.0,0.0
FGFR1,0.0,1.0,0.0,0.0,0.0,0.0
TACC1,1.0,0.0,0.0,0.0,0.0,0.0
CEBPD,0.0,0.8563761115074158,0.0,0.8,0.0,0.0
LYN,0.0,0.0,0.0,1.0,0.0,0.0
RPS20,0.2,0.210243558883667,0.45176761150360106,0.35637617111206055,0.20888934135437012,0.0
SDCBP,0.0,0.6,0.0,0.6934653997421265,0.0,0.7231596946716309
RAB2A,0.0,1.0,0.0,0.0,0.0,0.0
ENSG00000245910,0.0,0.0,0.8791677355766296,0.8,0.0,0.0
TRAM1,0.0,1.0,0.0,0.0,0.0,0.0
RPL7,0.1151581883430481,0.1520847797393799,0.22674136161804198,0.22688617706298828,0.15449520349502563,0.0
FABP5,0.9230086445808411,0.0,0.0,0.0,0.8,0.0
FABP4,0.0,0.0,0.0,0.0,1.0,0.0
UQCRB,0.0,0.4,0.4590528726577759,0.4649303913116455,0.5182146430015564,0.0
SDC2,0.0,1.0,0.0,0.0,0.0,0.0
CPQ,0.0,1.0,0.0,0.0,0.0,0.0
MTDH,0.0,0.8394444346427917,0.0,0.8,0.0,0.0
MATN2,0.0,1.0,0.0,0.0,0.0,0.0
RPL30,0.019973909854888915,0.0362851619720459,0.21229863166809082,0.10305274724960327,0.011178362369537353,0.0
COX6C,0.0,0.4852948784828186,0.4418347716331482,0.4,0.5680091142654419,0.0
PABPC1,0.0,0.0,0.7124671101570129,0.79523184299469,0.6,0.0
YWHAZ,0.0,0.6,0.7456558227539063,0.7082354068756104,0.0,0.0
ZNF706,0.0,0.8375729918479919,0.0,0.8,0.0,0.0
EIF3E,0.0,0.6260398507118226,0.6,0.6326468229293823,0.0,0.0
ENY2,0.0,0.0,0.0,1.0,0.0,0.0
EIF3H,0.0,0.0,0.0,1.0,0.0,0.0
COL14A1,0.0,1.0,0.0,0.0,0.0,0.0
NDUFB9,0.0,0.0,0.0,0.0,1.0,0.0
CYRIB,0.0,0.0,0.0,1.0,0.0,0.0
LY6E,0.8246901631355286,0.8,0.0,0.0,0.0,0.0
EEF1D,0.2,0.23029569387435914,0.3882251620292664,0.2965750813484192,0.24066678285598755,0.0
VPS28,0.0,0.8060358762741089,0.0,0.8,0.0,0.0
RPL8,0.206553053855896,0.2,0.23810092210769654,0.25624237060546873,0.21015986204147338,0.0
NFIB,0.8,0.8851318836212159,0.0,0.0,0.0,0.0
RPS6,0.2155848741531372,0.2,0.3885963797569275,0.3028876781463623,0.20198867321014405,0.0
C9orf72,0.0,0.0,0.0,1.0,0.0,0.0
DNAJA1,0.0,0.0,0.8,0.8166026711463928,0.0,0.0
UBE2R2,0.0,0.0,0.0,1.0,0.0,0.0
TPM2,0.0,0.0,0.0,0.0,1.0,0.0
TLN1,0.0,0.0,0.0,1.0,0.0,0.0
CLTA,0.0,0.0,0.0,1.0,0.0,0.0
ZFAND5,0.0,0.0,0.0,1.0,0.0,0.0
ANXA1,0.0,0.6,0.6107010245323181,0.6220054030418396,0.0,0.0
OSTF1,0.0,0.0,0.0,1.0,0.0,0.0
GNAQ,0.0,0.0,0.0,1.0,0.0,0.0
TLE4,0.0,0.0,0.0,1.0,0.0,0.0
HNRNPK,0.0,0.4057300925254822,0.40809293985366824,0.4,0.40012421607971194,0.0
GAS1,0.0,1.0,0.0,0.0,0.0,0.0
CTSL,0.0,1.0,0.0,0.0,0.0,0.0
OGN,0.0,1.0,0.0,0.0,0.0,0.0
OMD,0.0,1.0,0.0,0.0,0.0,0.0
ASPN,0.0,1.0,0.0,0.0,0.0,0.0
NINJ1,0.0,0.0,0.0,1.0,0.0,0.0
ANP32B,0.0,0.0,0.0,1.0,0.0,0.0
COL15A1,0.0,1.0,0.0,0.0,0.0,0.0
SEC61B,0.0,0.66197190284729,0.6424728631973267,0.6,0.0,0.0
NR4A3,0.0,0.0,0.0,1.0,0.0,0.0
KLF4,0.0,0.0,0.0,1.0,0.0,0.0
TXN,0.0,0.8694961786270141,0.0,0.8,0.0,0.0
ATP6V1G1,0.0,0.4033605456352234,0.4,0.4162105917930603,0.4541134834289551,0.0
GSN,0.6266768097877502,0.8153112530708313,0.0,0.0,0.6,0.0
STOM,1.0,0.0,0.0,0.0,0.0,0.0
RPL35,0.2,0.20038182735443116,0.34330676794052123,0.26857016086578367,0.2259679913520813,0.0
HSPA5,0.0,0.6422059535980225,0.7291826963424682,0.6,0.0,0.0
RPL12,0.005835318565368652,0.09385592937469482,0.18460142612457275,0.1854560136795044,0.01397407054901123,0.0
ENG,0.9142609357833862,0.8,0.0,0.0,0.0,0.0
SET,0.0,0.0,0.8446471929550171,0.8,0.0,0.0
RPL7A,0.2,0.2070938229560852,0.35595318078994753,0.26022950410842893,0.22194935083389283,0.0
RXRA,0.0,0.0,0.0,1.0,0.0,0.0
FCN1,0.0,0.0,0.0,1.0,0.0,0.0
EGFL7,1.0,0.0,0.0,0.0,0.0,0.0
PHPT1,0.0,1.0,0.0,0.0,0.0,0.0
EDF1,0.0,0.4348664402961731,0.458128821849823,0.4,0.4246469020843506,0.0
NPDC1,0.9078566312789917,0.8,0.0,0.0,0.0,0.0
TUBB4B,0.0,0.0,0.8590850114822388,0.8,0.0,0.0
KLF6,0.0,0.0,0.0,1.0,0.0,0.0
AKR1C1,0.0,1.0,0.0,0.0,0.0,0.0
GDI2,0.0,0.0,0.0,1.0,0.0,0.0
ATP5F1C,0.0,0.0,0.0,1.0,0.0,0.0
CELF2,0.0,0.8208242416381836,0.0,0.8,0.0,0.0
VIM,0.11274725198745728,0.3007678151130676,0.0,0.19744316339492798,0.14128074645996094,0.03776746988296509
ARL5B,0.0,0.0,0.0,1.0,0.0,0.0
PLXDC2,0.0,1.0,0.0,0.0,0.0,0.0
ARHGAP21,0.0,1.0,0.0,0.0,0.0,0.0
YME1L1,0.0,0.0,0.0,1.0,0.0,0.0
WAC,0.0,0.0,0.0,1.0,0.0,0.0
KIF5B,0.0,0.0,0.0,1.0,0.0,0.0
ITGB1,0.46975686550140383,0.5455928325653077,0.0,0.4,0.6683294892311096,0.0
CREM,0.0,0.0,0.9166211366653443,0.8,0.0,0.0
HNRNPF,0.0,0.0,0.8513983249664306,0.8,0.0,0.0
CXCL12,0.0,1.0,0.0,0.0,0.0,0.0
NCOA4,0.0,0.0,0.0,1.0,0.0,0.0
BICC1,0.0,1.0,0.0,0.0,0.0,0.0
JMJD1C,0.0,0.0,0.0,1.0,0.0,0.0
DDX21,0.0,0.0,0.0,1.0,0.0,0.0
SRGN,0.4,0.0,0.4602124929428101,0.5103990077972412,0.0,0.605429744720459
PRF1,0.0,0.0,1.0,0.0,0.0,0.0
VSIR,0.0,0.0,0.0,1.0,0.0,0.0
PSAP,0.0,0.8,0.0,0.8195978403091431,0.0,0.0
ANAPC16,0.0,0.6604299187660218,0.0,0.6,0.7489768028259277,0.0
DDIT4,0.0,0.0,1.0,0.0,0.0,0.0
VDAC2,0.0,0.0,0.0,0.8,0.8540408968925476,0.0
RPS24,0.04783786535263061,0.021040177345275878,0.21461023092269899,0.2305362343788147,0.013147175312042236,0.0
PLAC9,0.0,0.8732860207557678,0.0,0.0,0.8,0.0
GHITM,0.0,0.0,0.0,1.0,0.0,0.0
MMRN2,1.0,0.0,0.0,0.0,0.0,0.0
ADIRF,0.6333027005195617,0.6,0.0,0.0,0.7693209052085876,0.0
ACTA2,0.0,0.0,0.0,0.0,1.0,0.0
PGAM1,0.0,0.0,0.0,1.0,0.0,0.0
NDUFB8,0.0,0.0,0.0,0.8,0.8939483404159546,0.0
ATP5MK,0.0,0.6052351832389832,0.0,0.6,0.7148943901062011,0.0
GSTO1,0.0,0.0,0.0,1.0,0.0,0.0
ADD3,0.0,1.0,0.0,0.0,0.0,0.0
ABLIM1,0.0,1.0,0.0,0.0,0.0,0.0
EIF3A,0.0,0.0,0.0,1.0,0.0,0.0
RGS10,0.0,0.0,0.0,1.0,0.0,0.0
PTPRE,0.0,0.0,0.0,1.0,0.0,0.0
IFITM2,0.3893227815628052,0.20077167749404906,0.28806607723236083,0.2,0.0,0.4780526041984558
IFITM3,0.6289838314056396,0.49471267461776736,0.0,0.4,0.5192757606506347,0.0
RNH1,0.0,0.8488521099090576,0.0,0.8,0.0,0.0
TALDO1,0.0,0.0,0.0,1.0,0.0,0.0
RPLP2,0.07714955806732178,0.027476632595062257,0.27795478105545046,0.18854379653930664,0.002233254909515381,0.0
CD151,0.0,0.8,0.0,0.0,0.8283406734466553,0.0
POLR2L,0.0,0.8695114135742188,0.0,0.8,0.0,0.0
TSPAN4,0.0,1.0,0.0,0.0,0.0,0.0
CTSD,0.0,0.8,0.0,0.8718613862991333,0.0,0.0
LSP1,0.0,0.6,0.6551463007926941,0.6082947134971619,0.0,0.0
CD81,0.4740768790245056,0.568193781375885,0.4,0.0,0.47180306911468506,0.0
CDKN1C,1.0,0.0,0.0,0.0,0.0,0.0
RHOG,0.0,0.0,0.0,1.0,0.0,0.0
CAVIN3,0.0,0.8,0.0,0.0,0.8306132316589355,0.0
ILK,0.0,0.0,0.0,0.0,1.0,0.0
TPP1,0.0,0.0,0.0,1.0,0.0,0.0
EIF3F,0.0,0.0,0.8056766986846924,0.8,0.0,0.0
RPL27A,0.2,0.2016965627670288,0.43508450984954833,0.39650692939758303,0.23549124002456664,0.0
EIF4G2,0.0,0.8,0.0,0.8631859540939331,0.0,0.0
PSMA1,0.0,1.0,0.0,0.0,0.0,0.0
C11orf58,0.0,0.7210491299629211,0.0,0.6,0.6162370562553405,0.0
RPS13,0.0033473849296569826,0.030733823776245117,0.1256345272064209,0.11869465112686158,0.012383317947387696,0.0
NUCB2,0.0,1.0,0.0,0.0,0.0,0.0
LDHA,0.0,0.6541950583457947,0.7139369726181031,0.6,0.0,0.0
RCN1,0.0,1.0,0.0,0.0,0.0,0.0
EIF3M,0.0,0.0,0.0,1.0,0.0,0.0
CD59,0.7084664940834046,0.6002370476722717,0.0,0.0,0.6,0.0
CAT,0.0,0.0,0.0,1.0,0.0,0.0
CD44,0.0,0.0,0.0,1.0,0.0,0.0
C11orf96,0.0,0.0,0.0,0.0,1.0,0.0
SPI1,0.0,0.0,0.0,1.0,0.0,0.0
SERPING1,0.0,1.0,0.0,0.0,0.0,0.0
SELENOH,0.0,0.0,0.0,1.0,0.0,0.0
MPEG1,0.0,0.0,0.0,1.0,0.0,0.0
MS4A6A,0.0,0.0,0.0,1.0,0.0,0.0
MS4A7,0.0,0.0,0.0,1.0,0.0,0.0
TMEM258,0.0,0.8730205416679382,0.0,0.8,0.0,0.0
FTH1,0.0,0.08422726392745972,0.029409408569335938,0.2889026403427124,0.04467543363571167,0.26146682500839236
AHNAK,0.6,0.6940156817436218,0.0,0.6437687158584595,0.0,0.0
EEF1G,0.0,0.44963759183883667,0.5510596394538879,0.5653853178024292,0.4,0.0
UBXN1,0.0,0.0,0.0,1.0,0.0,0.0
PLAAT4,0.0,0.0,1.0,0.0,0.0,0.0
RTN3,0.0,0.0,0.0,1.0,0.0,0.0
COX8A,0.0,0.0,0.0,0.8,0.8352632403373719,0.0
VEGFB,0.0,1.0,0.0,0.0,0.0,0.0
TRMT112,0.0,1.0,0.0,0.0,0.0,0.0
PRDX5,0.0,1.0,0.0,0.0,0.0,0.0
SF1,0.0,0.0,0.0,1.0,0.0,0.0
FAU,0.017690932750701903,0.0,0.16542246341705322,0.1262998104095459,0.05588588714599609,0.007085812091827392
NEAT1,0.11274263858795167,0.0063757658004760746,0.08030524253845214,0.34896657466888426,0.0,0.2916654467582703
MALAT1,0.031384599208831784,0.011311829090118408,0.04434338808059692,0.0,0.04857422113418579,0.03288257122039795
LTBP3,0.0,1.0,0.0,0.0,0.0,0.0
CFL1,0.20719033479690552,0.2,0.45422366857528684,0.37323516607284546,0.28601090908050536,0.0
EFEMP2,0.0,1.0,0.0,0.0,0.0,0.0
CTSW,0.0,0.0,1.0,0.0,0.0,0.0
DRAP1,0.0,0.0,0.0,1.0,0.0,0.0
CTSF,0.0,1.0,0.0,0.0,0.0,0.0
POLD4,0.0,0.0,0.0,1.0,0.0,0.0
PPP1CA,0.0,0.0,0.0,1.0,0.0,0.0
GSTP1,0.4,0.5075713157653808,0.0,0.47234965562820436,0.5259163498878479,0.0
LAMTOR1,0.0,0.0,0.0,1.0,0.0,0.0
SPCS2,0.0,0.8904337644577026,0.0,0.8,0.0,0.0
RPS3,0.2033280611038208,0.2,0.4596260190010071,0.2937725424766541,0.21032800674438476,0.0
NDUFC2,0.0,0.6708522915840149,0.0,0.6,0.670314347743988,0.0
PICALM,0.0,0.0,0.0,1.0,0.0,0.0
CTSC,0.0,0.0,0.8000831484794617,0.8,0.0,0.0
BIRC3,0.0,0.0,0.0,1.0,0.0,0.0
TMEM123,0.0,0.0,0.0,1.0,0.0,0.0
CASP1,0.0,0.0,0.0,1.0,0.0,0.0
CARD16,0.0,0.0,0.0,1.0,0.0,0.0
NNMT,0.0,1.0,0.0,0.0,0.0,0.0
REXO2,0.0,1.0,0.0,0.0,0.0,0.0
TAGLN,0.0,0.8,0.0,0.0,0.8922748565673828,0.0
IL10RA,0.0,0.0,0.0,1.0,0.0,0.0
CD3D,0.0,0.0,1.0,0.0,0.0,0.0
ATP5MG,0.0,0.4,0.4853772521018982,0.46124197244644166,0.4721298813819885,0.0
RPS25,0.21662160158157348,0.2,0.36219522953033445,0.23469109535217286,0.2239003896713257,0.0
MCAM,0.0,0.0,0.0,0.0,1.0,0.0
OAF,0.0,1.0,0.0,0.0,0.0,0.0
HSPA8,0.2,0.22842856645584106,0.5664072513580323,0.4423109292984009,0.2100677728652954,0.0
ESAM,1.0,0.0,0.0,0.0,0.0,0.0
FEZ1,0.0,1.0,0.0,0.0,0.0,0.0
APLP2,0.0,0.8,0.0,0.8520559191703796,0.0,0.0
VWF,1.0,0.0,0.0,0.0,0.0,0.0
CD9,0.7038080811500549,0.6,0.0,0.0,0.6541286945343018,0.0
GAPDH,0.2,0.22496567964553832,0.2532182812690735,0.2619791984558105,0.3649730682373047,0.0
PTMS,0.0,0.8,0.0,0.0,0.8138193607330322,0.0
TPI1,0.0,0.4,0.4407464027404785,0.48002811670303347,0.504974114894867,0.0
C12orf57,0.0,0.8,0.0,0.0,0.8158862948417663,0.0
C1S,0.0,1.0,0.0,0.0,0.0,0.0
C1R,0.0,1.0,0.0,0.0,0.0,0.0
MFAP5,0.0,1.0,0.0,0.0,0.0,0.0
M6PR,0.0,0.0,0.0,1.0,0.0,0.0
A2M,0.872248899936676,0.0,0.0,0.0,0.8,0.0
CD69,0.0,0.0,1.0,0.0,0.0,0.0
CLEC2B,0.0,0.0,0.0,1.0,0.0,0.0
CLEC12A,0.0,0.0,0.0,1.0,0.0,0.0
CLEC7A,0.0,0.0,0.0,1.0,0.0,0.0
KLRD1,0.0,0.0,1.0,0.0,0.0,0.0
YBX3,0.0,0.679180634021759,0.0,0.6183414697647095,0.6,0.0
EMP1,0.0,1.0,0.0,0.0,0.0,0.0
MGP,0.621104609966278,0.8358317375183105,0.0,0.0,0.6,0.0
ARHGDIB,0.0,0.0,0.8445083975791932,0.8,0.0,0.0
EPS8,0.0,0.0,0.0,0.0,1.0,0.0
MGST1,0.0,1.0,0.0,0.0,0.0,0.0
LDHB,0.0,0.0,0.0,0.0,1.0,0.0
SSPN,0.0,1.0,0.0,0.0,0.0,0.0
PPFIBP1,0.0,1.0,0.0,0.0,0.0,0.0
SCAF11,0.0,0.0,0.0,1.0,0.0,0.0
SLC38A2,0.0,0.0,0.0,1.0,0.0,0.0
PCED1B-AS1,0.0,0.0,1.0,0.0,0.0,0.0
TUBA1B,0.2663110852241516,0.3545881986618042,0.21214088201522827,0.2,0.2986096739768982,0.0
TUBA1A,0.0,0.7682650804519653,0.0,0.6,0.6918347120285034,0.0
TMBIM6,0.23465776443481445,0.29592558145523074,0.23694552183151246,0.2794501781463623,0.2,0.0
LIMA1,0.0,1.0,0.0,0.0,0.0,0.0
DAZAP2,0.0,0.0,0.0,1.0,0.0,0.0
BIN2,0.0,0.0,1.0,0.0,0.0,0.0
NR4A1,0.0,0.0,0.0,1.0,0.0,0.0
EIF4B,0.0,0.0,0.0,1.0,0.0,0.0
IGFBP6,0.0,1.0,0.0,0.0,0.0,0.0
PFDN5,0.2,0.21819896697998048,0.3813584685325623,0.43390188217163084,0.2588874340057373,0.0
PRR13,0.0,0.0,0.0,1.0,0.0,0.0
PCBP2,0.0,0.0,0.0,1.0,0.0,0.0
ATP5MC2,0.0,0.4,0.4862293839454651,0.5285318732261658,0.5049655675888062,0.0
HNRNPA1,0.0,0.4,0.5802321434020996,0.4903192639350891,0.41331392526626587,0.0
BLOC1S1,0.0,0.0,0.0,1.0,0.0,0.0
CD63,0.33830617666244506,0.5374821782112121,0.2,0.23160690069198608,0.41003278493881223,0.0
RPS26,0.23129467964172362,0.2,0.39122719764709474,0.2514999032020569,0.2023594856262207,0.0
RPL41,0.015741705894470215,0.033307898044586184,0.21979535818099977,0.12983943223953248,0.060849440097808835,0.0
MYL6,0.0022701263427734376,0.0,0.05071645975112915,0.08131632804870606,0.2671022415161133,0.0029840946197509767
ATP5F1B,0.0,0.0,0.0,0.8,0.8657298445701599,0.0
PTGES3,0.0,0.4394076943397522,0.4527150273323059,0.41661391258239744,0.4,0.0
NACA,0.20547232627868653,0.2,0.31751337051391604,0.2965696334838867,0.2362550139427185,0.0
LRP1,0.0,1.0,0.0,0.0,0.0,0.0
NDUFA4L2,0.0,0.8,0.0,0.0,0.9348660707473755,0.0
TMBIM4,0.0,0.8511546850204468,0.0,0.8,0.0,0.0
IRAK3,0.0,0.0,0.0,1.0,0.0,0.0
RAP1B,0.0,0.6,0.7217592000961304,0.6293636679649353,0.0,0.0
LYZ,0.0,0.0,0.0,1.0,0.0,0.0
PTPRB,1.0,0.0,0.0,0.0,0.0,0.0
RAB21,0.0,0.0,0.0,1.0,0.0,0.0
GLIPR1,0.0,0.0,0.0,1.0,0.0,0.0
NAP1L1,0.0,0.8,0.0,0.8863104224205017,0.0,0.0
PPP1R12A,0.0,0.0,0.0,0.0,1.0,0.0
ATP2B1,0.0,0.0,0.0,1.0,0.0,0.0
LUM,0.0,1.0,0.0,0.0,0.0,0.0
DCN,0.0,1.0,0.0,0.0,0.0,0.0
BTG1,0.0,0.0,0.522441565990448,0.4344051480293274,0.4,0.49882055521011354
LTA4H,0.0,0.0,0.0,1.0,0.0,0.0
SLC25A3,0.0,0.4,0.4093260884284973,0.44193639755249026,0.49469194412231443,0.0
HSP90B1,0.0,0.8061426877975464,0.0,0.639014208316803,0.6,0.0
ISCU,0.0,1.0,0.0,0.0,0.0,0.0
ARPC3,0.0,0.6,0.6813889384269715,0.7478385090827941,0.0,0.0
VPS29,0.0,0.0,0.0,1.0,0.0,0.0
SH2B3,0.0,0.0,0.0,1.0,0.0,0.0
ERP29,0.0,0.0,0.0,1.0,0.0,0.0
RPL6,0.2,0.21622363328933716,0.37940374612808225,0.2835640788078308,0.23017209768295288,0.0
PEBP1,0.0,0.8229509711265564,0.0,0.0,0.8,0.0
TAOK3,0.0,0.0,0.0,1.0,0.0,0.0
RPLP0,0.2,0.2804186701774597,0.3687753677368164,0.331089186668396,0.23886009454727172,0.0
COX6A1,0.0,0.4104828119277954,0.45404372215270994,0.4,0.6351005673408509,0.0
SRSF9,0.0,0.0,0.0,1.0,0.0,0.0
DYNLL1,0.2,0.3411600589752197,0.38247028589248655,0.25646352767944336,0.2991233468055725,0.0
ARL6IP4,0.0,0.8,0.0,0.8188138484954834,0.0,0.0
CDK2AP1,0.0,1.0,0.0,0.0,0.0,0.0
RILPL2,0.0,0.0,0.0,1.0,0.0,0.0
UBC,0.04184945821762085,0.05839204788208008,0.11261577606201172,0.1445345997810364,0.05329229831695557,0.0
RAN,0.0,0.6366403460502624,0.7282243609428406,0.6,0.0,0.0
MPHOSPH8,0.0,1.0,0.0,0.0,0.0,0.0
SAP18,0.0,0.4,0.5041865468025207,0.42634655237197877,0.410437798500061,0.0
RPL21,0.03921034336090088,0.044172048568725586,0.23403440713882445,0.1625619888305664,0.06494907140731812,0.0
POLR1D,0.0,0.0,0.0,1.0,0.0,0.0
FLT1,1.0,0.0,0.0,0.0,0.0,0.0
POMP,0.0,0.0,0.0,0.8318883895874023,0.8,0.0
HMGB1,0.08130254745483398,0.06916460990905762,0.022496211528778075,0.0,0.11465656757354736,0.06464638710021972
ALOX5AP,0.0,0.0,0.0,0.0,0.0,1.0
HSPH1,0.0,0.0,0.0,1.0,0.0,0.0
N4BP2L2,0.4035636425018311,0.309147047996521,0.26418683528900144,0.2,0.3020942211151123,0.0
LHFPL6,0.0,0.8,0.0,0.0,0.8365875840187073,0.0
ELF1,0.0,0.0,0.0,1.0,0.0,0.0
TSC22D1,0.0,0.0,0.0,0.0,1.0,0.0
TPT1,0.023588788509368897,0.007568442821502685,0.1446679949760437,0.18331303596496581,0.0,0.02782493829727173
LCP1,0.0,0.0,0.6826744437217712,0.7220836043357849,0.0,0.6
ESD,0.0,0.8599651217460632,0.0,0.0,0.8,0.0
ITM2B,0.08742659091949463,0.28899178504943845,0.0,0.040588104724884035,0.04947288036346435,0.22083228826522827
INTS6,0.0,0.0,0.0,1.0,0.0,0.0
PCDH9,0.0,1.0,0.0,0.0,0.0,0.0
COMMD6,0.0,0.46150004863739014,0.556709349155426,0.4683551549911499,0.4,0.0
KCTD12,0.0,0.0,0.0,1.0,0.0,0.0
ARGLU1,0.8608735918998718,0.8,0.0,0.0,0.0,0.0
TNFSF13B,0.0,0.0,0.0,1.0,0.0,0.0
LAMP1,0.0,0.8683317542076111,0.0,0.8,0.0,0.0
PNP,0.0,0.0,0.0,1.0,0.0,0.0
RNASE4,0.0,1.0,0.0,0.0,0.0,0.0
RNASE1,1.0,0.0,0.0,0.0,0.0,0.0
HNRNPC,0.0,0.6,0.6833056569099426,0.7347009897232055,0.0,0.0
ENSG00000277734,0.0,0.0,1.0,0.0,0.0,0.0
DAD1,0.0,1.0,0.0,0.0,0.0,0.0
SLC7A7,0.0,0.0,0.0,1.0,0.0,0.0
PSME1,0.0,0.0,0.8572739362716675,0.8,0.0,0.0
PSME2,0.0,0.0,0.0,1.0,0.0,0.0
NEDD8,0.0,0.8,0.0,0.800641143321991,0.0,0.0
GZMH,0.0,0.0,1.0,0.0,0.0,0.0
GZMB,0.0,0.0,1.0,0.0,0.0,0.0
SNX6,0.0,0.0,0.0,1.0,0.0,0.0
BAZ1A,0.0,0.0,0.0,1.0,0.0,0.0
PSMA6,0.0,0.0,0.0,1.0,0.0,0.0
NFKBIA,0.4893660545349121,0.4,0.0,0.6791068315505981,0.0,0.5134388566017151
CLEC14A,1.0,0.0,0.0,0.0,0.0,0.0
RPS29,0.21632953882217407,0.2,0.4916006326675415,0.3525269150733948,0.20967979431152345,0.0
RPL36AL,0.0,0.4,0.5626008033752441,0.4356149911880493,0.4199021100997925,0.0
ARF6,0.0,0.0,1.0,0.0,0.0,0.0
RTRAF,0.0,0.0,0.0,1.0,0.0,0.0
LGALS3,0.6853052377700806,0.7167402386665345,0.0,0.6,0.0,0.0
KTN1,0.6531066417694091,0.4224593997001648,0.0,0.4,0.5810955405235291,0.0
SYNE2,0.8492525219917297,0.0,0.8,0.0,0.0,0.0
CHURC1,0.0,0.6967459678649902,0.0,0.6,0.6636460304260254,0.0
ZFP36L1,0.2,0.2826037883758545,0.0,0.480942702293396,0.24779692888259888,0.4237612962722778
ERH,0.0,0.8935351729393005,0.0,0.8,0.0,0.0
SRSF5,0.0,0.6261114001274108,0.0,0.6,0.6606080770492554,0.0
RBM25,0.0,0.0,0.8521932482719421,0.8,0.0,0.0
NPC2,0.0,0.8,0.0,0.8834803223609924,0.0,0.0
TMED10,0.0,1.0,0.0,0.0,0.0,0.0
FOS,0.0,0.0,0.0,0.8,0.0,0.8433943510055542
GPR65,0.0,0.0,1.0,0.0,0.0,0.0
CALM1,0.23161970376968383,0.08506189584732056,0.2699516534805298,0.0,0.01793898344039917,0.041922223567962644
FBLN5,0.0,1.0,0.0,0.0,0.0,0.0
NDUFB1,0.0,0.0,0.0,1.0,0.0,0.0
DDX24,0.0,0.0,1.0,0.0,0.0,0.0
IFI27,1.0,0.0,0.0,0.0,0.0,0.0
SERPINA1,0.0,0.0,0.0,1.0,0.0,0.0
PAPOLA,0.0,0.0,0.0,1.0,0.0,0.0
EVL,0.0,0.0,1.0,0.0,0.0,0.0
MEG3,0.0,1.0,0.0,0.0,0.0,0.0
PPP2R5C,0.0,0.0,1.0,0.0,0.0,0.0
DYNC1H1,0.0,0.0,0.0,1.0,0.0,0.0
HSP90AA1,0.0,0.006805920600891113,0.17051138877868652,0.24003077745437623,0.019685649871826173,0.013918530941009522
TNFAIP2,0.0,0.0,0.0,1.0,0.0,0.0
EIF5,0.0,0.8388003230094909,0.0,0.8,0.0,0.0
ATP5MJ,0.0,0.6222869873046875,0.0,0.6831535458564758,0.6,0.0
CRIP2,0.7255539059638977,0.6,0.0,0.0,0.6839073419570922,0.0
CRIP1,0.0,0.4,0.4320840835571289,0.4820170521736145,0.5766302227973938,0.0
NOP10,0.0,0.0,0.0,1.0,0.0,0.0
SRP14,0.3132971405982971,0.27061599493026733,0.23235876560211183,0.2,0.2859946846961975,0.0
PDIA3,0.0,0.7404073119163513,0.6625171065330505,0.6,0.0,0.0
SERF2,0.20575748682022094,0.2802386164665222,0.23096710443496704,0.25771317481994627,0.2,0.0
B2M,0.1788762092590332,0.01739763021469116,0.22678773403167723,0.1186560034751892,0.0,0.15193674564361573
DUT,0.0,1.0,0.0,0.0,0.0,0.0
FBN1,0.0,1.0,0.0,0.0,0.0,0.0
EID1,0.0,0.7614360690116883,0.0,0.6,0.7129325985908508,0.0
RSL24D1,0.0,0.0,0.0,1.0,0.0,0.0
CCPG1,0.0,1.0,0.0,0.0,0.0,0.0
ANXA2,0.6035459637641907,0.7212944388389587,0.0,0.6,0.0,0.0
VPS13C,0.0,0.0,0.0,1.0,0.0,0.0
TPM1,0.0,0.8,0.0,0.0,0.9232487678527832,0.0
RPS27L,0.0,0.7169887065887451,0.0,0.6,0.6918990850448609,0.0
PPIB,0.0,0.745224905014038,0.6760907888412475,0.6,0.0,0.0
RPL4,0.0,0.41560786962509155,0.5708201169967652,0.5502967953681945,0.4,0.0
RPLP1,0.015728509426116942,0.0246820330619812,0.18958072662353515,0.1449867844581604,0.01951824426651001,0.0
PKM,0.0,0.8,0.0,0.8169270157814026,0.0,0.0
COX5A,0.0,0.0,0.0,1.0,0.0,0.0
PSMA4,0.0,0.0,0.0,1.0,0.0,0.0
MORF4L1,0.0,0.5168050289154053,0.4113750696182251,0.4,0.45768537521362307,0.0
CTSH,0.0,0.0,0.0,1.0,0.0,0.0
BCL2A1,0.0,0.0,0.0,1.0,0.0,0.0
RPS17,0.0,0.6,0.6447017669677735,0.6990264177322387,0.0,0.0
SEC11A,0.0,0.8,0.0,0.8500347018241883,0.0,0.0
AKAP13,0.0,0.8,0.0,0.8545079350471496,0.0,0.0
MFGE8,0.0,0.8,0.0,0.0,0.8533687710762023,0.0
CIB1,0.0,0.0,0.0,1.0,0.0,0.0
IQGAP1,0.0,0.0,0.0,1.0,0.0,0.0
ENSG00000272888,0.0,0.0,0.0,1.0,0.0,0.0
NR2F2,0.0,0.0,0.0,0.0,1.0,0.0
SELENOS,0.0,1.0,0.0,0.0,0.0,0.0
NDUFB10,0.0,0.0,0.0,0.0,1.0,0.0
RPS2,0.2113262891769409,0.22986481189727784,0.41855924129486083,0.3762138843536377,0.2,0.0
NHERF2,1.0,0.0,0.0,0.0,0.0,0.0
ATP6V0C,0.0,0.6,0.6729984760284424,0.7897359371185303,0.0,0.0
SRRM2,0.0,0.5073504567146301,0.4,0.42528730630874634,0.43370944261550903,0.0
ELOB,0.0,0.452086865901947,0.4,0.4208053708076477,0.4792523503303528,0.0
IL32,0.0,0.8,0.9412504076957703,0.0,0.0,0.0
EMP2,0.8,0.8471542239189148,0.0,0.0,0.0,0.0
LITAF,0.0,0.4,0.5401147961616516,0.43698844909667967,0.0,0.657327401638031
RPS15A,0.05477724075317383,0.023249924182891846,0.29081134796142577,0.1608663558959961,0.009549403190612793,0.0
ARL6IP1,0.0,0.0,0.0,1.0,0.0,0.0
IGSF6,0.0,0.0,0.0,1.0,0.0,0.0
NUPR1,0.0,1.0,0.0,0.0,0.0,0.0
YPEL3,0.0,1.0,0.0,0.0,0.0,0.0
CORO1A,0.0,0.0,0.8460675239562988,0.8,0.0,0.0
VKORC1,0.0,1.0,0.0,0.0,0.0,0.0
FUS,0.0,0.4,0.5541318416595459,0.4688928246498108,0.4449900507926941,0.0
PYCARD,0.0,0.0,0.0,1.0,0.0,0.0
CHD9,0.0,1.0,0.0,0.0,0.0,0.0
MMP2,0.0,1.0,0.0,0.0,0.0,0.0
MT2A,0.0,0.0,0.0,0.0,1.0,0.0
HERPUD1,0.0,0.6,0.6231804728507996,0.6964013695716857,0.0,0.0
CDH5,1.0,0.0,0.0,0.0,0.0,0.0
CKLF,0.0,0.0,0.0,1.0,0.0,0.0
ATP6V0D1,0.0,0.0,0.0,1.0,0.0,0.0
GLG1,0.0,1.0,0.0,0.0,0.0,0.0
GABARAPL2,0.0,0.9113859534263611,0.0,0.8,0.0,0.0
PLCG2,0.8,0.81888747215271,0.0,0.0,0.0,0.0
HSBP1,0.0,0.8337661862373352,0.0,0.8,0.0,0.0
COTL1,0.0,0.0,0.0,1.0,0.0,0.0
COX4I1,0.0,0.4,0.4445865750312805,0.47113091945648194,0.4609955191612244,0.0
MAP1LC3B,0.0,0.0,0.0,1.0,0.0,0.0
CYBA,0.0,0.6,0.7430944681167603,0.7545737624168396,0.0,0.0
APRT,0.0,0.0,0.0,1.0,0.0,0.0
RPL13,0.05357868671417236,0.06091439723968506,0.24840357303619384,0.17660351991653442,0.04310023784637451,0.0
TCF25,0.0,0.8199608206748963,0.0,0.8,0.0,0.0
YWHAE,0.0,0.8208196878433227,0.0,0.8,0.0,0.0
SLC43A2,0.0,0.0,0.0,1.0,0.0,0.0
SERPINF1,0.0,1.0,0.0,0.0,0.0,0.0
ARRB2,0.0,0.0,0.0,1.0,0.0,0.0
CXCL16,0.0,0.0,0.0,1.0,0.0,0.0
PFN1,0.2,0.27888277769088743,0.5603520393371582,0.4452787160873413,0.36880695819854736,0.0
RNASEK,0.0,0.4,0.4512373924255371,0.5719257593154907,0.4261585474014282,0.0
GABARAP,0.0,0.4227174401283264,0.0,0.5390486478805542,0.41834133863449097,0.4
EIF5A,0.0,0.8,0.0,0.8289630055427551,0.0,0.0
EIF4A1,0.2,0.2123077392578125,0.38462128639221194,0.42991445064544676,0.20721428394317626,0.0
CD68,0.0,0.0,0.0,1.0,0.0,0.0
KDM6B,0.0,0.0,0.0,1.0,0.0,0.0
VAMP2,0.0,0.8,0.0,0.0,0.8399791836738586,0.0
RPL26,0.23237935304641724,0.20019103288650514,0.36717634201049804,0.3361638426780701,0.2,0.0
GAS7,0.0,1.0,0.0,0.0,0.0,0.0
PMP22,0.0,1.0,0.0,0.0,0.0,0.0
UBB,0.2,0.2361653447151184,0.31956186294555666,0.22019550800323487,0.2756483793258667,0.0
SNHG29,0.0,0.47873148918151853,0.4104892134666443,0.40647650957107545,0.4,0.0
MFAP4,0.0,1.0,0.0,0.0,0.0,0.0
MAP2K3,0.0,0.0,0.0,1.0,0.0,0.0
WSB1,0.657981562614441,0.6,0.0,0.6699531316757202,0.0,0.0
RPL23A,0.2035326361656189,0.2,0.4296793580055237,0.27693583965301516,0.22178421020507813,0.0
NUFIP2,0.0,0.0,0.0,1.0,0.0,0.0
EVI2B,0.0,0.0,0.0,1.0,0.0,0.0
ZNF207,0.0,0.0,0.0,1.0,0.0,0.0
CCL5,0.0,0.0,1.0,0.0,0.0,0.0
CCL4,0.0,0.0,0.8538338661193847,0.8,0.0,0.0
PSMB3,0.0,0.0,0.0,1.0,0.0,0.0
RPL23,0.0,0.4,0.5229573607444763,0.590257716178894,0.4087709426879883,0.0
PLXDC1,0.0,1.0,0.0,0.0,0.0,0.0
RPL19,0.21634933948516846,0.2,0.3749093174934387,0.27779971361160277,0.21450860500335694,0.0
KRT10,0.0,1.0,0.0,0.0,0.0,0.0
EIF1,0.0,0.005007517337799072,0.15558892488479614,0.15029654502868653,0.0174796462059021,0.05079880952835083
RAB5C,0.0,0.0,0.0,1.0,0.0,0.0
CAVIN1,0.6461977005004883,0.6,0.0,0.0,0.629867148399353,0.0
RAMP2,1.0,0.0,0.0,0.0,0.0,0.0
RPL27,0.2,0.2069648027420044,0.41184827089309695,0.3258169054985046,0.2577021479606628,0.0
GRN,0.0,0.8,0.0,0.8401652574539185,0.0,0.0
HIGD1B,0.0,0.0,0.0,0.0,1.0,0.0
HEXIM1,0.0,0.0,0.0,1.0,0.0,0.0
COL1A1,0.0,1.0,0.0,0.0,0.0,0.0
LUC7L3,0.0,0.7046750068664551,0.0,0.6,0.6194118976593017,0.0
NME2,0.0,0.7011208653450012,0.0,0.6597249388694764,0.6,0.0
SCPEP1,0.0,1.0,0.0,0.0,0.0,0.0
VMP1,0.0,0.0,0.0,1.0,0.0,0.0
TBX2,0.0,0.0,0.0,0.0,1.0,0.0
MRC2,0.0,1.0,0.0,0.0,0.0,0.0
ICAM2,1.0,0.0,0.0,0.0,0.0,0.0
PECAM1,0.9326196670532226,0.0,0.0,0.8,0.0,0.0
DDX5,0.032619130611419675,0.0,0.1335592269897461,0.08811893463134765,0.011280107498168945,0.07687097787857056
PRKAR1A,0.0,0.0,0.0,1.0,0.0,0.0
ABCA8,0.0,1.0,0.0,0.0,0.0,0.0
ABCA6,0.0,1.0,0.0,0.0,0.0,0.0
RPL38,0.21508347988128662,0.2,0.416981041431427,0.36775208711624147,0.2493852972984314,0.0
SUMO2,0.2,0.30072678327560426,0.23178479671478272,0.20051000118255616,0.3463383078575134,0.0
GRB2,0.0,0.0,0.0,1.0,0.0,0.0
H3-3B,0.005450499057769775,0.0,0.08312513828277587,0.048397409915924075,0.046923470497131345,0.17992026805877687
CYGB,0.0,1.0,0.0,0.0,0.0,0.0
MXRA7,0.0,1.0,0.0,0.0,0.0,0.0
SRSF2,0.0,0.0,0.8493870019912719,0.8,0.0,0.0
SOCS3,0.0,0.0,0.0,1.0,0.0,0.0
TIMP2,0.0,0.929275369644165,0.0,0.8,0.0,0.0
LGALS3BP,0.0,1.0,0.0,0.0,0.0,0.0
EIF4A3,0.0,0.0,0.0,1.0,0.0,0.0
ACTG1,0.0,0.07406666278839111,0.059306108951568605,0.03481272459030151,0.06682491302490234,0.04285176992416382
P4HB,0.0,1.0,0.0,0.0,0.0,0.0
ARHGDIA,0.0,0.0,0.0,1.0,0.0,0.0
CD7,0.0,0.0,1.0,0.0,0.0,0.0
METRNL,0.0,0.0,0.0,1.0,0.0,0.0
SMCHD1,0.0,0.0,0.0,1.0,0.0,0.0
MYL12A,0.30429898500442504,0.2,0.4520690321922302,0.2494039297103882,0.20279380083084106,0.0
MYL12B,0.3943644046783447,0.302392578125,0.2617899656295776,0.20578840970993043,0.2,0.0
ANKRD12,0.0,0.0,0.8382838010787964,0.8,0.0,0.0
RAB31,0.0,0.0,0.0,1.0,0.0,0.0
VAPA,0.0,0.8,0.0,0.8556258678436279,0.0,0.0
APCDD1,0.0,1.0,0.0,0.0,0.0,0.0
CHMP1B,0.0,0.0,0.0,1.0,0.0,0.0
ROCK1,0.0,0.0,0.0,0.8,0.8006797313690186,0.0
RPL17,0.2,0.2005612373352051,0.38385696411132814,0.29189621210098265,0.20301311016082763,0.0
MBD2,0.0,0.0,0.0,1.0,0.0,0.0
TCF4,0.6714290142059326,0.6753895998001098,0.0,0.0,0.6,0.0
CDH19,0.0,1.0,0.0,0.0,0.0,0.0
GZMM,0.0,0.0,1.0,0.0,0.0,0.0
BSG,0.0,1.0,0.0,0.0,0.0,0.0
CFD,0.0,0.914950180053711,0.0,0.8,0.0,0.0
GPX4,0.0,0.754326319694519,0.0,0.652450168132782,0.6,0.0
ATP5F1D,0.0,0.6,0.0,0.6557794451713562,0.7366033315658569,0.0
MIDN,0.0,0.0,0.0,1.0,0.0,0.0
CIRBP,0.0,0.4485094785690308,0.4348316192626953,0.4,0.5713587641716004,0.0
RPS15,0.20621261596679688,0.20346603393554688,0.3393049120903015,0.27126680612564086,0.2,0.0
UQCR11,0.0,0.4,0.44913090467453004,0.41751962900161743,0.576481294631958,0.0
ABHD17A,0.0,0.0,1.0,0.0,0.0,0.0
OAZ1,0.0,0.07167171239852906,0.11764358282089234,0.3000133752822876,0.04359105825424194,0.09082574844360351
GADD45B,0.0,0.0,0.0,1.0,0.0,0.0
TLE5,0.0,0.8,0.8777959823608399,0.0,0.0,0.0
NFIC,0.0,1.0,0.0,0.0,0.0,0.0
EEF2,0.0,0.4278071641921997,0.41982169151306153,0.4997411608695984,0.4,0.0
ZBTB7A,0.0,0.0,0.0,1.0,0.0,0.0
MYDGF,0.0,1.0,0.0,0.0,0.0,0.0
RPL36,0.25166499614715576,0.20866010189056397,0.32474308013916015,0.2652848482131958,0.2,0.0
NDUFA11,0.0,0.6608817338943481,0.0,0.6,0.6356932044029235,0.0
PET100,0.0,0.0,0.0,1.0,0.0,0.0
STXBP2,0.0,0.0,0.0,1.0,0.0,0.0
TRAPPC5,0.0,0.0,0.0,1.0,0.0,0.0
RPS28,0.09624769687652587,0.014606618881225586,0.17859170436859131,0.11908406019210815,0.009493255615234375,0.0
HNRNPM,0.0,0.0,0.0,1.0,0.0,0.0
MYO1F,0.0,0.0,0.0,1.0,0.0,0.0
UBL5,0.0,0.424969470500946,0.467905330657959,0.4,0.4096445322036743,0.0
EIF3G,0.0,0.0,0.0,1.0,0.0,0.0
CDC37,0.0,0.0,0.0,1.0,0.0,0.0
WDR83OS,0.0,0.861875593662262,0.0,0.8,0.0,0.0
TRIR,0.0,0.0,0.8518970847129822,0.8,0.0,0.0
JUNB,0.0,0.0,0.7330446600914001,0.7855360746383667,0.0,0.6
PRDX2,0.0,1.0,0.0,0.0,0.0,0.0
CALR,0.0,0.5527454257011414,0.60826575756073,0.46125086545944216,0.4,0.0
NFIX,0.0,1.0,0.0,0.0,0.0,0.0
IER2,0.0,0.0,0.8397111296653748,0.8,0.0,0.0
ENSG00000267519,0.0,0.0,0.0,1.0,0.0,0.0
DNAJB1,0.0,0.0,0.0,1.0,0.0,0.0
NDUFB7,0.0,0.0,0.0,0.0,1.0,0.0
NOTCH3,0.0,0.0,0.0,0.0,1.0,0.0
TPM4,0.0,0.8705450654029846,0.0,0.8,0.0,0.0
KLF2,0.8156906843185425,0.0,0.7113660573959351,0.6,0.0,0.0
BST2,0.9249146461486817,0.0,0.0,0.8,0.0,0.0
PGLS,0.0,0.0,0.0,1.0,0.0,0.0
RPL18A,0.2,0.20825115442276002,0.35315784215927126,0.32747616767883303,0.2008529543876648,0.0
IFI30,0.0,0.0,0.0,1.0,0.0,0.0
JUND,0.0,0.23855767250061036,0.3266763806343079,0.3599440813064575,0.2,0.4259337782859802
ISYNA1,0.0,0.0,0.0,0.0,1.0,0.0
UBA52,0.2112124443054199,0.23036084175109864,0.35013957023620607,0.3633451223373413,0.2,0.0
REX1BD,0.0,1.0,0.0,0.0,0.0,0.0
COPE,0.0,0.0,0.0,1.0,0.0,0.0
NDUFA13,0.0,0.4854228734970093,0.4,0.46032305955886843,0.6223255157470703,0.0
UBA2,0.0,0.0,0.0,0.0,1.0,0.0
FXYD1,0.0,1.0,0.0,0.0,0.0,0.0
FXYD5,0.0,0.0,0.8213436245918274,0.8,0.0,0.0
COX6B1,0.0,0.4,0.42078611850738523,0.4766395092010498,0.5195998549461365,0.0
NFKBID,0.0,0.0,0.0,1.0,0.0,0.0
HCST,0.0,0.0,0.8853772878646851,0.8,0.0,0.0
TYROBP,0.0,0.0,0.0,1.0,0.0,0.0
CAPNS1,0.0,0.0,0.0,1.0,0.0,0.0
COX7A1,0.0,0.0,0.0,0.0,1.0,0.0
PPP1R14A,0.0,0.0,0.0,0.0,1.0,0.0
EIF3K,0.0,0.4,0.46422251462936404,0.4632198095321655,0.4601914048194885,0.0
ACTN4,0.0,0.0,0.0,0.0,1.0,0.0
GMFG,0.0,0.0,0.8,0.8178521037101746,0.0,0.0
ZFP36,0.0,0.0,0.8,0.8627385854721069,0.0,0.0
RPS16,0.20203468799591065,0.2,0.34900975227355957,0.3072359561920166,0.2434311866760254,0.0
PLD3,0.0,1.0,0.0,0.0,0.0,0.0
SERTAD1,0.0,0.0,0.0,1.0,0.0,0.0
BLVRB,0.0,0.0,0.0,1.0,0.0,0.0
LTBP4,0.0,1.0,0.0,0.0,0.0,0.0
TGFB1,0.0,0.0,0.8621223449707032,0.8,0.0,0.0
RPS19,0.23907787799835206,0.2,0.41329820156097413,0.3471181392669678,0.22146623134613036,0.0
RABAC1,0.0,0.8272762656211853,0.0,0.0,0.8,0.0
POU2F2,0.0,0.0,0.0,1.0,0.0,0.0
PLAUR,0.0,0.0,0.0,1.0,0.0,0.0
FOSB,0.0,0.0,0.0,1.0,0.0,0.0
VASP,0.0,0.0,0.0,1.0,0.0,0.0
SNRPD2,0.0,0.8686130285263062,0.0,0.8,0.0,0.0
AP2S1,0.0,0.0,0.0,1.0,0.0,0.0
C5AR1,0.0,0.0,0.0,1.0,0.0,0.0
NOP53,0.0,0.0,0.8229740858078003,0.8,0.0,0.0
SELENOW,0.0,0.8,0.0,0.0,0.8508529186248779,0.0
EMP3,0.0,0.6,0.6588736653327942,0.7071581244468689,0.0,0.0
KDELR1,0.0,1.0,0.0,0.0,0.0,0.0
RPL18,0.21407728195190429,0.2,0.3487980604171753,0.28144015073776246,0.22984272241592407,0.0
PPP1R15A,0.0,0.0,0.0,1.0,0.0,0.0
FTL,0.0,0.14638888835906982,0.03603686094284057,0.38160061836242676,0.007273483276367188,0.14731769561767577
CD37,0.0,0.0,0.8034777998924255,0.8,0.0,0.0
RPL13A,0.2,0.20556055307388305,0.3962777018547058,0.31198724508285525,0.2082759380340576,0.0
RPS11,0.2,0.21078183650970458,0.3083966851234436,0.34735199213027956,0.20422537326812745,0.0
FCGRT,0.0,0.8,0.0,0.8239900231361389,0.0,0.0
RRAS,0.0,0.0,0.0,0.0,1.0,0.0
NKG7,0.0,0.0,1.0,0.0,0.0,0.0
MYADM,0.0,0.6019034743309021,0.0,0.6804791927337647,0.6,0.0
RPS9,0.20435783863067628,0.22602676153182982,0.3189586639404297,0.36282246112823485,0.2,0.0
LILRB2,0.0,0.0,0.0,1.0,0.0,0.0
RPL28,0.03443697690963745,0.01727217435836792,0.2516083598136902,0.21938564777374267,0.0,0.009838604927062988
UBE2S,0.0,0.0,0.8613212585449219,0.8,0.0,0.0
RPS5,0.2,0.21618622541427612,0.35908563137054444,0.26565282344818114,0.22786316871643067,0.0
FKBP1A,0.6645439743995667,0.6,0.0,0.6772801399230957,0.0,0.0
SNRPB,0.0,0.0,0.8429961800575256,0.8,0.0,0.0
PRNP,0.0,0.0,0.0,1.0,0.0,0.0
TMEM230,0.0,1.0,0.0,0.0,0.0,0.0
DSTN,0.0,0.8,0.0,0.0,0.8536180257797241,0.0
RRBP1,0.0,1.0,0.0,0.0,0.0,0.0
CST3,0.4,0.6829585313796998,0.0,0.5883208394050599,0.476711642742157,0.0
CST7,0.0,0.0,1.0,0.0,0.0,0.0
ID1,1.0,0.0,0.0,0.0,0.0,0.0
COX4I2,0.0,0.0,0.0,0.0,1.0,0.0
RBM39,0.2,0.26885405778884885,0.5086488842964172,0.30775574445724485,0.2094720721244812,0.0
NORAD,0.0,1.0,0.0,0.0,0.0,0.0
MYL9,0.0,0.8,0.0,0.0,0.938938319683075,0.0
SAMHD1,0.0,0.0,0.0,1.0,0.0,0.0
MAFB,0.0,0.0,0.0,1.0,0.0,0.0
TOP1,0.0,0.0,0.0,1.0,0.0,0.0
PKIG,0.0,0.0,0.0,0.0,1.0,0.0
YWHAB,0.2,0.2492262005805969,0.2982356071472168,0.3034537434577942,0.24541786909103394,0.0
STK4,0.0,0.0,1.0,0.0,0.0,0.0
DBNDD2,0.0,0.0,0.0,0.0,1.0,0.0
PLTP,0.0,1.0,0.0,0.0,0.0,0.0
ZFAS1,0.0,0.0,0.8,0.8113937854766846,0.0,0.0
PTGIS,0.0,1.0,0.0,0.0,0.0,0.0
CEBPB,0.0,0.0,0.0,1.0,0.0,0.0
GNAS,0.3294186949729919,0.26220484972000124,0.2,0.22553616762161255,0.3644043803215027,0.0
CTSZ,0.0,0.0,0.0,1.0,0.0,0.0
ATP5F1E,0.002385568618774414,0.0,0.1481091260910034,0.18044348955154418,0.03251183032989502,0.17460616827011108
PSMA7,0.0,0.43648515939712523,0.44052093029022216,0.4,0.4234921455383301,0.0
RPS21,0.2287331223487854,0.2,0.44442198276519773,0.33728638887405393,0.21161307096481324,0.0
PPDPF,0.0,0.6269648671150208,0.48462733030319216,0.4,0.46469576358795167,0.0
SOX18,1.0,0.0,0.0,0.0,0.0,0.0
SAMSN1,0.0,0.0,0.0,1.0,0.0,0.0
ATP5PF,0.0,0.6720083236694336,0.0,0.6,0.7129509210586548,0.0
APP,0.8,0.9208377122879028,0.0,0.0,0.0,0.0
SOD1,0.0,0.6976441979408264,0.0,0.6,0.731641411781311,0.0
SON,0.26134254932403567,0.24113550186157226,0.23978500366210936,0.2,0.24020394086837768,0.0
ATP5PO,0.0,0.0,0.0,0.8,0.8118924379348755,0.0
TTC3,0.0,1.0,0.0,0.0,0.0,0.0
ETS2,0.0,0.0,0.0,1.0,0.0,0.0
HMGN1,0.0,0.0,1.0,0.0,0.0,0.0
CSTB,0.0,0.8,0.0,0.8016481995582581,0.0,0.0
ITGB2,0.0,0.0,0.8209392666816712,0.8,0.0,0.0
COL6A1,0.0,1.0,0.0,0.0,0.0,0.0
COL6A2,0.0,0.9265847682952881,0.0,0.0,0.8,0.0
CLDN5,1.0,0.0,0.0,0.0,0.0,0.0
CHCHD10,0.0,0.0,0.0,0.8,0.8834625720977783,0.0
MIF,0.0,0.46315990686416625,0.4683629870414734,0.4,0.48704158067703246,0.0
XBP1,0.0,0.0,0.0,1.0,0.0,0.0
UQCR10,0.0,0.0,0.0,1.0,0.0,0.0
SELENOM,0.0,0.8,0.0,0.0,0.8127118468284606,0.0
TIMP3,0.6,0.6931668877601623,0.0,0.0,0.6369513273239136,0.0
MYH9,0.0,0.0,0.0,1.0,0.0,0.0
RAC2,0.0,0.0,0.9274032115936279,0.8,0.0,0.0
LGALS1,0.31226775646209715,0.4988203287124634,0.2,0.384894859790802,0.4894322991371155,0.0
EIF3L,0.0,0.0,0.0,1.0,0.0,0.0
DDX17,0.1956888794898987,0.10094683170318604,0.0,0.00751277208328247,0.0006260275840759277,0.3384783864021301
RPL3,0.20586055517196655,0.2,0.40912524461746214,0.23377625942230223,0.21313912868499757,0.0
ATF4,0.0,0.0,0.0,1.0,0.0,0.0
ST13,0.0,0.0,0.0,1.0,0.0,0.0
RBX1,0.0,0.825786805152893,0.0,0.8,0.0,0.0
XRCC6,0.0,0.0,0.0,1.0,0.0,0.0
SNU13,0.0,0.0,0.0,1.0,0.0,0.0
CYB5R3,0.0,1.0,0.0,0.0,0.0,0.0
TSPO,0.0,0.8,0.0,0.8742650389671326,0.0,0.0
FBLN1,0.0,1.0,0.0,0.0,0.0,0.0
TYMP,0.0,0.0,0.0,1.0,0.0,0.0
SLC25A6,0.0,0.4,0.47579691410064695,0.562739622592926,0.5364169716835022,0.0
CD99,0.29240667819976807,0.5093504428863526,0.42214566469192505,0.2,0.31443004608154296,0.0
TMSB4X,0.05652954578399658,0.023657011985778808,0.1854699969291687,0.18013304471969604,0.0,0.024309182167053224
AP1S2,0.0,0.0,0.0,1.0,0.0,0.0
EIF1AX,0.0,0.8894882678985596,0.0,0.8,0.0,0.0
PRDX4,0.0,1.0,0.0,0.0,0.0,0.0
SAT1,0.0,0.4,0.4131013751029968,0.6946994543075562,0.0,0.5736399412155151
EIF2S3,0.0,0.0,0.0,1.0,0.0,0.0
CYBB,0.0,0.0,0.0,1.0,0.0,0.0
ATP6AP2,0.0,0.861812949180603,0.0,0.8,0.0,0.0
DDX3X,0.0,0.0,0.8,0.8310551881790161,0.0,0.0
NDUFB11,0.0,0.0,0.0,1.0,0.0,0.0
TIMP1,0.0,0.8214019894599914,0.0,0.7211663365364075,0.6,0.0
CFP,0.0,0.0,0.0,1.0,0.0,0.0
UXT,0.0,0.0,0.0,1.0,0.0,0.0
RBM3,0.0,0.6,0.633806836605072,0.6476152658462524,0.0,0.0
MSN,0.0,0.0,0.8,0.8334216594696044,0.0,0.0
IL2RG,0.0,0.0,1.0,0.0,0.0,0.0
RPS4X,0.2,0.20698450803756713,0.38782922029495237,0.29244279861450195,0.21237484216690064,0.0
ATRX,0.0,0.0,0.0,1.0,0.0,0.0
COX7B,0.0,0.4,0.4565764546394348,0.47448632717132566,0.6306450963020325,0.0
PGK1,0.0,0.0,0.0,1.0,0.0,0.0
ITM2A,0.8115355730056762,0.8,0.0,0.0,0.0,0.0
SH3BGRL,0.0,0.6,0.0,0.6566590666770935,0.7018611073493958,0.0
RPL36A,0.2388898253440857,0.2,0.4026778817176819,0.38750605583190917,0.20807770490646363,0.0
TCEAL4,0.0,1.0,0.0,0.0,0.0,0.0
MORF4L2,0.0,1.0,0.0,0.0,0.0,0.0
TSC22D3,0.0,0.5466145753860474,0.6635611295700073,0.4871465444564819,0.0,0.4
PLS3,0.0,0.0,0.0,0.0,1.0,0.0
PGRMC1,0.0,1.0,0.0,0.0,0.0,0.0
SLC25A5,0.0,0.0,0.8,0.8179218411445618,0.0,0.0
RPL39,0.0008099675178527832,0.0,0.2066550850868225,0.1910969376564026,2.2470951080322266e-05,0.11615221500396729
NDUFA1,0.0,0.6189043998718262,0.0,0.6,0.6970476388931275,0.0
FHL1,0.0,1.0,0.0,0.0,0.0,0.0
RBMX,0.0,0.0,0.0,1.0,0.0,0.0
IDS,0.0,1.0,0.0,0.0,0.0,0.0
BGN,0.0,0.8069844961166381,0.0,0.0,0.8,0.0
SSR4,0.0,0.6888788104057312,0.6622280478477478,0.6,0.0,0.0
FLNA,0.0,0.0,0.0,0.8,0.8882773876190185,0.0
RPL10,0.021130752563476563,0.04538595676422119,0.19443360567092896,0.12420587539672852,0.039716672897338864,0.0
RPS4Y1,0.0,0.6,0.764735734462738,0.6547444224357605,0.0,0.0
MT-ND1,0.018732666969299316,0.0,0.022289061546325685,0.08478567600250245,0.13006045818328857,0.05716496706008911
MT-ND2,0.007769322395324707,0.0,0.008333206176757812,0.08712249994277954,0.06765328645706177,0.15007780790328978
MT-CO1,0.0,0.019200837612152098,0.10357835292816162,0.12125036716461182,0.08835829496383667,0.0440096378326416
MT-CO2,0.0,0.010072684288024903,0.06059174537658692,0.06284343004226685,0.0722395896911621,0.05176701545715332
MT-ATP6,0.0,0.018289721012115477,0.04172995090484619,0.021363043785095216,0.08579931259155274,0.03209406137466431
MT-CO3,0.0,0.013877665996551514,0.0443267822265625,0.07326360940933227,0.10233683586120605,0.05685470104217529
MT-ND3,0.0,0.015865349769592287,0.021949219703674316,0.049455559253692626,0.08304395675659179,0.11139521598815919
MT-ND4L,0.0,0.08948268890380859,0.03921854496002197,0.07225991487503051,0.25633946657180784,0.1361396551132202
MT-ND4,0.0,0.01747959852218628,0.014446818828582763,0.03079460859298706,0.07331579923629761,0.07703576087951661
MT-ND5,0.030090749263763428,0.009415876865386964,0.0,0.01683647632598877,0.12114702463150025,0.0043864607810974125
MT-CYB,0.0,0.017906367778778076,0.02929900884628296,0.010998666286468506,0.05710660219192505,0.03456436395645142
