,Antigen presenting cell (RPS high),B cell,B cell (Plasmocyte),Dendritic cell,Endothelial cell,Endothelial cell (APC),Endothelial cell (endothelial to mesenchymal transition),Enterocyte progenitor,Epithelial cell,Fetal epithelial progenitor,Intercalated cell,Loop of Henle,Macrophage,Mast cell,Monocyte,Neutrophil,Proximal tubule progenitor,Sinusoidal endothelial cell,Smooth muscle cell,Stromal cell,T cell,Ureteric bud cell
CRYZ,0.0,0.0,0.0,0.0,0.0,0.0,0.0,2.7941787,0.0,0.0,0.0,0.0,0.0,0.0,0.0,0.0,0.0,0.0,0.0,0.0,0.0,0.0
HLA-DQA1,2.4162781,2.7088342,0.0,3.5615373,0.0,0.0,0.0,0.0,0.0,0.0,0.0,0.0,1.5830876,0.0,0.0,0.0,0.0,0.0,0.0,0.0,0.0,0.0
RPL13A,3.0637722,3.350281,0.0,2.6763403,0.0,2.4709966,2.5874438,3.0145464,2.4660518,0.0,2.4102592,0.0,2.5866365,2.89887,2.33658,2.3947256,0.0,0.0,2.871681,2.9217854,3.373107,0.0
NDUFB9,0.0,0.0,0.0,0.0,0.0,0.0,0.0,0.0,2.1940317,0.0,2.3926845,2.2173886,0.0,0.0,0.0,0.9809248,0.0,0.0,0.0,0.0,0.0,2.7833376
MT1F,0.0,0.0,0.0,0.0,0.0,0.0,0.0,0.0,2.4554365,0.0,0.0,0.0,0.0,0.0,0.0,0.0,0.0,0.0,0.0,0.0,0.0,0.0
RPL7,3.0637722,0.0,0.0,0.0,0.0,0.0,2.460034,2.9801917,2.3416612,0.0,2.536445,0.0,0.0,0.0,0.0,0.0,0.0,0.0,3.0550723,2.5095139,0.0,0.0
CD52,3.0637722,0.0,0.0,0.0,0.0,0.0,0.0,0.0,0.0,0.0,0.0,0.0,0.0,1.0957779,2.7215946,0.0,0.0,0.0,0.0,0.0,2.930153,0.0
LAPTM5,0.0,0.0,0.0,2.2569947,0.0,0.0,0.0,0.0,0.0,0.0,0.0,0.0,2.609662,2.090886,2.6551776,0.0,0.0,0.0,0.0,0.0,0.0,0.0
UMOD,0.0,0.0,0.0,0.0,0.0,0.0,0.0,0.0,0.0,0.0,0.0,0.0,0.0,0.0,0.0,0.0,0.0,0.0,0.0,0.0,0.0,3.2828796
NIT2,0.0,0.0,0.0,0.0,0.0,0.0,0.0,2.160399,0.0,0.0,0.0,0.0,0.0,0.0,0.0,0.0,0.0,0.0,0.0,0.0,0.0,0.0
MYL12A,0.0,2.9102726,0.0,2.2974272,2.6977313,2.6776004,2.5118508,0.0,1.2686682,2.4444342,0.0,1.9594897,2.254699,2.715673,2.3215222,2.1942625,0.0,0.0,0.0,2.320739,2.6405444,0.0
VMP1,0.0,0.0,0.0,0.0,0.0,0.0,0.0,0.0,1.2295399,0.0,0.0,0.0,0.0,0.0,0.0,0.0,3.250913,0.0,0.0,0.99674803,0.0,0.0
FOSB,0.0,0.0,0.0,0.0,0.0,2.766516,0.0,0.0,1.6430693,0.0,0.0,0.0,0.0,2.6582947,0.0,0.0,0.0,2.7512858,0.0,2.6789079,0.0,0.0
BCAP31,0.0,0.0,0.0,0.0,0.0,0.0,0.0,2.160399,0.0,0.0,0.0,0.0,0.0,0.0,0.0,0.0,0.0,0.0,0.0,0.0,0.0,0.0
TSPAN1,0.0,0.0,0.0,0.0,0.0,0.0,0.0,0.0,2.1091375,0.0,0.0,0.0,0.0,0.0,0.0,0.0,0.0,0.0,0.0,0.0,0.0,0.0
H2AZ1,0.0,0.0,0.0,0.0,0.0,0.0,0.0,0.0,0.0,0.0,0.0,0.0,0.0,0.0,0.0,0.0,0.0,0.0,0.0,2.1663065,2.663829,0.0
UBA52,0.0,3.0531595,0.0,2.8728604,1.1815878,2.1583645,2.8791819,0.0,2.1268325,0.0,2.2846494,1.4184948,2.7637272,2.7250097,2.9678564,0.0,0.0,2.9539628,0.0,2.4754899,2.9855301,0.0
BTG2,0.0,0.0,0.0,0.0,0.0,0.0,0.0,0.0,0.0,0.0,0.0,0.0,0.0,0.0,0.0,2.1052969,0.0,0.0,0.0,0.0,0.0,0.0
ANXA5,0.0,0.0,0.0,0.0,0.0,0.0,2.8689704,0.0,0.0,0.0,0.0,0.0,2.2890182,0.0,0.0,0.0,0.0,0.0,0.0,1.2690266,0.0,0.0
EIF4A2,0.0,0.0,0.0,0.0,0.0,0.0,0.0,0.0,0.0,0.0,1.7688043,0.0,0.0,0.0,0.0,0.0,0.0,0.0,0.0,2.4100456,0.0,0.0
RPL30,3.0637722,2.9722533,0.0,2.77142,0.0,0.0,1.1768202,0.0,0.0,0.0,0.0,0.0,0.0,0.0,2.5054111,0.0,0.0,0.0,0.0,2.4100456,2.898817,0.0
ITM2B,0.0,0.0,0.0,0.0,2.6114857,2.915173,0.0,3.1790447,3.8104837,0.0,2.6300282,3.0944374,0.0,0.0,0.0,0.0,3.9245007,0.0,2.8411684,1.2996122,0.0,0.0
SH3BGRL3,4.0047836,0.0,0.0,2.7451327,0.0,0.0,0.0,0.0,0.0,0.0,0.0,0.0,2.9588013,2.7980304,3.3649814,0.9809248,0.0,0.0,0.0,0.0,2.7097318,0.0
ANXA4,0.0,0.0,0.0,0.0,0.0,0.0,0.0,2.160399,0.0,0.0,0.0,0.0,0.0,0.0,0.0,0.0,0.0,0.0,0.0,0.0,0.0,0.0
HLA-B,3.4535446,3.0756571,2.2677875,2.8507023,3.0312881,3.6014304,2.616372,2.9678564,2.075819,0.0,2.6785474,0.0,2.910235,2.8065429,3.040721,2.627646,0.0,2.978419,0.0,1.0126872,3.1797805,0.0
IGFBP7,0.0,0.0,0.0,0.0,0.0,2.6588748,4.2270594,3.5184834,2.2097669,0.0,2.4794712,2.9085948,0.0,0.0,0.0,0.0,0.0,0.0,3.6781464,4.052553,0.0,0.0
GATM,0.0,0.0,0.0,0.0,0.0,0.0,0.0,0.0,2.6466117,0.0,0.0,0.0,0.0,0.0,0.0,0.0,3.0275393,0.0,0.0,0.0,0.0,0.0
UQCR10,0.0,0.0,0.0,0.0,0.0,0.0,0.0,0.0,1.9046025,0.0,2.5703201,1.7114915,0.0,0.0,0.0,0.0,0.0,0.0,0.0,0.0,0.0,0.0
WARS1,3.0637722,0.0,0.0,0.0,0.0,0.0,0.0,0.0,0.0,0.0,0.0,0.0,0.0,0.0,0.0,0.0,0.0,0.0,0.0,0.0,0.0,0.0
COX5A,0.0,0.0,0.0,0.0,0.0,0.0,0.0,0.0,0.0,0.0,2.0025883,0.0,0.0,0.0,0.0,0.0,0.0,0.0,0.0,0.0,0.0,0.0
COL1A2,0.0,0.0,0.0,0.0,0.0,0.0,2.818959,0.0,0.0,0.0,0.0,0.0,0.0,0.0,0.0,0.0,0.0,0.0,0.0,0.0,0.0,0.0
SLC3A1,0.0,0.0,0.0,0.0,0.0,0.0,0.0,0.0,1.900599,0.0,0.0,0.0,0.0,0.0,0.0,0.0,0.0,0.0,0.0,0.0,0.0,0.0
SOD1,0.0,0.0,0.0,0.0,0.0,0.0,0.0,0.0,2.5516682,0.0,2.0185537,2.3476295,0.0,0.0,0.0,0.0,0.0,0.0,0.0,2.1822457,0.0,2.9420195
ANAPC11,0.0,0.0,0.0,0.0,0.0,0.0,0.0,2.160399,0.0,0.0,0.0,0.0,0.0,0.0,0.0,0.0,0.0,0.0,0.0,0.0,0.0,0.0
RPL26,3.0637722,3.35559,0.0,3.0621524,2.610894,2.6852047,2.6071906,2.9678564,2.5936708,2.8771284,2.800687,2.6348195,2.9098246,3.0210772,3.0464292,2.50697,0.0,0.0,2.384918,2.857976,3.2437847,2.904173
RPS27A,3.0755208,3.6361256,0.0,3.0492973,0.0,2.08718,3.1092618,2.9801917,2.8062694,0.0,2.6613483,2.431281,2.4723203,3.005849,2.3215222,0.0,0.0,2.9539628,3.0261383,3.3883471,3.619519,0.0
RPS27L,0.0,0.0,0.0,0.0,0.0,0.0,1.1194087,2.9678564,2.498723,0.0,0.0,0.0,0.0,2.090886,0.0,0.0,0.0,0.0,0.0,0.0,0.0,0.0
SERF2,3.2273626,0.0,2.3684235,2.337432,0.0,1.5989608,2.9142985,0.0,2.795741,0.0,2.4176736,2.606169,2.7805936,2.5929303,2.782014,2.627646,3.1864293,0.0,2.9411616,0.0,2.5012891,0.0
ENSG00000211592,0.0,2.7019129,7.9473615,0.0,0.0,0.0,0.0,0.0,0.0,0.0,0.0,0.0,0.0,0.0,0.0,0.0,0.0,0.0,0.0,0.0,0.0,0.0
RPL12,3.0637722,2.9453883,0.0,2.711042,0.0,0.0,2.4315968,2.9678564,2.2217748,0.0,2.3761368,2.1634603,2.4992356,2.62386,2.3997154,1.853389,0.0,0.0,0.0,2.9548297,2.870894,0.0
RPS3,0.0,2.8538132,2.0509222,2.626154,0.0,2.278727,2.8170867,2.7941787,1.8852731,0.0,2.262373,0.0,2.5043788,2.7656574,2.603848,1.1912912,0.0,0.0,2.1505346,2.74683,3.4604871,0.0
CCL2,0.0,0.0,0.0,0.0,0.0,0.0,0.0,0.0,0.0,0.0,0.0,0.0,0.0,0.0,0.0,0.0,0.0,0.0,0.0,2.738452,0.0,0.0
NAA38,0.0,0.0,0.0,0.0,0.0,0.0,2.296229,0.0,0.0,0.0,0.0,0.0,0.0,0.0,0.0,0.0,0.0,0.0,0.0,0.0,0.0,0.0
CD74,4.5082912,4.3142567,0.0,5.05587,0.0,3.2605035,0.0,0.0,0.0,0.0,0.0,0.0,3.5502458,0.0,3.093432,0.0,0.0,2.97665,0.0,0.0,0.0,0.0
CAP1,0.0,0.0,0.0,0.0,0.0,0.0,0.0,0.0,0.0,0.0,0.0,0.0,0.0,0.0,0.0,2.0539734,0.0,0.0,0.0,0.0,0.0,0.0
MORF4L1,0.0,0.0,0.0,0.0,0.0,0.0,0.0,0.0,0.0,0.0,0.0,0.0,0.0,0.0,0.0,0.0,0.0,0.0,0.0,1.1695584,0.0,0.0
EIF1,2.4162781,0.0,0.0,0.0,0.0,0.0,0.0,2.9801917,0.0,0.0,0.0,0.0,0.0,0.0,2.6941612,0.0,0.0,0.0,0.0,0.0,0.0,0.0
DAD1,0.0,0.0,0.0,0.0,0.0,0.0,0.0,0.0,1.7923863,2.3812022,0.0,0.0,0.0,0.99212056,0.0,0.0,0.0,0.0,0.0,0.0,0.0,0.0
UGT2B7,0.0,0.0,0.0,0.0,0.0,0.0,0.0,0.0,2.2284007,0.0,0.0,0.0,0.0,0.0,0.0,0.0,0.0,0.0,0.0,0.0,0.0,0.0
RAN,0.0,0.0,0.0,0.0,0.0,0.0,1.2547767,0.0,0.0,0.0,0.0,0.0,0.0,0.0,0.0,0.0,0.0,0.0,0.0,0.0,0.0,0.0
SRGN,0.0,2.739946,0.0,3.8153324,0.0,0.0,0.0,0.0,0.0,0.0,0.0,0.0,4.233012,4.2450905,3.753418,4.7170343,0.0,4.1712418,0.0,0.0,3.1398087,0.0
GNG5,0.0,0.0,0.0,0.0,0.0,0.0,0.0,0.0,0.0,0.0,0.0,0.0,0.0,0.0,0.0,0.0,0.0,2.6776004,0.0,0.0,0.0,0.0
BIRC3,0.0,0.0,0.0,0.0,0.0,0.0,0.0,2.9801917,0.0,0.0,0.0,0.0,0.0,2.38557,0.0,0.0,0.0,0.0,0.0,0.0,0.0,0.0
RPLP1,3.0637722,3.747439,2.7791758,3.1381192,0.0,0.0,2.616372,2.9678564,2.3592615,0.0,2.3079576,0.0,2.5832353,3.1263032,2.7215946,2.560124,0.0,0.0,2.9285526,2.936949,3.6567655,0.0
MYL12B,2.4162781,0.0,0.0,0.0,0.0,2.133695,0.0,2.9678564,2.1546483,0.0,0.0,0.0,0.0,2.0743623,0.0,2.3509169,0.0,0.0,0.0,0.0,1.9864087,0.0
RPS5,0.0,2.493669,0.0,0.0,0.0,0.0,0.0,0.0,0.0,0.0,0.0,0.0,0.0,0.0,0.0,0.0,0.0,0.0,0.0,1.0126872,0.0,0.0
CD164,0.0,0.0,0.0,0.0,0.0,0.0,0.0,0.0,1.5067079,0.0,0.0,0.0,0.0,0.0,0.0,0.0,0.0,0.0,0.0,0.0,0.0,0.0
RPSA,0.0,2.5415974,0.0,0.0,0.0,0.0,1.2547767,0.0,0.0,0.0,0.0,0.0,0.0,2.5197413,0.0,0.0,0.0,3.010868,0.0,0.99674803,2.6273441,0.0
ISG20,0.0,0.0,0.0,0.0,0.0,0.0,0.0,0.0,0.0,0.0,0.0,0.0,0.0,0.0,0.0,0.0,0.0,2.7403724,0.0,0.0,0.0,0.0
TMEM176B,0.0,0.0,0.0,0.0,0.0,0.0,0.0,2.160399,2.2493703,0.0,0.0,0.0,0.0,0.0,0.0,0.0,0.0,0.0,0.0,0.0,0.0,0.0
NDUFS5,0.0,0.0,0.0,0.0,0.0,0.0,1.1194087,0.0,2.1933231,1.1284968,2.6110246,2.1419451,0.0,0.0,0.0,0.0,0.0,0.0,0.0,0.0,0.0,0.0
LTF,0.0,0.0,0.0,0.0,0.0,0.0,0.0,0.0,0.0,0.0,0.0,0.0,0.0,0.0,0.0,3.4305613,0.0,0.0,0.0,0.0,0.0,0.0
H3-3B,3.951636,0.0,0.0,2.3186264,0.0,2.7540352,2.9471993,3.456266,0.0,0.0,0.0,0.0,2.5821044,2.7513542,2.8109076,2.6289246,0.0,0.0,2.9945,0.0,2.7707157,0.0
LGALS1,0.0,0.0,0.0,1.5893862,0.0,0.0,3.4663422,0.0,0.0,0.0,0.0,0.0,2.3649213,2.6405578,2.6084962,0.0,0.0,0.0,3.1261702,3.1164484,0.0,0.0
G0S2,0.0,0.0,0.0,0.0,0.0,0.0,0.0,0.0,0.0,0.0,0.0,0.0,2.9944983,0.0,2.6202278,0.0,0.0,3.4934096,0.0,0.0,0.0,0.0
GPX1,0.0,0.0,0.0,0.0,0.0,0.0,0.0,2.7941787,0.0,0.0,0.0,0.0,0.0,0.0,0.0,0.0,0.0,0.0,0.0,0.0,0.0,0.0
ATP5MG,0.0,2.4926398,0.0,2.3467743,0.0,0.0,0.0,2.7941787,2.4653127,0.0,2.8839493,2.5764725,2.393362,2.5866365,2.4407964,0.0,0.0,0.0,0.0,0.0,2.6273441,3.0895987
CFL1,3.0637722,2.7019129,0.0,2.6644506,2.4805558,0.0,2.5379906,2.9801917,1.5251493,0.0,1.7806015,0.0,2.7805936,2.6968741,2.7071173,2.481752,0.0,2.614342,0.9864812,0.0,2.7948995,0.0
TMEM50A,0.0,0.0,0.0,0.0,0.0,0.0,1.1768202,0.0,0.0,0.0,0.0,0.0,0.0,0.0,0.0,0.0,0.0,0.0,0.0,0.0,0.0,0.0
ZFAS1,0.0,0.0,0.0,0.0,0.0,0.0,0.0,0.0,0.0,0.0,0.0,0.0,2.2818797,2.612877,2.3997154,0.0,0.0,0.0,0.0,1.0126872,0.0,0.0
MPLKIP,0.0,0.0,0.0,0.0,0.0,0.0,0.0,2.160399,0.0,0.0,0.0,0.0,0.0,0.0,0.0,0.0,0.0,0.0,0.0,0.0,0.0,0.0
ACTG1,3.0637722,0.0,0.0,0.0,0.0,0.0,3.295847,0.0,0.0,0.0,0.0,1.9740311,0.0,0.0,0.0,2.856224,0.0,0.0,0.0,0.0,0.0,0.0
ATP5MF,2.4162781,0.0,0.0,0.0,0.0,0.0,0.0,2.7941787,1.7035477,0.0,0.0,0.0,0.0,0.0,0.0,0.0,0.0,0.0,0.0,0.0,0.0,0.0
SELENOF,0.0,0.0,0.0,0.0,0.0,0.0,0.0,2.9678564,0.0,0.0,0.0,0.0,0.0,0.0,0.0,0.0,0.0,0.0,0.0,0.0,0.0,0.0
ARG1,0.0,0.0,0.0,0.0,0.0,0.0,0.0,0.0,0.0,0.0,0.0,0.0,0.0,0.0,0.0,2.20246,0.0,0.0,0.0,0.0,0.0,0.0
TMA7,2.4162781,0.0,0.0,0.0,0.0,0.0,2.460034,2.7941787,2.0265174,0.0,2.4992356,2.4419136,1.2171524,2.1609163,2.3408122,0.9809248,0.0,2.97665,0.0,0.0,2.5252688,0.0
HLA-DRA,4.1307487,3.8690727,0.0,5.203435,0.0,0.0,0.0,0.0,0.0,0.0,0.0,0.0,4.1572113,0.0,3.7104552,0.0,0.0,0.0,0.0,0.0,0.0,0.0
BGN,0.0,0.0,0.0,0.0,0.0,0.0,2.838866,0.0,0.0,0.0,0.0,0.0,0.0,0.0,0.0,0.0,0.0,0.0,0.0,0.0,0.0,0.0
FXYD2,0.0,0.0,0.0,0.0,0.0,0.0,0.0,0.0,1.9001153,0.0,2.4088764,0.0,0.0,0.0,0.0,0.0,0.0,0.0,0.0,0.0,0.0,0.0
SELENOW,0.0,0.0,0.0,0.0,0.0,0.0,0.0,0.0,0.0,0.0,0.0,0.0,0.0,0.0,0.0,0.0,0.0,0.0,2.2906733,2.24769,0.0,0.0
RPL36,0.0,3.0030303,0.0,2.9713655,2.6198568,2.7693136,2.6182446,2.9801917,2.608108,2.832504,2.887543,2.577596,2.7512858,2.686717,2.7512858,2.4700634,3.1864293,2.6776004,2.527481,3.0073843,3.126168,0.0
EEF1A1,0.0,0.0,0.0,2.4295106,0.0,0.0,1.4990551,2.9801917,3.0737162,0.0,2.519474,0.0,0.0,2.36002,0.0,0.0,3.0275393,0.0,3.3019576,3.2288356,2.6084962,0.0
FCGR3A,3.6083915,0.0,0.0,0.0,0.0,0.0,0.0,0.0,0.0,0.0,0.0,0.0,0.0,0.0,0.0,0.0,0.0,0.0,0.0,0.0,0.0,0.0
DDX21,0.0,0.0,0.0,0.0,0.0,0.0,0.0,2.160399,0.0,0.0,0.0,0.0,0.0,0.0,0.0,0.0,0.0,0.0,0.0,0.0,0.0,0.0
RPS21,2.9419792,2.767237,0.0,2.4484868,0.0,0.0,0.0,2.7941787,2.0874894,0.0,2.1203518,0.0,2.2740207,2.4561872,2.1482704,1.1227928,0.0,2.3348935,0.0,2.7038884,2.9352024,0.0
RPL28,0.0,3.0872602,0.0,2.8182807,0.0,2.1496089,1.4106237,0.0,1.7988782,0.0,2.2119374,0.0,2.596922,2.7609866,2.713668,0.89091444,0.0,0.0,0.0,2.5430546,3.1366427,0.0
ID3,0.0,0.0,0.0,0.0,0.0,0.0,0.0,0.0,0.0,0.0,0.0,0.0,0.0,0.0,0.0,0.0,0.0,0.0,2.807353,2.4754899,0.0,0.0
PON2,0.0,0.0,0.0,0.0,0.0,0.0,0.0,2.160399,0.0,0.0,0.0,0.0,0.0,0.0,0.0,0.0,0.0,0.0,0.0,0.0,0.0,0.0
PSME2,2.9419792,0.0,0.0,0.0,0.0,0.0,0.0,0.0,0.0,0.0,0.0,0.0,0.0,0.0,0.0,0.0,0.0,0.0,0.0,0.0,0.0,0.0
MYH11,0.0,0.0,0.0,0.0,0.0,0.0,0.0,0.0,0.0,0.0,0.0,0.0,0.0,0.0,0.0,0.0,0.0,0.0,3.0924723,0.0,0.0,0.0
COX7C,0.0,0.0,0.0,0.0,0.0,0.0,0.0,3.0145464,2.6817112,0.0,2.8014135,0.0,0.0,0.0,0.0,0.0,0.0,0.0,0.0,0.0,0.0,0.0
UQCRH,0.0,0.0,0.0,0.0,0.0,0.0,0.0,0.0,1.9140297,0.0,0.0,0.0,0.0,0.0,0.0,0.0,0.0,0.0,0.0,0.0,0.0,0.0
TXN,0.0,1.2213562,0.0,0.0,0.0,0.0,0.0,2.8545496,3.4493053,0.0,0.0,0.0,0.0,0.0,0.0,3.061008,0.0,0.0,0.0,0.99674803,0.0,0.0
ATP5IF1,0.0,0.0,0.0,0.0,0.0,0.0,0.0,0.0,1.9424045,0.0,1.4349627,0.0,0.0,0.0,0.0,0.0,0.0,0.0,0.0,0.0,0.0,0.0
MGST1,0.0,0.0,0.0,0.0,0.0,0.0,0.0,0.0,3.1597123,0.0,0.0,0.0,0.0,0.0,0.0,0.0,3.0275393,0.0,0.0,0.0,0.0,0.0
EMP3,2.4162781,0.0,0.0,0.0,0.0,0.0,0.0,0.0,0.0,0.0,0.0,0.0,0.0,0.0,0.0,0.0,0.0,0.0,0.0,0.0,0.0,0.0
DNAJA1,0.0,0.0,0.0,0.0,2.9209695,2.7581758,0.0,0.0,0.0,0.0,1.8697963,0.0,0.0,2.496262,1.7855366,0.0,0.0,3.0090346,0.0,2.651929,0.0,0.0
MYL9,0.0,0.0,0.0,0.0,0.0,0.0,0.0,0.0,0.0,0.0,0.0,0.0,0.0,0.0,0.0,0.0,0.0,0.0,3.7677758,0.0,0.0,0.0
SGK1,0.0,0.0,0.0,0.0,0.0,0.0,0.0,0.0,0.0,0.0,0.0,0.0,1.7242467,0.0,0.0,0.0,0.0,0.0,0.0,0.0,0.0,0.0
CD53,0.0,0.0,0.0,0.0,0.0,0.0,0.0,0.0,0.0,0.0,0.0,0.0,0.0,0.0,0.0,0.0,0.0,2.3348935,0.0,0.0,0.0,0.0
ACAT1,0.0,0.0,0.0,0.0,0.0,0.0,0.0,0.0,1.6236684,0.0,1.5968424,0.0,0.0,0.0,0.0,0.0,0.0,0.0,0.0,0.0,0.0,0.0
LITAF,0.0,0.0,0.0,0.0,0.0,0.0,0.0,2.160399,0.0,0.0,2.6503947,0.0,2.1310735,0.0,0.0,0.0,0.0,0.0,0.0,0.99674803,0.0,0.0
CDH16,0.0,0.0,0.0,0.0,0.0,0.0,0.0,2.8545496,0.0,0.0,0.0,0.0,0.0,0.0,0.0,0.0,0.0,0.0,0.0,0.0,0.0,0.0
DSTN,0.0,0.0,0.0,0.0,0.0,0.0,0.0,0.0,0.0,0.0,0.0,2.2666242,0.0,0.0,0.0,0.0,3.1864293,0.0,3.7960691,0.0,0.0,0.0
ATP5PF,0.0,0.0,0.0,0.0,0.0,0.0,0.0,2.160399,2.3034859,0.0,2.4013114,0.0,0.0,0.0,0.0,0.0,0.0,0.0,0.0,0.0,0.0,0.0
COX6A1,0.0,0.0,0.0,0.0,0.0,0.0,0.0,0.0,2.3666706,0.0,2.67697,2.1392946,0.0,0.0,0.0,0.0,0.0,0.0,0.0,0.0,0.0,2.8931653
IFI27,0.0,0.0,0.0,0.0,3.4098673,3.329268,1.1768202,0.0,0.0,0.0,0.0,0.0,0.0,0.0,0.0,0.0,0.0,0.0,0.0,0.0,0.0,0.0
RPL18A,3.0637722,3.0164833,0.0,2.7891493,0.0,0.0,0.0,0.0,1.5185721,0.0,1.8224118,0.0,2.2724578,0.0,2.729593,0.0,0.0,2.9539628,0.0,2.6961327,2.7376652,0.0
HLA-DMA,0.0,0.0,0.0,2.3540769,0.0,0.0,0.0,0.0,0.0,0.0,0.0,0.0,0.0,0.0,0.0,0.0,0.0,0.0,0.0,0.0,0.0,0.0
SLPI,0.0,0.0,0.0,0.0,0.0,0.0,0.0,0.0,0.0,0.0,0.0,0.0,0.0,0.0,0.0,2.3114152,0.0,0.0,0.0,0.0,0.0,0.0
S100A12,0.0,0.0,0.0,0.0,0.0,0.0,0.0,0.0,0.0,0.0,0.0,0.0,0.0,0.0,0.0,1.255296,0.0,0.0,0.0,0.0,0.0,0.0
ATP5PD,0.0,0.0,0.0,0.0,0.0,0.0,0.0,0.0,0.0,0.0,2.1887393,0.0,0.0,0.0,0.0,0.0,0.0,0.0,0.0,0.0,0.0,0.0
ADGRF5,0.0,0.0,0.0,0.0,0.0,0.0,0.0,0.0,0.0,0.0,2.124396,0.0,0.0,0.0,0.0,0.0,0.0,0.0,0.0,0.0,0.0,0.0
TMEM213,0.0,0.0,0.0,0.0,0.0,0.0,0.0,0.0,0.0,0.0,3.0521736,0.0,0.0,0.0,0.0,0.0,0.0,0.0,0.0,0.0,0.0,0.0
A2M,0.0,0.0,0.0,0.0,2.6977313,2.959148,2.840994,0.0,0.0,0.0,0.0,0.0,0.0,0.0,0.0,0.0,0.0,0.0,2.9302535,1.2350028,0.0,0.0
ATP5MC2,0.0,0.0,0.0,0.0,0.0,0.0,0.0,0.0,1.4107188,0.0,0.0,0.0,0.0,0.0,0.0,0.0,0.0,0.0,0.0,0.0,0.0,0.0
RPL5,2.9419792,3.0894408,0.0,2.8526244,2.826629,2.454301,1.2832137,0.0,2.5821044,1.111254,2.8903482,2.595773,2.5779707,2.8746848,2.6073318,0.96247464,3.1864293,2.614342,2.6284075,2.886003,2.9944983,0.0
RPL3,3.0637722,3.023088,2.4369774,2.4665523,0.0,2.5178988,0.0,2.9678564,2.4767194,0.0,2.7253623,2.4010835,2.2050853,2.7922003,2.33658,2.3947256,0.0,0.0,2.8554416,3.0626574,2.9168253,0.0
LCP1,2.4162781,0.0,0.0,0.0,0.0,0.0,0.0,0.0,0.0,0.0,0.0,0.0,0.0,0.0,0.0,2.3114152,0.0,0.0,0.0,0.0,0.0,0.0
RPL32,3.7332869,2.7800918,0.0,2.4784698,0.0,0.0,1.1194087,3.0145464,0.0,0.0,0.0,0.0,0.0,0.0,0.0,0.0,0.0,0.0,0.0,2.404561,2.5877733,0.0
TPM2,0.0,0.0,0.0,0.0,0.0,0.0,0.0,0.0,0.0,0.0,0.0,0.0,0.0,0.0,0.0,0.0,0.0,0.0,3.0608592,0.0,0.0,0.0
PKM,2.9419792,0.0,0.0,0.0,0.0,0.0,0.0,0.0,0.0,0.0,0.0,0.0,0.0,0.0,0.0,0.0,0.0,0.0,0.0,0.0,0.0,0.0
MGP,0.0,0.0,0.0,0.0,0.0,0.0,5.0056243,0.0,0.0,0.0,0.0,0.0,0.0,0.0,0.0,0.0,0.0,0.0,3.4570105,4.6662126,0.0,0.0
MS4A2,0.0,0.0,0.0,0.0,0.0,0.0,0.0,0.0,0.0,0.0,0.0,0.0,0.0,2.6122916,0.0,0.0,0.0,0.0,0.0,0.0,0.0,0.0
RPL13,3.6083915,3.5177135,2.5402029,3.0131683,2.6545684,2.7437682,2.7456546,3.634961,2.517026,3.1173306,2.6776004,2.4633446,2.6763394,2.654965,2.97665,0.0,0.0,3.620698,2.8741,3.21564,3.0706072,2.768761
RHOA,2.4162781,0.0,0.0,0.0,0.0,2.2137494,2.6938374,2.160399,0.0,0.0,0.0,0.0,2.3559418,1.8987861,1.7855366,0.0,0.0,0.0,0.0,0.0,0.0,0.0
S100A6,0.0,0.0,0.0,0.0,0.0,0.0,3.5353665,3.6476192,0.0,0.0,0.0,3.3895733,0.0,0.0,0.0,0.0,0.0,0.0,0.0,0.0,0.0,0.0
RPL10A,0.0,2.8154726,0.0,2.4616299,0.0,0.0,2.452567,0.0,1.9269524,0.0,2.2975607,1.8487536,2.097768,0.0,2.33658,0.0,0.0,2.614342,2.3997173,2.2317507,2.7176223,0.0
IFITM2,3.7332869,0.0,0.0,0.0,2.9540436,2.9612303,0.0,0.0,0.0,0.0,0.0,2.0940146,1.674925,2.7976685,2.5697627,2.0137072,0.0,3.8637104,0.0,2.9606347,2.6405444,0.0
SSR4,0.0,0.0,3.7879431,0.0,0.0,0.0,0.0,2.7941787,0.0,0.0,0.0,0.0,0.0,0.0,0.0,0.0,0.0,0.0,0.0,0.0,0.0,0.0
S100A4,4.0047836,0.0,0.0,2.8971977,0.0,0.0,0.0,0.0,0.0,0.0,0.0,0.0,3.5162625,3.6610641,3.7893505,1.1227928,0.0,2.9539628,0.0,0.0,3.4349554,0.0
ATP5MJ,0.0,0.0,0.0,0.0,0.0,0.0,0.0,0.0,2.034278,0.0,2.4121068,0.0,0.0,0.0,0.0,0.0,0.0,0.0,0.0,0.0,0.0,0.0
PTMA,2.9419792,0.0,0.0,0.0,0.0,0.0,2.668189,3.5184834,0.0,0.0,0.0,0.0,0.0,0.0,0.0,0.0,0.0,0.0,2.8923936,2.2963603,0.0,0.0
DERL3,0.0,0.0,2.3684235,0.0,0.0,0.0,0.0,0.0,0.0,0.0,0.0,0.0,0.0,0.0,0.0,0.0,0.0,0.0,0.0,0.0,0.0,0.0
SEM1,0.0,0.0,0.0,0.0,0.0,0.0,0.0,0.0,1.3853579,0.0,0.0,0.0,0.0,0.0,0.0,0.0,3.0275393,0.0,0.0,2.2317507,0.0,0.0
COX7A2,0.0,0.0,0.0,0.0,0.0,0.0,2.4315968,2.8545496,2.5488553,0.0,3.1655378,2.6588748,1.8640168,0.0,0.0,0.0,0.0,0.0,2.743519,0.0,2.129766,3.1525836
NDUFA1,2.4162781,0.0,0.0,0.0,0.0,0.0,0.0,0.0,2.5343049,2.0810509,2.7934585,2.5608974,1.5379356,0.0,0.0,0.0,3.1931264,0.0,0.0,0.0,0.0,2.7428298
HNRNPK,0.0,0.0,0.0,0.0,0.0,0.0,1.1768202,0.0,0.0,0.0,0.0,0.0,0.0,0.0,0.0,0.0,0.0,0.0,0.0,0.0,0.0,0.0
RPL37A,3.7332869,2.808523,0.0,2.3701844,0.0,0.0,1.3331584,0.0,0.0,0.0,2.5669827,0.0,0.0,2.6321282,0.0,0.0,0.0,0.0,2.776402,2.5400991,0.0,2.7635303
SON,0.0,1.092263,0.0,0.0,0.0,0.0,0.0,0.0,0.0,0.0,0.0,0.0,0.0,2.175907,0.0,0.0,0.0,0.0,0.0,1.2690266,0.0,0.0
PLAC8,0.0,1.0721343,0.0,0.0,0.0,0.0,0.0,0.0,0.0,0.0,0.0,0.0,0.0,0.0,0.0,0.96247464,0.0,0.0,0.0,0.0,0.0,0.0
LUM,0.0,0.0,0.0,0.0,0.0,0.0,3.363494,0.0,0.0,0.0,0.0,0.0,0.0,0.0,0.0,0.0,0.0,0.0,0.0,0.0,0.0,0.0
RPS6,3.7332869,3.380838,2.3684235,2.9913492,0.0,0.0,2.6182446,3.6476192,2.3340511,0.0,2.8309577,0.0,0.0,0.90666556,2.5054111,0.0,0.0,2.7403724,2.8545976,3.0033324,3.0974605,0.0
ANXA1,0.0,0.0,0.0,0.0,0.0,0.0,0.0,0.0,0.0,0.0,0.0,0.0,0.0,2.6346598,0.0,0.0,0.0,0.0,0.0,0.0,0.0,0.0
CD9,0.0,0.0,0.0,0.0,0.0,0.0,0.0,0.0,0.0,0.0,2.4997487,0.0,0.0,0.0,0.0,0.0,0.0,0.0,0.0,0.0,0.0,0.0
SEC11C,0.0,0.0,2.617869,0.0,0.0,0.0,0.0,0.0,0.0,0.0,0.0,0.0,0.0,0.0,0.0,0.0,0.0,0.0,0.0,0.0,0.0,0.0
NCKAP1,0.0,0.0,0.0,0.0,0.0,0.0,0.0,2.160399,0.0,0.0,0.0,0.0,0.0,0.0,0.0,0.0,0.0,0.0,0.0,0.0,0.0,0.0
BTF3,0.0,2.767237,0.0,2.5483165,2.5952148,0.0,0.0,0.0,2.1366544,0.0,2.2666242,2.1692753,2.3772445,2.1780195,0.0,1.9433994,0.0,2.8302066,0.0,2.883429,2.573111,0.0
IL6ST,0.0,0.0,0.0,0.0,0.0,1.9697706,0.0,0.0,0.0,0.0,0.0,0.0,0.0,0.0,0.0,0.0,3.1864293,0.0,0.0,0.0,0.0,0.0
TMEM51,0.0,0.0,0.0,0.0,0.0,0.0,0.0,2.8545496,0.0,0.0,0.0,0.0,0.0,0.0,0.0,0.0,0.0,0.0,0.0,0.0,0.0,0.0
HSPH1,0.0,0.0,0.0,0.0,0.0,0.0,0.0,2.8545496,0.0,0.0,0.0,0.0,0.0,0.0,0.0,0.0,0.0,0.0,0.0,0.0,0.0,0.0
EID1,0.0,0.0,0.0,0.0,0.0,0.0,0.0,0.0,0.0,0.0,0.0,0.0,0.0,0.0,0.0,0.0,0.0,0.0,0.0,2.438585,0.0,0.0
MS4A6A,0.0,0.0,0.0,2.3273726,0.0,0.0,0.0,0.0,0.0,0.0,0.0,0.0,0.0,0.0,0.0,0.0,0.0,0.0,0.0,0.0,0.0,0.0
NDUFS7,0.0,0.0,0.0,0.0,0.0,0.0,0.0,2.160399,0.0,0.0,0.0,0.0,0.0,0.0,0.0,0.0,0.0,0.0,0.0,0.0,0.0,0.0
SERPINA1,3.0755208,0.0,0.0,0.0,0.0,0.0,0.0,0.0,0.0,0.0,0.0,0.0,0.0,0.0,1.7855366,0.0,0.0,0.0,0.0,0.0,0.0,0.0
MT1H,0.0,0.0,0.0,0.0,0.0,0.0,0.0,0.0,2.8955812,0.0,0.0,0.0,0.0,0.0,0.0,0.0,0.0,0.0,0.0,0.0,0.0,0.0
RPS2,2.9419792,2.9209695,0.0,2.451877,0.0,0.0,1.4106237,0.0,0.0,0.0,1.8355708,0.0,1.9096065,0.0,2.3649213,0.0,0.0,0.0,0.0,1.2996122,2.5085158,0.0
CD59,0.0,0.0,0.0,0.0,2.526227,2.4107206,2.296229,2.9678564,1.8829073,0.0,2.3737054,2.4186049,0.0,0.0,0.0,0.0,3.0275393,0.0,0.0,0.0,0.0,0.0
IFITM3,3.4535446,0.0,0.0,0.0,2.8869853,3.242208,1.4405819,0.0,0.0,0.0,0.0,0.0,0.0,0.0,0.0,0.0,0.0,2.3348935,2.9428334,2.8732827,0.0,0.0
ACTB,3.7332869,0.0,0.0,2.7877176,0.0,0.0,1.4106237,0.0,1.8940959,0.0,0.0,0.0,3.0880883,2.9001005,3.0864246,3.2556105,0.0,0.0,3.2350671,0.0,2.848401,0.0
TGFBR2,0.0,0.0,0.0,0.0,0.0,2.8716798,0.0,0.0,0.0,0.0,0.0,0.0,0.0,0.0,0.0,0.0,0.0,0.0,0.0,0.0,0.0,0.0
CD63,0.0,0.0,0.0,2.427531,2.630373,2.3701801,0.0,0.0,2.6453948,3.1213412,2.664761,2.851214,2.743088,3.145029,2.260832,2.526475,0.0,2.3348935,2.6056585,2.9217854,0.0,2.9121327
TPSB2,0.0,0.0,0.0,0.0,0.0,0.0,0.0,0.0,0.0,0.0,0.0,0.0,0.0,4.8263593,0.0,0.0,0.0,0.0,0.0,0.0,0.0,0.0
NR4A1,2.9419792,0.0,0.0,0.0,0.0,0.0,0.0,0.0,0.0,0.0,0.0,0.0,0.0,0.0,0.0,0.0,0.0,0.0,0.0,0.0,0.0,0.0
TIMP1,0.0,0.0,0.0,0.0,0.0,0.0,4.0010476,0.0,0.0,0.0,0.0,0.0,2.952241,2.4854696,2.681394,0.0,0.0,0.0,0.0,2.6858335,0.0,0.0
HLA-DRB1,3.2273626,2.922873,0.0,4.3136177,0.0,2.6915927,0.0,0.0,0.0,0.0,0.0,0.0,3.0605357,0.0,2.7417293,0.0,0.0,0.0,0.0,0.0,0.0,0.0
RPS12,3.0637722,3.096834,0.0,2.6983514,0.0,0.0,2.296229,0.0,1.8406801,0.0,2.3227668,0.0,2.4465575,2.6369653,2.4407964,0.0,0.0,0.0,0.0,2.804456,3.373107,0.0
PABPC1,3.0637722,2.6573567,0.0,2.705162,0.0,0.0,0.0,0.0,0.0,0.0,0.0,0.0,2.7376652,2.5715675,2.80214,1.9634287,0.0,0.0,0.0,1.0126872,2.800687,0.0
PLN,0.0,0.0,0.0,0.0,0.0,0.0,0.0,0.0,0.0,0.0,0.0,0.0,0.0,0.0,0.0,0.0,0.0,0.0,3.1209755,0.0,0.0,0.0
CD69,0.0,0.0,0.0,0.0,0.0,0.0,0.0,0.0,0.0,0.0,0.0,0.0,0.0,2.6091359,0.0,0.0,0.0,0.0,0.0,0.0,0.0,0.0
GLUL,0.0,0.0,0.0,0.0,0.0,0.0,0.0,0.0,0.0,0.0,0.0,0.0,0.0,2.6926193,0.0,0.0,0.0,0.0,0.0,0.0,0.0,0.0
MT1G,0.0,0.0,0.0,0.0,0.0,0.0,0.0,0.0,4.468098,0.0,0.0,0.0,0.0,0.0,0.0,0.0,0.0,0.0,0.0,0.0,0.0,0.0
SPINT2,0.0,0.0,0.0,0.0,0.0,0.0,0.0,2.160399,0.0,0.0,0.0,0.0,0.0,0.0,0.0,0.0,0.0,0.0,0.0,0.0,0.0,0.0
HSPA1A,0.0,0.0,0.0,0.0,0.0,0.0,0.0,2.160399,0.0,0.0,0.0,0.0,0.0,0.0,0.0,0.0,0.0,0.0,0.0,0.0,0.0,0.0
SKP1,2.9419792,2.381814,0.0,0.0,0.0,0.0,2.460034,2.8545496,2.321937,2.8832488,2.7805936,2.8576398,1.6184586,2.2847664,0.0,2.3893065,0.0,0.0,2.766516,2.6518674,0.0,2.405594
ZFP36L2,0.0,0.0,0.0,0.0,0.0,0.0,0.0,0.0,0.0,0.0,0.0,0.0,0.0,0.0,0.0,0.98250395,0.0,0.0,0.0,0.0,0.0,0.0
ANXA2,2.4162781,0.0,0.0,1.755243,2.6714902,0.0,2.840994,2.160399,0.0,0.0,0.0,0.0,2.3915558,0.0,0.0,0.0,0.0,0.0,0.0,2.24769,0.0,0.0
NEAT1,0.0,0.0,2.2520304,0.0,0.0,0.0,0.0,0.0,1.3450791,0.0,0.0,0.0,0.0,0.0,0.0,0.0,0.0,0.0,0.0,0.0,0.0,0.0
LAPTM4A,0.0,0.0,0.0,0.0,0.0,0.0,0.0,2.8545496,2.7981503,0.0,0.0,2.01615,0.0,2.5620184,0.0,0.0,3.0275393,0.0,0.0,2.2317507,0.0,0.0
ENSG00000211896,0.0,0.0,6.5967464,0.0,0.0,0.0,0.0,0.0,0.0,0.0,0.0,0.0,0.0,0.0,0.0,0.0,0.0,0.0,0.0,0.0,0.0,0.0
RBX1,0.0,0.0,0.0,0.0,0.0,0.0,0.0,0.0,0.0,0.0,0.0,0.0,0.0,0.0,0.0,0.0,0.0,0.0,0.0,0.99674803,0.0,0.0
ARHGDIB,0.0,0.0,0.0,2.124237,0.0,0.0,0.0,0.0,0.0,0.0,0.0,0.0,2.2072425,2.6738553,2.5697627,2.4389331,0.0,0.0,0.0,0.0,2.8560932,0.0
GNAS,0.0,0.0,0.0,0.0,0.0,2.1129642,1.1768202,0.0,0.0,0.0,0.0,0.0,0.0,0.90666556,0.0,0.0,0.0,0.0,0.0,0.0,0.0,0.0
CYCS,0.0,2.6890655,0.0,2.2716808,0.0,0.0,0.0,0.0,0.0,0.0,2.3327909,1.7292823,2.4670386,2.3526359,0.0,0.0,0.0,0.0,0.0,1.2350028,0.0,0.0
NPC2,0.0,2.6053858,0.0,2.8677607,0.0,0.0,0.0,2.7941787,2.174096,0.0,0.0,0.0,2.9340777,2.5024962,2.6249654,0.0,0.0,0.0,0.0,0.0,0.0,0.0
UQCRB,0.0,2.56508,0.0,2.3165655,2.3553002,0.0,0.0,2.160399,2.5480404,0.0,2.949093,2.6801276,2.3108163,2.5587819,2.4265637,1.8718393,0.0,0.0,0.0,1.0126872,2.5305724,3.219347
NCL,0.0,0.0,0.0,0.0,0.0,0.0,0.0,0.0,0.0,0.0,0.0,0.0,0.0,0.0,0.0,0.0,0.0,0.0,0.0,1.0126872,0.0,0.0
CCN1,0.0,0.0,0.0,0.0,0.0,0.0,1.2832137,0.0,2.0470943,0.0,0.0,0.0,0.0,0.0,0.0,0.0,0.0,0.0,0.0,0.0,0.0,0.0
RPS26,0.0,2.6561592,0.0,0.0,0.0,0.0,0.0,0.0,0.0,1.111254,1.9850571,0.0,0.0,0.0,0.0,0.0,0.0,2.614342,0.0,0.0,2.6839328,1.3529066
CLTRN,0.0,0.0,0.0,0.0,0.0,0.0,0.0,0.0,2.681394,0.0,0.0,0.0,0.0,0.0,0.0,0.0,0.0,0.0,0.0,0.0,0.0,0.0
SERPING1,0.0,0.0,0.0,0.0,0.0,0.0,1.1194087,2.8545496,0.0,0.0,0.0,0.0,0.0,0.0,0.0,0.0,0.0,0.0,0.0,3.0626574,0.0,0.0
EEF2,2.9419792,0.0,0.0,0.0,0.0,0.0,0.0,0.0,0.0,0.0,0.0,0.0,0.0,0.0,0.0,0.0,0.0,0.0,0.0,0.99674803,0.0,0.0
CREM,0.0,3.4140632,0.0,2.3408122,0.0,0.0,0.0,0.0,0.0,0.0,0.0,0.0,0.0,2.2291143,0.0,0.0,0.0,0.0,0.0,0.0,2.766516,0.0
LGALS3,0.0,0.0,0.0,0.0,0.0,0.0,0.0,0.0,0.0,0.0,2.7202682,0.0,0.0,0.0,0.0,0.0,0.0,0.0,0.0,1.0126872,0.0,0.0
DEFB1,0.0,0.0,0.0,0.0,0.0,0.0,0.0,0.0,0.0,0.0,2.4675326,3.529265,0.0,0.0,0.0,0.0,0.0,0.0,0.0,0.0,0.0,3.5340686
COX4I1,0.0,2.2620301,0.0,2.1645584,0.0,0.0,0.0,0.0,2.5463226,0.0,2.952241,2.534572,2.2834606,2.3012068,2.5697627,2.0339441,0.0,0.0,0.0,1.2996122,0.0,3.176622
EMCN,0.0,0.0,0.0,0.0,0.0,2.6675632,0.0,0.0,0.0,0.0,0.0,0.0,0.0,0.0,0.0,0.0,0.0,0.0,0.0,0.0,0.0,0.0
MAL,0.0,0.0,0.0,0.0,0.0,0.0,0.0,0.0,0.0,0.0,1.7315205,0.0,0.0,0.0,0.0,0.0,0.0,0.0,0.0,0.0,0.0,0.0
RPL11,0.0,2.8154726,0.0,2.5737014,0.0,0.0,0.0,3.1790447,0.0,0.0,0.0,0.0,0.0,0.0,0.0,0.0,0.0,0.0,0.0,0.0,0.0,0.0
SNU13,0.0,0.0,0.0,0.0,0.0,0.0,0.0,2.160399,0.0,0.0,0.0,0.0,0.0,0.0,0.0,0.0,0.0,0.0,0.0,0.0,0.0,0.0
TPM3,2.4162781,0.0,0.0,0.0,0.0,0.0,0.0,0.0,0.0,0.0,0.0,0.0,0.0,0.0,0.0,0.0,0.0,0.0,0.0,0.0,0.0,0.0
MRPL22,0.0,0.0,0.0,0.0,0.0,0.0,0.0,2.160399,0.0,0.0,0.0,0.0,0.0,0.0,0.0,0.0,0.0,0.0,0.0,0.0,0.0,0.0
CXCL1,0.0,0.0,0.0,0.0,0.0,0.0,0.0,2.9678564,0.0,0.0,0.0,0.0,0.0,0.0,0.0,0.0,0.0,0.0,0.0,0.0,0.0,0.0
DCN,0.0,0.0,0.0,0.0,0.0,0.0,1.4386,0.0,0.0,0.0,0.0,0.0,0.0,0.0,0.0,0.0,0.0,0.0,0.0,4.2156835,0.0,0.0
ATP5MK,0.0,0.0,0.0,0.0,0.0,0.0,1.1194087,0.0,2.591764,0.0,2.7567935,2.4006271,0.0,0.78681123,0.0,0.0,0.0,0.0,0.0,0.0,0.0,0.0
NDUFA4,2.9419792,0.0,0.0,0.0,0.0,0.0,2.296229,2.160399,2.9696085,1.383258,3.5028458,3.2066689,2.0664263,2.926079,0.0,2.4952815,0.0,0.0,3.1147828,2.404561,0.0,3.1864533
CAPG,0.0,0.0,0.0,0.0,0.0,0.0,0.0,0.0,0.0,0.0,0.0,0.0,0.0,2.302054,0.0,0.0,0.0,0.0,0.0,0.0,0.0,0.0
RPL29,0.0,0.0,0.0,0.0,0.0,0.0,1.1194087,2.9678564,0.0,0.0,0.0,0.0,0.0,0.0,0.0,0.0,3.1864293,0.0,0.0,0.0,0.0,0.0
GMFG,0.0,0.0,0.0,0.0,0.0,0.0,0.0,0.0,0.0,0.0,0.0,0.0,0.0,0.0,2.3924584,1.8718393,0.0,0.0,0.0,0.0,0.0,0.0
TAGLN,0.0,0.0,0.0,0.0,0.0,0.0,1.4405819,0.0,0.0,0.0,0.0,0.0,0.0,0.0,0.0,0.0,0.0,0.0,4.1776485,0.0,0.0,0.0
RPS16,3.0637722,3.2278872,0.0,3.1251278,2.6890318,2.5074797,2.7456546,0.0,2.387057,2.7923574,2.467656,2.1730607,2.8317087,2.7929208,2.8907495,0.0,3.0275393,2.7403724,0.0,2.9548297,3.2273626,0.0
RPS14,3.4535446,3.118267,2.6852047,2.8883524,0.0,0.0,2.9481812,3.8511596,0.0,0.0,0.0,0.0,0.0,0.0,2.2740207,0.0,0.0,0.0,3.1168704,0.0,2.9855301,0.0
APP,0.0,0.0,0.0,0.0,2.6858473,2.8109076,0.0,2.9678564,1.669483,0.0,0.0,0.0,0.0,0.0,0.0,0.0,0.0,0.0,0.0,2.4754899,0.0,0.0
ZFP36L1,0.0,0.0,0.0,0.0,0.0,0.0,0.0,2.160399,0.0,0.0,0.0,0.0,0.0,0.0,0.0,0.0,3.452557,2.7403724,0.0,0.0,0.0,0.0
GADD45B,0.0,0.0,0.0,0.0,0.0,0.0,0.0,0.0,0.0,0.0,0.0,0.0,0.0,0.0,0.0,0.0,0.0,0.0,2.624107,0.99674803,0.0,0.0
HERPUD1,3.0637722,2.5438104,3.1366427,0.0,0.0,0.0,0.0,0.0,0.0,0.0,0.0,0.0,0.0,0.0,0.0,0.0,0.0,0.0,0.0,2.2531743,0.0,0.0
SPINK1,0.0,0.0,0.0,0.0,0.0,0.0,0.0,0.0,0.0,0.0,1.5866008,0.0,0.0,0.0,0.0,0.0,0.0,0.0,0.0,0.0,0.0,0.0
FTH1,4.841611,0.0,0.0,4.3567586,0.0,0.0,1.1194087,2.8545496,2.983749,0.0,0.0,0.0,4.9237604,3.2697105,4.545846,0.0,0.0,4.9482307,3.0397773,0.0,0.0,0.0
NAP1L1,2.4162781,0.0,0.0,0.0,0.0,0.0,0.0,0.0,0.0,0.0,0.0,0.0,0.0,0.0,0.0,0.0,0.0,0.0,0.0,0.0,0.0,0.0
GLRX,0.0,0.0,0.0,0.0,0.0,0.0,0.0,0.0,1.6788144,0.0,0.0,0.0,0.0,0.0,0.0,0.0,0.0,0.0,0.0,0.0,0.0,0.0
ARPC2,0.0,0.0,0.0,1.9918563,0.0,0.0,1.3350308,0.0,0.0,0.0,0.0,0.0,2.2015028,0.0,2.524212,0.0,0.0,0.0,0.0,0.0,0.0,0.0
YBX1,0.0,0.0,0.0,0.0,0.0,0.0,1.2832137,0.0,0.0,0.0,0.0,0.0,0.0,0.0,0.0,0.0,0.0,0.0,0.0,0.0,0.0,0.0
RPL36A,0.0,0.0,0.0,0.0,0.0,0.0,0.0,0.0,0.0,0.0,0.0,0.0,0.0,0.0,0.0,0.96247464,0.0,0.0,0.0,0.0,2.4042833,0.0
LST1,3.4535446,0.0,0.0,0.0,0.0,0.0,0.0,0.0,0.0,0.0,0.0,0.0,2.2015028,0.0,2.7948995,0.0,0.0,0.0,0.0,0.0,0.0,0.0
SOX4,0.0,0.0,0.0,0.0,0.0,0.0,0.0,0.0,0.0,0.0,0.0,0.0,0.0,0.0,0.0,0.0,3.1931264,0.0,0.0,0.0,0.0,0.0
COX6B1,2.4162781,0.0,0.0,0.0,0.0,0.0,0.0,0.0,2.3071427,0.0,2.6750803,2.4153492,1.8640168,1.0786747,0.0,0.0,0.0,0.0,0.0,0.0,0.0,2.861229
PLPP3,0.0,0.0,0.0,0.0,0.0,2.8287072,0.0,0.0,0.0,0.0,0.0,0.0,0.0,0.0,0.0,0.0,0.0,0.0,0.0,0.0,0.0,0.0
IGFBP5,0.0,0.0,0.0,0.0,0.0,3.4298832,0.0,0.0,0.0,0.0,0.0,0.0,0.0,0.0,0.0,0.0,0.0,0.0,0.0,0.0,0.0,0.0
HSP90B1,0.0,2.542726,2.5929074,0.0,0.0,0.0,0.0,0.0,2.3728223,0.0,0.0,0.0,0.0,0.0,0.0,0.0,0.0,0.0,0.0,0.0,0.0,0.0
TPM1,0.0,0.0,0.0,0.0,0.0,0.0,0.0,2.9801917,0.0,0.0,0.0,0.0,0.0,0.0,0.0,0.0,0.0,0.0,0.0,0.0,0.0,0.0
IL1B,0.0,0.0,0.0,0.0,0.0,0.0,0.0,0.0,0.0,0.0,0.0,0.0,2.2924778,0.0,0.0,0.0,0.0,0.0,0.0,0.0,0.0,0.0
TGOLN2,2.4162781,0.0,0.0,0.0,0.0,0.0,0.0,0.0,0.0,0.0,0.0,0.0,0.0,0.0,0.0,0.0,0.0,0.0,0.0,0.0,0.0,0.0
HLA-C,0.0,0.0,0.0,2.2112148,0.0,2.885944,0.0,0.0,0.0,0.0,2.2670116,0.0,2.2874265,0.99510837,2.3408122,2.1942625,0.0,3.620698,0.0,2.47761,2.6776004,0.0
RPS18,3.0637722,3.009635,2.3942668,2.9963024,0.0,0.0,0.0,3.0145464,0.0,0.0,0.0,0.0,0.0,0.0,0.0,0.0,0.0,0.0,0.0,2.5400991,3.0454752,0.0
DEFA3,0.0,0.0,0.0,0.0,0.0,0.0,0.0,0.0,0.0,0.0,0.0,0.0,0.0,0.0,0.0,5.2282376,0.0,0.0,0.0,0.0,0.0,0.0
HNRNPC,0.0,0.0,0.0,0.0,0.0,0.0,0.0,2.160399,0.0,0.0,0.0,0.0,0.0,0.0,0.0,0.0,0.0,0.0,0.0,0.0,0.0,0.0
RPL21,3.7332869,3.9736223,2.6321208,2.9218016,0.0,0.0,2.6938374,4.031592,2.1600595,0.0,3.0196285,0.0,2.5210495,0.0,2.782014,0.0,0.0,0.0,3.0250554,3.516386,3.7372792,0.0
S100A8,0.0,0.0,0.0,0.0,0.0,0.0,0.0,0.0,0.0,0.0,0.0,0.0,2.2850447,0.0,3.0579545,6.8551407,0.0,3.4119895,0.0,0.0,0.0,0.0
CNN3,0.0,0.0,0.0,0.0,0.0,0.0,0.0,0.0,0.0,0.0,0.0,0.0,0.0,0.0,0.0,0.0,0.0,0.0,0.0,0.99674803,0.0,0.0
PLAAT4,2.4162781,0.0,0.0,0.0,0.0,0.0,0.0,0.0,0.0,0.0,2.3588278,0.0,0.0,0.0,0.0,0.0,0.0,0.0,0.0,0.0,0.0,0.0
HADHB,0.0,0.0,0.0,0.0,0.0,0.0,0.0,0.0,0.0,0.0,1.9579201,0.0,0.0,0.0,0.0,0.0,0.0,0.0,0.0,0.0,0.0,0.0
TMEM123,0.0,0.0,0.0,0.0,0.0,0.0,0.0,0.0,0.0,0.0,0.0,0.0,0.0,0.0,0.0,0.96247464,0.0,0.0,0.0,0.0,0.0,0.0
RPL37,0.0,2.7409391,0.0,2.671946,0.0,0.0,2.668189,0.0,1.5973887,0.0,2.194031,0.0,0.0,0.0,2.0497425,0.0,0.0,0.0,0.0,2.6434894,2.6478302,0.0
EPAS1,0.0,0.0,0.0,0.0,0.0,2.6108298,0.0,0.0,0.0,0.0,0.0,0.0,0.0,0.0,0.0,0.0,0.0,0.0,0.0,0.0,0.0,0.0
PECAM1,2.4162781,0.0,0.0,0.0,0.0,0.0,0.0,0.0,0.0,0.0,0.0,0.0,0.0,0.0,0.0,0.0,0.0,0.0,0.0,0.0,0.0,0.0
RPL7A,0.0,2.7110772,0.0,2.55267,0.0,2.0965147,1.3331584,0.0,2.1581953,2.4188905,2.4635904,2.1005955,2.3429363,2.450374,2.0652225,0.0,0.0,2.614342,0.0,2.404561,2.7862883,0.0
RTN3,0.0,0.0,0.0,0.0,0.0,0.0,0.0,0.0,0.0,0.0,0.0,0.0,0.0,0.0,0.0,0.89091444,0.0,0.0,0.0,0.0,0.0,0.0
RPL22,0.0,2.9327407,0.0,2.4260936,0.0,0.0,1.1194087,0.0,2.0676317,0.0,2.3644848,1.8505582,2.3240128,2.5866365,2.1993608,0.0,0.0,0.0,0.0,2.4100456,2.573111,0.0
SAT1,3.0755208,0.0,0.0,3.5742464,0.0,0.0,0.0,3.634961,0.0,0.0,0.0,0.0,4.2256026,0.0,3.828519,0.0,0.0,0.0,0.0,0.0,0.0,0.0
ATP1A1,0.0,0.0,0.0,0.0,0.0,0.0,0.0,0.0,0.0,0.0,0.0,2.4214053,0.0,0.0,0.0,0.0,0.0,0.0,0.0,0.0,0.0,3.035244
RPLP2,3.0637722,3.2418053,0.0,2.9118779,0.0,0.0,3.077119,2.9678564,0.0,2.7430592,0.0,0.0,0.0,0.0,2.1482704,0.0,0.0,3.010868,0.0,2.74683,2.8050528,0.0
MZB1,0.0,0.0,3.204398,0.0,0.0,0.0,0.0,0.0,0.0,0.0,0.0,0.0,0.0,0.0,0.0,0.0,0.0,0.0,0.0,0.0,0.0,0.0
RPS15A,0.0,3.6717792,0.0,3.2051547,2.9864268,2.7567935,2.7654011,0.0,2.5236843,0.0,2.8099294,2.4662986,2.952241,2.9987943,3.190889,2.3947256,0.0,3.620698,0.0,3.5679212,3.5640335,0.0
TUSC2,0.0,0.0,0.0,0.0,0.0,0.0,0.0,2.160399,0.0,0.0,0.0,0.0,0.0,0.0,0.0,0.0,0.0,0.0,0.0,0.0,0.0,0.0
ECHDC1,0.0,0.0,0.0,0.0,0.0,0.0,0.0,2.160399,0.0,0.0,0.0,0.0,0.0,0.0,0.0,0.0,0.0,0.0,0.0,0.0,0.0,0.0
GET1,0.0,0.0,0.0,0.0,0.0,0.0,0.0,2.160399,0.0,0.0,0.0,0.0,0.0,0.0,0.0,0.0,0.0,0.0,0.0,0.0,0.0,0.0
HLA-DQB1,0.0,0.0,0.0,3.0884218,0.0,0.0,0.0,0.0,0.0,0.0,0.0,0.0,0.0,0.0,0.0,0.0,0.0,0.0,0.0,0.0,0.0,0.0
CD99,0.0,0.0,0.0,0.0,0.0,0.0,0.0,0.0,0.0,0.0,0.0,0.0,0.0,0.0,0.0,0.0,0.0,2.614342,0.0,0.0,0.0,0.0
CLDN4,0.0,0.0,0.0,0.0,0.0,0.0,0.0,3.6476192,0.0,0.0,0.0,2.451389,0.0,0.0,0.0,0.0,0.0,0.0,0.0,0.0,0.0,0.0
LDHB,0.0,1.0457611,0.0,0.0,0.0,0.0,0.0,0.0,3.0910902,2.2225027,2.9539628,3.1454642,0.0,2.302054,0.0,0.0,0.0,0.0,0.0,1.0126872,0.0,3.542634
RPS11,3.7332869,3.631387,2.2874265,3.2741618,2.9135618,2.7805936,2.5099785,0.0,2.567723,0.0,2.7977884,2.549943,2.9436815,2.8196435,3.088421,1.9433994,0.0,3.3357792,2.4173574,3.0103564,3.2308571,2.9420195
BTG1,2.4162781,0.0,0.0,2.5855012,0.0,0.0,0.0,0.0,0.0,0.0,0.0,0.0,2.9004393,0.0,2.6285357,2.352871,0.0,3.010868,0.0,0.0,2.8716798,0.0
ASAH1,2.9419792,0.0,0.0,0.0,0.0,0.0,0.0,0.0,0.0,0.0,0.0,0.0,2.1376433,0.0,2.3772445,0.0,0.0,0.0,0.0,0.0,0.0,0.0
RPS4X,0.0,2.878307,0.0,2.6096692,0.0,2.1570113,1.1194087,0.0,2.1426072,0.0,2.5658731,2.3841457,2.3340514,2.608216,2.5877733,2.169547,0.0,3.010868,0.0,3.0033324,2.9626215,0.0
PLIN2,0.0,0.0,0.0,0.0,0.0,0.0,0.0,0.0,2.441276,0.0,0.0,0.0,2.713668,2.7642124,0.0,0.0,0.0,0.0,0.0,0.0,0.0,0.0
RGS2,0.0,3.731299,0.0,3.2181082,0.0,0.0,0.0,0.0,0.0,0.0,0.0,0.0,2.5168512,3.5654628,3.2437847,0.0,0.0,3.010868,0.0,0.0,0.0,0.0
SOD2,3.0637722,0.0,0.0,0.0,0.0,0.0,0.0,2.8545496,2.1381392,0.0,0.0,0.0,3.7816358,0.0,2.6941612,2.7549772,0.0,0.0,0.0,0.0,0.0,0.0
BSG,0.0,0.0,0.0,0.0,0.0,0.0,0.0,0.0,0.0,0.0,1.375587,0.0,0.0,0.0,0.0,0.0,0.0,0.0,0.0,0.0,0.0,0.0
RPS19,4.5082912,2.6204896,2.4407964,2.8242288,0.0,0.0,0.0,4.031592,0.0,0.0,0.0,0.0,0.0,0.0,2.8654125,0.0,0.0,0.0,2.8577256,2.404561,3.3215144,0.0
AQP1,0.0,0.0,0.0,0.0,0.0,0.0,0.0,2.160399,2.5523047,0.0,0.0,0.0,0.0,0.0,0.0,0.0,0.0,0.0,0.0,0.0,0.0,0.0
AIF1,3.7453146,0.0,0.0,3.0294108,0.0,0.0,0.0,0.0,0.0,0.0,0.0,0.0,3.2990522,0.0,3.7466602,0.0,0.0,2.3348935,0.0,0.0,0.0,0.0
ENSG00000211892,0.0,0.0,2.349342,0.0,0.0,0.0,0.0,0.0,0.0,0.0,0.0,0.0,0.0,0.0,0.0,0.0,0.0,0.0,0.0,0.0,0.0,0.0
ENSG00000226608,2.4162781,0.0,0.0,0.0,0.0,0.0,0.0,0.0,0.0,0.0,0.0,0.0,0.0,0.0,0.0,0.0,0.0,0.0,0.0,0.0,0.0,0.0
CIRBP,0.0,0.0,0.0,0.0,0.0,0.0,1.1768202,0.0,0.0,0.0,0.0,0.0,0.0,0.0,0.0,0.0,0.0,0.0,0.0,0.0,0.0,0.0
HLA-E,3.7332869,0.0,0.0,0.0,2.8438175,3.0755208,1.1768202,0.0,0.0,0.0,0.0,0.0,0.0,0.0,0.0,0.0,0.0,3.2701943,0.0,0.0,0.0,0.0
ATP6V0D2,0.0,0.0,0.0,0.0,0.0,0.0,0.0,0.0,0.0,0.0,2.6309242,0.0,0.0,0.0,0.0,0.0,0.0,0.0,0.0,0.0,0.0,0.0
COTL1,2.4162781,0.0,0.0,0.0,0.0,0.0,0.0,0.0,0.0,0.0,0.0,0.0,0.0,0.0,0.0,0.0,0.0,0.0,0.0,0.0,0.0,0.0
NDFIP1,0.0,0.0,0.0,0.0,0.0,0.0,1.1194087,0.0,0.0,0.0,0.0,0.0,0.0,0.0,0.0,0.0,0.0,0.0,0.0,0.0,0.0,0.0
CUBN,0.0,0.0,0.0,0.0,0.0,0.0,0.0,0.0,0.0,0.0,0.0,0.0,0.0,0.0,0.0,0.0,3.0275393,0.0,0.0,0.0,0.0,0.0
RPL4,0.0,2.6460972,0.0,2.3599129,0.0,0.0,0.0,2.160399,1.8047942,0.0,2.0691414,0.0,2.0509222,0.0,0.0,0.0,0.0,2.3348935,0.0,2.9618535,2.5456004,0.0
RHOB,2.4162781,0.0,0.0,0.0,0.0,2.2335923,0.0,0.0,0.0,0.0,0.0,0.0,0.0,0.0,0.0,0.0,0.0,0.0,0.0,0.0,0.0,0.0
TSC22D3,0.0,0.0,2.1310735,0.0,0.0,0.0,1.1768202,0.0,0.0,0.0,0.0,0.0,0.0,0.0,0.0,0.0,0.0,0.0,0.0,0.0,0.0,0.0
HSBP1,2.4162781,0.0,0.0,0.0,0.0,0.0,0.0,2.8545496,0.0,0.0,0.0,0.0,0.0,0.0,0.0,0.0,0.0,0.0,0.0,0.0,0.0,0.0
RPS8,3.0637722,3.0124054,2.010108,2.839765,2.7181046,2.5521228,0.0,0.0,2.2854414,0.0,2.5992243,2.262373,2.5434372,2.790763,2.7322755,2.4389331,3.1864293,2.7403724,0.0,2.7621367,2.9713638,0.0
TXNIP,0.0,0.0,0.0,0.0,0.0,0.0,0.0,0.0,0.0,0.0,2.366233,0.0,0.0,0.0,0.0,0.0,0.0,0.0,0.0,0.0,0.0,0.0
GPX4,0.0,0.0,0.0,0.0,0.0,0.0,0.0,2.160399,1.4976162,0.0,0.0,0.0,0.0,0.0,0.0,0.0,0.0,0.0,0.0,0.0,0.0,0.0
CSTB,0.0,0.0,0.0,0.0,0.0,0.0,0.0,0.0,0.0,0.0,0.0,0.0,1.9934961,0.0,0.0,0.0,0.0,0.0,0.0,0.0,0.0,0.0
GDF15,0.0,0.0,0.0,0.0,0.0,0.0,0.0,0.0,0.0,0.0,0.0,1.8180722,0.0,0.0,0.0,0.0,0.0,0.0,0.0,0.0,0.0,0.0
PSAP,3.7453146,2.212366,0.0,2.7985125,0.0,0.0,1.1194087,0.0,1.8930161,0.0,1.5874193,1.6913382,3.3210855,0.0,3.2874012,0.0,0.0,0.0,0.0,0.0,0.0,0.0
C12orf75,0.0,0.0,0.0,0.0,0.0,0.0,0.0,0.0,0.0,0.0,2.2934127,0.0,0.0,0.0,0.0,0.0,0.0,0.0,0.0,0.0,0.0,0.0
UQCRQ,0.0,0.0,0.0,0.0,0.0,0.0,0.0,0.0,2.4446328,0.0,2.7032104,1.8026757,0.0,0.0,0.0,0.0,0.0,0.0,0.0,0.0,0.0,0.0
CST3,2.4162781,0.0,0.0,3.4301262,0.0,0.0,2.460034,0.0,0.0,0.0,0.0,0.0,2.5327032,0.0,3.0163913,0.0,0.0,0.0,0.0,3.0571237,0.0,0.0
COX6C,0.0,0.0,0.0,0.0,0.0,0.0,0.0,2.7941787,2.33658,0.0,2.9913492,1.9091169,0.0,0.0,0.0,0.0,0.0,0.0,0.0,0.0,0.0,0.0
ARPC3,3.0637722,2.7383685,0.0,2.7381158,0.0,0.0,0.0,0.0,0.0,0.0,0.0,0.0,2.7554133,2.6474261,2.7349663,2.4796743,0.0,0.0,0.0,0.0,0.0,0.0
ATP6V0B,0.0,0.0,0.0,0.0,0.0,0.0,0.0,0.0,0.0,0.0,2.2539356,0.0,0.0,0.0,0.0,0.0,0.0,0.0,0.0,0.0,0.0,0.0
ACTN4,0.0,0.0,0.0,0.0,0.0,0.0,0.0,2.160399,0.0,0.0,0.0,0.0,0.0,0.0,0.0,0.0,0.0,0.0,0.0,0.0,0.0,0.0
ALDOB,0.0,0.0,0.0,0.0,0.0,0.0,0.0,0.0,1.6592407,0.0,0.0,0.0,0.0,0.0,0.0,0.0,0.0,0.0,0.0,0.0,0.0,0.0
ATP5F1B,0.0,0.0,0.0,0.0,0.0,0.0,0.0,0.0,0.0,0.0,2.1113727,0.0,0.0,0.0,0.0,0.0,0.0,0.0,0.0,0.0,0.0,0.0
PFN1,3.0755208,2.4691458,0.0,2.5284476,0.0,0.0,0.0,2.8545496,0.0,0.0,0.0,0.0,2.3684235,2.3137903,2.4265637,2.3844001,0.0,0.0,0.0,0.0,2.782014,0.0
RPL24,3.0637722,3.1366453,0.0,2.8440714,2.8827558,2.7163024,2.616372,0.0,2.6656942,2.8785405,2.913524,2.7176223,2.6490505,3.0702279,2.7215946,0.0,0.0,0.0,0.0,3.398685,3.0874224,1.288798
HLA-DPB1,0.0,2.698676,0.0,4.134269,0.0,0.0,0.0,0.0,0.0,0.0,0.0,0.0,2.7679136,0.0,2.6763394,0.0,0.0,2.614342,0.0,0.0,0.0,0.0
TMBIM6,0.0,0.0,2.095889,0.0,0.0,0.0,0.0,0.0,3.036935,2.827432,2.546413,2.4562483,2.260832,0.0,0.0,1.853389,0.0,0.0,0.0,0.0,0.0,0.0
MCL1,0.0,2.1017501,0.0,0.0,2.6805725,0.0,0.0,0.0,0.0,0.0,0.0,0.0,1.9767033,2.090886,0.0,0.0,0.0,0.0,0.0,0.0,0.0,0.0
FKBP2,0.0,0.0,2.236574,0.0,0.0,0.0,0.0,0.0,0.0,0.0,0.0,0.0,0.0,0.0,0.0,0.0,0.0,0.0,0.0,0.0,0.0,0.0
ATP6V1G1,0.0,0.0,0.0,0.0,0.0,0.0,0.0,2.9801917,0.0,0.0,1.538533,0.0,0.0,0.0,0.0,0.0,0.0,0.0,0.0,0.0,0.0,0.0
SEC62,0.0,0.0,0.0,0.0,0.0,0.0,1.1194087,0.0,1.7187777,0.0,2.0661256,0.0,1.6207329,0.0,0.0,1.8734183,0.0,0.0,0.0,2.5430546,0.0,0.0
SRSF7,0.0,0.0,0.0,0.0,0.0,0.0,0.0,0.0,0.0,0.0,0.0,0.0,0.0,0.0,0.0,0.0,0.0,2.9539628,0.0,0.0,0.0,0.0
MIF,0.0,0.0,0.0,0.0,0.0,0.0,0.0,0.0,0.0,0.0,2.609662,1.8165588,0.0,0.0,0.0,0.0,0.0,0.0,0.0,0.0,0.0,0.0
RPL15,3.7332869,2.542726,2.294614,2.8891463,0.0,2.4256234,2.7456546,2.160399,2.4860075,0.0,2.926804,2.059979,2.8242235,2.7136927,2.609662,2.9597287,3.250913,0.0,2.9819746,3.2456176,3.0072045,0.0
PTGS2,0.0,0.0,0.0,0.0,0.0,0.0,0.0,0.0,0.0,0.0,0.0,0.0,0.0,2.6114478,0.0,0.0,0.0,0.0,0.0,0.0,0.0,0.0
TMEM176A,0.0,0.0,0.0,0.0,0.0,0.0,0.0,0.0,1.7895753,0.0,0.0,0.0,0.0,0.0,0.0,0.0,0.0,0.0,0.0,0.0,0.0,0.0
SOCS3,0.0,0.0,0.0,0.0,0.0,2.8242235,0.0,0.0,0.0,0.0,0.0,0.0,0.0,0.0,0.0,0.0,0.0,0.0,0.0,0.0,0.0,0.0
RPS7,3.0755208,2.8094997,0.0,2.6582577,2.6395254,2.3306916,2.460034,0.0,2.4925957,0.0,2.2846494,2.0791793,2.4700055,2.7136927,2.3997154,0.0,0.0,0.0,0.0,0.0,2.8779912,0.0
S100A10,0.0,0.0,0.0,0.0,0.0,0.0,1.1768202,2.7941787,0.0,0.0,0.0,2.1200356,2.3067355,0.0,0.0,0.0,0.0,0.0,0.0,0.99674803,2.396079,0.0
ITFG1,0.0,0.0,0.0,0.0,0.0,0.0,0.0,2.9678564,0.0,0.0,0.0,0.0,0.0,0.0,0.0,0.0,0.0,0.0,0.0,0.0,0.0,0.0
IER2,0.0,0.0,0.0,0.0,0.0,0.0,0.0,0.0,0.0,0.0,0.0,0.0,0.0,0.0,0.0,0.0,3.1931264,0.0,0.0,0.99674803,0.0,0.0
SELENOP,0.0,0.0,0.0,0.0,0.0,0.0,0.0,0.0,2.1489396,0.0,0.0,0.0,0.0,0.0,0.0,0.0,3.1931264,0.0,0.0,2.404561,0.0,0.0
PDCD5,0.0,0.0,0.0,0.0,0.0,0.0,1.1194087,0.0,0.0,0.0,0.0,0.0,0.0,0.0,0.0,0.0,0.0,0.0,0.0,0.0,0.0,0.0
HES1,0.0,0.0,0.0,0.0,0.0,2.7905834,0.0,0.0,0.0,0.0,0.0,0.0,0.0,0.0,0.0,0.0,0.0,0.0,0.0,0.0,0.0,0.0
ATP6V0E1,0.0,0.0,0.0,0.0,0.0,0.0,0.0,0.0,1.9194694,0.0,2.6864786,2.5623686,0.0,0.0,0.0,2.1925526,0.0,0.0,0.0,0.0,0.0,0.0
SPP1,0.0,0.0,0.0,0.0,0.0,0.0,0.0,0.0,4.8203316,0.0,0.0,3.390266,0.0,0.0,0.0,0.0,0.0,0.0,0.0,0.0,0.0,0.0
CTSG,0.0,0.0,0.0,0.0,0.0,0.0,0.0,0.0,0.0,0.0,0.0,0.0,0.0,4.4788456,0.0,0.0,0.0,0.0,0.0,0.0,0.0,0.0
LCN2,0.0,0.0,0.0,0.0,0.0,0.0,0.0,0.0,0.0,0.0,0.0,0.0,0.0,0.0,0.0,3.3397474,0.0,0.0,0.0,0.0,0.0,0.0
CXCR4,0.0,3.3390706,0.0,2.484999,0.0,0.0,0.0,0.0,0.0,0.0,0.0,0.0,0.0,0.0,0.0,0.0,0.0,0.0,0.0,0.0,2.8065128,0.0
GSN,0.0,0.0,0.0,0.0,0.0,0.0,2.7237957,0.0,0.0,0.0,0.0,0.0,0.0,0.0,0.0,0.0,0.0,0.0,0.0,0.0,0.0,0.0
BHLHE40,0.0,0.0,0.0,0.0,0.0,2.0965147,0.0,0.0,0.0,0.0,0.0,0.0,0.0,0.90666556,0.0,0.0,0.0,0.0,0.0,0.0,0.0,0.0
MT2A,0.0,0.0,0.0,0.0,0.0,0.0,0.0,0.0,3.1014395,0.0,0.0,0.0,0.0,0.0,0.0,0.0,0.0,0.0,0.0,1.1695584,0.0,0.0
ALDH1A1,0.0,0.0,0.0,0.0,0.0,0.0,0.0,0.0,1.4932046,0.0,0.0,0.0,0.0,0.0,0.0,0.0,0.0,0.0,0.0,0.0,0.0,0.0
VIM,2.4162781,0.0,0.0,2.4966793,3.0697622,2.5575964,3.072443,3.0145464,0.0,0.0,0.0,0.0,2.8491673,3.1504636,2.1482704,2.855293,0.0,0.0,3.163366,3.4111862,2.5764725,0.0
COL1A1,0.0,0.0,0.0,0.0,0.0,0.0,2.738705,0.0,0.0,0.0,0.0,0.0,0.0,0.0,0.0,0.0,0.0,0.0,0.0,0.0,0.0,0.0
ADIRF,0.0,0.0,0.0,0.0,0.0,0.0,0.0,0.0,0.0,0.0,0.0,0.0,0.0,0.0,0.0,0.0,0.0,0.0,5.089387,0.0,0.0,0.0
IL32,0.0,0.0,0.0,0.0,0.0,0.0,0.0,0.0,2.0853267,0.0,0.0,0.0,0.0,0.0,0.0,0.0,0.0,0.0,0.0,0.0,0.0,0.0
PSMB3,0.0,0.0,0.0,0.0,0.0,0.0,0.0,2.160399,0.0,0.0,0.0,0.0,0.0,0.0,0.0,0.0,0.0,0.0,0.0,0.0,0.0,0.0
UQCR11,2.4162781,0.0,0.0,0.0,0.0,0.0,1.1768202,0.0,0.0,0.0,2.3474152,0.0,0.0,0.0,0.0,0.89091444,0.0,0.0,0.0,0.0,0.0,0.0
PPIB,0.0,0.0,0.0,0.0,0.0,0.0,1.1768202,0.0,0.0,0.0,0.0,0.0,0.0,0.0,0.0,0.0,0.0,0.0,0.0,2.1822457,0.0,0.0
NDUFB4,0.0,0.0,0.0,0.0,0.0,0.0,0.0,0.0,1.6325549,0.0,1.9527123,0.0,0.0,0.0,0.0,0.0,0.0,0.0,0.0,0.0,0.0,0.0
HSPB1,0.0,0.0,0.0,0.0,0.0,0.0,0.0,4.044362,0.0,0.0,0.0,0.0,0.0,0.0,0.0,0.0,0.0,0.0,3.0238385,0.0,0.0,0.0
TM4SF1,0.0,0.0,0.0,0.0,3.72966,3.0426197,0.0,0.0,0.0,0.0,0.0,0.0,0.0,0.0,0.0,0.0,0.0,0.0,0.0,0.0,0.0,0.0
MMP7,0.0,0.0,0.0,0.0,0.0,0.0,0.0,2.8545496,0.0,0.0,0.0,0.0,0.0,0.0,0.0,0.0,0.0,0.0,0.0,0.0,0.0,0.0
CALM1,0.0,0.0,0.0,0.0,2.8101811,2.4680264,2.743782,0.0,1.4841526,0.0,0.0,0.0,0.0,0.0,0.0,0.0,0.0,2.7403724,2.8146114,2.5686388,2.6864786,0.0
ATP6V1G3,0.0,0.0,0.0,0.0,0.0,0.0,0.0,0.0,0.0,0.0,3.2568953,0.0,0.0,0.0,0.0,0.0,0.0,0.0,0.0,0.0,0.0,0.0
RPS9,3.0637722,2.7609472,0.0,2.792739,2.6670578,2.1543114,0.0,0.0,2.145934,0.0,2.2474766,2.2184827,2.7609472,2.5770872,2.9053237,0.0,0.0,2.3348935,0.0,3.0626574,2.7006152,0.0
SUB1,2.9419792,1.2271506,0.0,2.0176911,0.0,0.0,1.1194087,0.0,1.5303752,0.0,2.0148816,1.8377872,0.0,2.7210417,0.0,0.0,0.0,2.614342,0.0,0.0,2.5764725,0.0
CXCL3,0.0,0.0,0.0,0.0,0.0,0.0,0.0,0.0,0.0,0.0,0.0,0.0,1.3192132,0.0,0.0,0.0,0.0,0.0,0.0,0.0,0.0,0.0
KRT18,0.0,0.0,0.0,0.0,0.0,0.0,0.0,2.160399,0.0,0.0,0.0,0.0,0.0,0.0,0.0,0.0,0.0,0.0,0.0,0.0,0.0,0.0
COX5B,0.0,0.0,0.0,0.0,0.0,0.0,0.0,0.0,2.0834808,0.0,2.5121527,2.3596954,0.0,0.0,0.0,0.0,0.0,0.0,0.0,0.0,0.0,3.1842504
NNMT,0.0,0.0,0.0,0.0,0.0,0.0,0.0,0.0,0.0,0.0,0.0,0.0,0.0,0.0,0.0,0.0,0.0,0.0,0.0,1.0126872,0.0,0.0
ENSG00000237550,0.0,2.4691458,0.0,0.0,0.0,0.0,2.587935,2.160399,0.0,0.0,0.0,0.0,0.0,0.0,0.0,0.0,0.0,0.0,0.0,1.2404871,0.0,0.0
BEX3,0.0,0.0,0.0,0.0,0.0,0.0,0.0,0.0,0.0,2.4188905,0.0,2.213568,0.0,0.0,0.0,0.0,0.0,0.0,0.0,0.0,0.0,2.8756194
EDF1,0.0,0.0,0.0,0.0,0.0,0.0,0.0,0.0,0.0,0.0,0.0,0.0,0.0,0.0,0.0,0.0,0.0,2.614342,0.0,0.0,0.0,0.0
MGST3,0.0,0.0,0.0,0.0,0.0,0.0,0.0,2.9801917,2.3825827,0.0,2.4181395,2.6309242,0.0,0.0,0.0,0.0,0.0,0.0,0.0,0.0,0.0,0.0
DAZAP2,0.0,0.0,0.0,0.0,0.0,0.0,0.0,2.9801917,0.0,0.0,0.0,0.0,0.0,0.0,0.0,2.3114152,3.250913,0.0,0.0,0.0,0.0,0.0
RPL6,0.0,3.124662,0.0,2.7749403,2.4805558,2.278727,1.1194087,0.0,2.4091067,0.0,2.9234643,2.5324368,2.5189478,2.8649597,2.7349663,0.0,0.0,2.6776004,0.0,2.587258,3.0974605,0.0
NDUFB1,0.0,0.0,0.0,0.0,0.0,0.0,0.0,0.0,1.9753652,0.0,2.0430663,0.0,0.0,0.0,0.0,0.0,0.0,0.0,0.0,0.0,0.0,0.0
HSP90AA1,2.9419792,0.0,0.0,0.0,0.0,0.0,0.0,2.160399,0.0,0.0,0.0,0.0,0.0,0.0,0.0,0.0,0.0,0.0,0.0,0.0,0.0,0.0
ENSG00000211897,0.0,0.0,3.0560234,0.0,0.0,0.0,0.0,0.0,0.0,0.0,0.0,0.0,0.0,0.0,0.0,0.0,0.0,0.0,0.0,0.0,0.0,0.0
CXCL2,0.0,0.0,0.0,0.0,0.0,0.0,0.0,0.0,0.0,0.0,0.0,0.0,2.7540352,0.0,0.0,0.0,0.0,0.0,0.0,0.0,0.0,0.0
TMEM59,0.0,0.0,0.0,0.0,0.0,0.0,1.1768202,0.0,2.126507,0.0,2.6576407,2.464082,0.0,0.0,0.0,0.0,3.0275393,0.0,0.0,0.0,0.0,0.0
CYSTM1,0.0,0.0,0.0,0.0,0.0,0.0,0.0,2.160399,1.9521935,0.0,2.7533474,2.674661,0.0,0.0,0.0,0.0,0.0,0.0,0.0,0.0,0.0,1.3529066
ATP5PO,0.0,0.0,0.0,0.0,0.0,0.0,0.0,0.0,1.5931592,0.0,2.4633446,0.0,0.0,0.0,0.0,0.0,0.0,0.0,0.0,0.0,0.0,0.0
ALOX5AP,0.0,2.6710658,0.0,0.0,0.0,0.0,0.0,0.0,0.0,0.0,0.0,0.0,0.0,0.99212056,0.0,2.0539734,0.0,0.0,0.0,0.0,0.0,0.0
FTL,5.3886957,0.0,2.6877544,3.7960644,0.0,0.0,0.0,0.0,4.602822,0.0,0.0,0.0,5.15204,2.6138802,5.0649195,0.0,3.8587005,0.0,0.0,0.0,0.0,0.0
CALD1,0.0,0.0,0.0,0.0,0.0,0.0,0.0,0.0,0.0,0.0,0.0,0.0,0.0,0.0,0.0,0.0,0.0,0.0,2.7992556,0.0,0.0,0.0
PPIA,0.0,2.6053858,0.0,2.3893046,0.0,0.0,0.0,2.9801917,2.0182688,0.0,2.2646887,2.3235974,1.9096065,2.4983497,0.0,0.0,0.0,0.0,0.0,0.0,2.5305724,0.0
ID2,0.0,0.0,0.0,2.2898157,0.0,0.0,0.0,0.0,0.0,0.0,2.1107328,0.0,0.0,3.1089602,0.0,0.0,0.0,3.2701943,0.0,2.4754899,0.0,0.0
FCER1G,3.0755208,0.0,0.0,2.9335177,0.0,0.0,0.0,0.0,0.0,0.0,0.0,0.0,3.2803395,2.7163112,3.3529243,2.4916592,0.0,2.7403724,0.0,0.0,0.0,0.0
DHRS7,0.0,0.0,0.0,0.0,0.0,0.0,0.0,0.0,0.0,0.0,2.0259464,0.0,0.0,0.0,0.0,0.0,0.0,0.0,0.0,0.0,0.0,0.0
RIPOR2,2.4162781,0.0,0.0,0.0,0.0,0.0,0.0,0.0,0.0,0.0,0.0,0.0,0.0,0.0,0.0,0.0,0.0,0.0,0.0,0.0,0.0,0.0
HSPA8,0.0,0.0,0.0,0.0,2.7492316,0.0,0.0,0.0,0.0,0.0,0.0,0.0,0.0,0.0,0.0,0.0,0.0,2.7403724,0.0,0.0,0.0,0.0
RPS28,0.0,2.818282,0.0,2.6146367,2.5523784,2.423746,0.0,2.7941787,2.3393288,0.0,2.3298538,2.103748,2.529509,2.7210417,2.6551776,0.0,0.0,0.0,0.0,0.99674803,2.9251318,0.0
CA12,0.0,0.0,0.0,0.0,0.0,0.0,0.0,0.0,0.0,0.0,2.4860075,0.0,0.0,0.0,0.0,0.0,0.0,0.0,0.0,0.0,0.0,0.0
KLF4,0.0,0.0,0.0,0.0,0.0,2.6084962,0.0,0.0,0.0,0.0,0.0,0.0,0.0,0.0,0.0,0.0,0.0,0.0,0.0,0.0,0.0,0.0
SAMSN1,0.0,0.0,0.0,0.0,0.0,0.0,0.0,0.0,0.0,0.0,0.0,0.0,0.0,2.5586982,0.0,0.96247464,0.0,0.0,0.0,0.0,0.0,0.0
HINT1,0.0,2.381814,0.0,0.0,0.0,0.0,1.1194087,2.7941787,2.8028677,0.0,2.297829,2.5168512,0.0,0.0,0.0,0.0,3.452557,0.0,0.0,0.0,2.614342,2.8488283
CXCL8,0.0,0.0,0.0,2.5822299,0.0,0.0,0.0,0.0,0.0,0.0,0.0,0.0,4.4123907,0.0,0.0,1.1935285,0.0,5.0443444,0.0,0.0,0.0,0.0
GPR183,0.0,4.7366223,0.0,3.6967196,0.0,0.0,0.0,0.0,0.0,0.0,0.0,0.0,3.1321764,0.0,0.0,0.0,0.0,0.0,0.0,0.0,0.0,0.0
ATP6AP2,0.0,0.0,0.0,0.0,0.0,0.0,0.0,0.0,0.0,0.0,3.071784,0.0,0.0,0.0,0.0,0.0,0.0,0.0,0.0,0.0,0.0,0.0
CNOT2,0.0,0.0,0.0,0.0,0.0,0.0,0.0,0.0,0.0,0.0,0.0,0.0,0.0,0.0,0.0,0.0,0.0,2.6776004,0.0,0.0,0.0,0.0
NDUFC1,0.0,0.0,0.0,0.0,0.0,0.0,0.0,0.0,1.8862216,0.0,0.0,0.0,0.0,0.0,0.0,0.0,0.0,0.0,0.0,0.0,0.0,0.0
RETREG1,0.0,0.0,0.0,0.0,0.0,0.0,0.0,0.0,1.3248668,0.0,0.0,0.0,0.0,0.0,0.0,0.0,0.0,0.0,0.0,0.0,0.0,0.0
RNASE1,0.0,0.0,0.0,0.0,2.6395416,2.8607407,0.0,0.0,0.0,0.0,0.0,0.0,0.0,0.0,0.0,0.0,0.0,0.0,0.0,0.0,0.0,0.0
RERGL,0.0,0.0,0.0,0.0,0.0,0.0,0.0,0.0,0.0,0.0,0.0,0.0,0.0,0.0,0.0,0.0,0.0,0.0,2.8339925,0.0,0.0,0.0
TPSAB1,0.0,0.0,0.0,0.0,0.0,0.0,0.0,0.0,0.0,0.0,0.0,0.0,0.0,4.019132,0.0,0.0,0.0,0.0,0.0,0.0,0.0,0.0
RPS10,0.0,2.1643972,0.0,0.0,0.0,0.0,0.0,0.0,0.0,0.0,0.0,0.0,0.0,0.0,0.0,0.0,0.0,0.0,0.0,2.0094352,2.4256234,0.0
GAPDH,2.4162781,0.0,0.0,2.6829805,2.689992,2.2440767,2.616372,2.8545496,2.781304,1.313077,2.5158048,2.6409476,2.7707157,3.022958,2.6763394,3.025676,0.0,3.0483398,2.5736852,2.6961327,2.876409,2.9262936
S100P,0.0,0.0,0.0,0.0,0.0,0.0,0.0,0.0,0.0,0.0,0.0,0.0,0.0,0.0,0.0,2.743105,0.0,0.0,0.0,0.0,0.0,0.0
GSTO1,2.4162781,0.0,0.0,0.0,0.0,0.0,0.0,0.0,0.0,0.0,0.0,0.0,0.0,0.0,0.0,0.0,0.0,0.0,0.0,0.0,0.0,0.0
NAMPT,0.0,0.0,0.0,0.0,0.0,0.0,0.0,0.0,0.0,0.0,0.0,0.0,2.5620005,0.0,2.5380533,0.0,0.0,2.614342,0.0,0.0,0.0,0.0
OAZ1,2.9419792,2.2877564,0.0,2.3442206,0.0,0.0,0.0,0.0,0.0,0.0,0.0,0.0,2.4723203,2.5351071,2.609662,2.4290257,0.0,0.0,0.0,0.0,0.0,0.0
MT1E,0.0,0.0,0.0,0.0,0.0,0.0,0.0,0.0,3.2731237,0.0,0.0,0.0,0.0,0.0,0.0,0.0,0.0,0.0,0.0,0.0,0.0,0.0
EEF1B2,0.0,2.1178954,0.0,2.052994,0.0,0.0,1.1768202,0.0,0.0,0.0,0.0,0.0,0.0,0.0,0.0,0.0,0.0,0.0,0.0,0.0,0.0,0.0
UBL5,2.9419792,0.0,0.0,0.0,0.0,0.0,0.0,0.0,2.2214088,0.969797,2.510592,2.4065766,0.0,0.90666556,0.0,2.3114152,0.0,2.8302066,0.0,0.0,0.0,0.0
MYH9,0.0,0.0,0.0,0.0,0.0,0.0,2.460034,0.0,0.0,0.0,0.0,0.0,0.0,0.0,0.0,0.0,0.0,0.0,0.0,0.0,0.0,0.0
CPA3,0.0,0.0,0.0,0.0,0.0,0.0,0.0,0.0,0.0,0.0,0.0,0.0,0.0,4.781762,0.0,0.0,0.0,0.0,0.0,0.0,0.0,0.0
CD83,0.0,2.7288423,0.0,0.0,0.0,0.0,0.0,0.0,0.0,0.0,0.0,0.0,0.0,0.0,0.0,0.0,0.0,0.0,0.0,0.0,0.0,0.0
IFI6,0.0,0.0,0.0,0.0,0.0,0.0,0.0,2.7941787,0.0,0.0,0.0,0.0,0.0,0.0,0.0,0.0,0.0,0.0,0.0,0.0,0.0,0.0
FAU,2.9419792,2.9201403,1.6588962,2.8375006,2.011856,2.3719406,1.1768202,0.0,2.1904974,0.0,2.6576407,2.4523587,2.6502724,2.8161316,2.7512858,2.0539734,0.0,2.8302066,2.52632,2.1663065,3.036935,2.8732548
GCA,0.0,0.0,0.0,0.0,0.0,0.0,0.0,0.0,0.0,0.0,0.0,0.0,0.0,0.0,0.0,2.4797978,0.0,0.0,0.0,0.0,0.0,0.0
FN1,0.0,0.0,0.0,0.0,0.0,0.0,4.086417,0.0,0.0,0.0,0.0,0.0,0.0,0.0,0.0,0.0,0.0,0.0,0.0,0.0,0.0,0.0
HMGN3,0.0,0.0,0.0,0.0,0.0,0.0,0.0,0.0,1.798037,0.0,0.0,0.0,0.0,0.0,0.0,0.0,0.0,0.0,0.0,0.0,0.0,0.0
IER3,0.0,0.0,0.0,0.0,0.0,0.0,0.0,0.0,0.0,0.0,0.0,0.0,0.0,0.0,0.0,0.0,0.0,0.0,0.0,1.3251362,0.0,0.0
DYNLL1,0.0,0.0,0.0,0.0,0.0,0.0,1.3350308,0.0,0.0,0.0,2.0225244,0.0,0.0,0.0,0.0,0.0,0.0,2.7403724,0.0,2.5095139,0.0,0.0
DDX5,0.0,2.6890655,0.0,2.2298808,2.8347664,2.8287072,0.0,2.7941787,1.6993284,0.0,2.4134946,2.0064778,2.2810905,2.6873703,2.1993608,0.0,0.0,2.614342,0.0,1.1695584,2.546684,0.0
C11orf58,0.0,0.0,0.0,0.0,0.0,0.0,0.0,2.160399,0.0,0.0,0.0,0.0,0.0,0.0,0.0,0.0,0.0,0.0,0.0,0.0,0.0,0.0
RACK1,3.0637722,2.639357,0.0,2.226972,0.0,0.0,0.0,0.0,2.0752094,0.0,0.0,0.0,2.150279,0.0,2.4951432,0.0,0.0,2.614342,0.0,2.738452,2.3273454,0.0
TSPAN6,0.0,0.0,0.0,0.0,0.0,0.0,0.0,2.160399,0.0,0.0,0.0,0.0,0.0,0.0,0.0,0.0,0.0,0.0,0.0,0.0,0.0,0.0
GAS5,2.4162781,2.6726117,0.0,0.0,2.4817767,0.0,0.0,0.0,1.5589347,0.0,2.138799,1.4755071,0.0,1.8825891,0.0,0.0,0.0,2.8302066,0.0,2.7630134,2.223977,0.0
RPS17,3.0637722,3.347649,0.0,3.0008292,2.667692,2.6466115,2.452567,0.0,2.62141,2.856595,2.8827558,2.4900556,2.713668,2.9269285,2.9004393,2.4916592,0.0,2.3348935,0.0,2.6636014,3.304933,0.0
RPL10,4.1307487,3.381308,2.4398398,3.094944,0.0,0.0,2.738705,3.6476192,0.0,0.0,0.0,0.0,2.0515127,2.5798738,2.835475,0.0,0.0,2.9539628,2.8819761,3.331762,3.0579545,0.0
TMEM230,0.0,0.0,0.0,0.0,0.0,0.0,0.0,2.8545496,0.0,0.0,0.0,0.0,0.0,0.0,0.0,0.0,0.0,0.0,0.0,0.0,0.0,0.0
ATP5F1C,0.0,0.0,0.0,0.0,0.0,0.0,0.0,0.0,1.6147413,0.0,2.1543114,0.0,0.0,0.0,0.0,0.0,0.0,0.0,0.0,0.0,0.0,0.0
BASP1,0.0,0.0,0.0,0.0,0.0,0.0,0.0,0.0,0.0,0.0,0.0,0.0,0.0,0.0,0.0,0.96247464,0.0,0.0,0.0,0.0,0.0,0.0
SLC2A3,0.0,0.0,0.0,0.0,0.0,2.5742302,0.0,0.0,0.0,0.0,0.0,0.0,2.5434372,2.5996103,0.0,0.0,0.0,2.7403724,0.0,0.0,0.0,0.0
RPS24,0.0,0.0,0.0,2.4596734,0.0,0.0,0.0,2.160399,0.0,0.0,0.0,0.0,0.0,0.0,0.0,0.0,0.0,0.0,0.0,0.0,0.0,0.0
RPL14,2.9419792,3.0756571,0.0,2.570878,0.0,0.0,1.1194087,0.0,2.1434927,0.0,2.4774687,2.0601275,2.261602,2.6026967,2.2740207,0.0,0.0,2.3348935,0.0,3.0626574,2.9168253,0.0
ATP5ME,0.0,0.0,0.0,0.0,0.0,0.0,0.0,0.0,1.5237596,0.0,0.0,0.0,0.0,0.0,0.0,0.0,0.0,0.0,0.0,0.0,0.0,0.0
KLF10,0.0,0.0,0.0,0.0,0.0,0.0,0.0,0.0,1.5926907,0.0,0.0,0.0,0.0,0.0,0.0,0.0,0.0,0.0,0.0,2.2657747,0.0,0.0
CYB5A,0.0,0.0,0.0,0.0,0.0,0.0,0.0,2.9678564,2.6044278,0.0,0.0,2.1116867,0.0,0.0,0.0,0.0,3.0275393,0.0,0.0,0.0,0.0,0.0
VAMP8,0.0,0.0,0.0,0.0,0.0,0.0,0.0,2.160399,0.0,0.0,0.0,0.0,0.0,0.0,0.0,0.0,0.0,0.0,0.0,0.0,0.0,0.0
C5AR1,0.0,0.0,0.0,0.0,0.0,0.0,0.0,0.0,0.0,0.0,0.0,0.0,2.132383,0.0,0.0,0.0,0.0,2.7512858,0.0,0.0,0.0,0.0
RPL35,0.0,2.990103,0.0,2.7547264,1.0272362,2.1456003,1.2547767,0.0,2.2049057,0.0,2.485755,2.1672182,2.4829838,2.6050086,2.524212,0.96247464,0.0,0.0,0.0,2.936949,2.964363,0.0
RPL27A,3.7332869,0.0,0.0,0.0,0.0,0.0,0.0,2.9801917,0.0,0.0,0.0,0.0,0.0,0.0,0.0,0.0,0.0,0.0,0.0,0.0,0.0,0.0
CTSB,0.0,0.0,0.0,2.0473962,0.0,0.0,0.0,0.0,2.1307464,0.0,0.0,0.0,2.7777603,0.0,0.0,0.0,3.250913,0.0,0.0,0.0,0.0,0.0
DBI,0.0,1.0296159,0.0,0.0,0.0,0.0,1.2547767,0.0,2.8272102,0.0,2.7229228,2.4079556,0.0,2.6090841,0.0,0.0,0.0,0.0,0.0,0.99674803,0.0,0.0
HSP90AB1,0.0,2.7838182,0.0,0.0,2.7371042,2.7176223,2.3741856,0.0,2.040077,0.0,2.3157403,2.3215222,0.0,2.5952423,0.0,0.0,3.452557,2.614342,0.0,2.5218139,2.2328486,0.0
EPCAM,0.0,0.0,0.0,0.0,0.0,0.0,0.0,0.0,0.0,0.0,2.017138,0.0,0.0,0.0,0.0,0.0,0.0,0.0,0.0,0.0,0.0,0.0
ENSG00000214485,0.0,0.0,0.0,0.0,0.0,0.0,0.0,0.0,0.0,0.0,0.0,0.0,0.0,0.0,0.0,0.0,0.0,0.0,0.0,0.99674803,0.0,0.0
RPL39,3.0637722,2.7600837,0.0,2.3790276,0.0,0.0,0.0,0.0,0.0,0.0,0.0,0.0,0.0,0.0,0.0,0.0,0.0,0.0,0.0,0.0,0.0,0.0
RPS25,3.6083915,2.4720006,0.0,2.2862372,0.0,0.0,1.3331584,0.0,0.0,0.0,0.0,0.0,0.0,0.0,0.0,0.0,0.0,0.0,0.0,2.438585,2.5158048,0.0
TMSB4X,5.2907214,0.0,0.0,5.173248,0.0,0.0,4.8894987,2.9678564,0.0,0.0,0.0,0.0,5.173766,2.7353797,5.222148,5.3641777,0.0,0.0,0.0,0.0,5.260464,0.0
NDUFA5,0.0,0.0,0.0,0.0,0.0,0.0,1.1194087,0.0,0.0,0.0,0.0,0.0,0.0,0.0,0.0,0.0,0.0,0.0,0.0,0.0,0.0,0.0
LYZ,3.2273626,0.0,0.0,3.1117039,0.0,0.0,0.0,0.0,0.0,0.0,0.0,0.0,3.3271077,0.0,3.575773,4.659893,0.0,0.0,0.0,0.0,0.0,0.0
CTSC,0.0,0.0,0.0,0.0,0.0,0.0,0.0,0.0,1.5678883,0.0,0.0,0.0,0.0,0.0,0.0,0.0,0.0,0.0,0.0,2.6961327,0.0,0.0
LAMTOR5,0.0,0.0,0.0,0.0,0.0,0.0,0.0,0.0,2.320901,0.0,0.0,0.0,0.0,0.0,0.0,0.0,3.1864293,0.0,0.0,0.0,0.0,0.0
NDUFB2,0.0,0.0,0.0,0.0,0.0,0.0,0.0,0.0,2.0250893,0.0,2.4925957,1.6370404,0.0,0.0,0.0,0.0,0.0,0.0,0.0,0.0,0.0,2.983457
PLAUR,0.0,0.0,0.0,0.0,0.0,0.0,0.0,0.0,0.0,0.0,0.0,0.0,2.6073318,0.0,0.0,0.0,0.0,2.9539628,0.0,0.0,0.0,0.0
ACTA2,0.0,0.0,0.0,0.0,0.0,0.0,0.0,0.0,0.0,0.0,0.0,0.0,0.0,0.0,0.0,0.0,0.0,0.0,4.133521,0.0,0.0,0.0
FKBP1A,0.0,0.0,0.0,0.0,0.86919975,0.0,1.1194087,2.160399,0.0,0.0,0.0,0.0,0.0,0.0,0.0,0.0,0.0,0.0,0.0,0.0,0.0,0.0
EZR,0.0,0.0,0.0,0.0,0.0,0.0,0.0,2.9678564,0.0,0.0,0.0,0.0,0.0,0.0,0.0,0.0,3.0275393,0.0,0.0,0.0,0.0,0.0
SLC25A6,2.9419792,0.0,0.0,0.0,0.0,0.0,0.0,0.0,0.0,0.0,0.0,0.0,0.0,0.0,0.0,0.0,0.0,0.0,0.0,0.0,0.0,0.0
WFDC2,0.0,0.0,0.0,0.0,0.0,0.0,0.0,0.0,0.0,0.0,0.0,2.7644238,0.0,0.0,0.0,0.0,0.0,0.0,0.0,0.0,0.0,0.0
GZMB,0.0,2.9712477,0.0,0.0,0.0,0.0,0.0,0.0,0.0,0.0,0.0,0.0,0.0,0.0,0.0,0.0,0.0,0.0,0.0,0.0,0.0,0.0
PEBP1,0.0,0.0,0.0,0.0,0.0,0.0,0.0,0.0,2.4315968,0.0,0.0,2.3636117,0.0,0.0,0.0,0.0,0.0,0.0,0.0,0.0,0.0,3.078508
ZFP36,0.0,0.0,0.0,0.0,0.0,2.913524,0.0,3.0145464,0.0,0.0,0.0,0.0,0.0,0.0,0.0,0.0,0.0,0.0,0.0,0.0,0.0,0.0
CCN2,0.0,0.0,0.0,0.0,0.0,0.0,1.2832137,0.0,0.0,0.0,0.0,0.0,0.0,0.0,0.0,0.0,0.0,0.0,0.0,0.0,0.0,0.0
TSC22D1,0.0,0.0,0.0,0.0,2.841068,2.1187396,2.587935,2.160399,0.0,0.0,0.0,0.0,0.0,0.0,0.0,0.0,0.0,0.0,3.1189113,2.5686388,0.0,0.0
ATP5F1E,2.9419792,0.0,0.0,0.0,0.0,0.0,0.0,2.9678564,0.0,0.0,2.3540716,0.0,0.0,0.0,0.0,0.0,0.0,0.0,0.0,0.0,0.0,0.0
GSTP1,2.4162781,0.0,0.0,0.0,0.0,0.0,0.0,3.456266,2.003975,3.1591141,2.3030813,2.6852047,0.0,0.0,0.0,0.0,0.0,0.0,2.336903,0.99674803,0.0,2.9306064
ARPC5,0.0,0.0,0.0,0.0,0.0,0.0,2.616372,0.0,0.0,0.0,0.0,0.0,0.0,0.0,0.0,0.0,0.0,0.0,0.0,0.0,0.0,0.0
RPS3A,0.0,3.700448,0.0,2.9904704,0.0,0.0,1.4303703,0.0,1.7863636,2.8383827,2.1975803,0.0,2.236574,0.0,2.2740207,0.0,0.0,0.0,2.527481,2.9854517,3.038826,0.0
CLIC1,0.0,1.2062845,0.0,0.0,0.0,0.0,0.0,2.9678564,0.0,0.0,0.0,0.0,0.0,2.090886,0.0,0.0,0.0,0.0,0.0,0.0,0.0,0.0
SPARCL1,0.0,0.0,0.0,0.0,0.0,0.0,0.0,0.0,0.0,0.0,0.0,0.0,0.0,0.0,0.0,0.0,0.0,0.0,2.9118915,0.0,0.0,0.0
RPS23,3.0637722,3.666525,0.0,3.2564974,0.0,2.617869,3.0645275,0.0,2.719606,0.0,2.6381292,2.3472013,2.8955812,3.1796045,2.9053237,2.4827166,0.0,0.0,0.0,3.1073484,3.190889,0.0
SDCBP,0.0,0.0,0.0,0.0,0.0,0.0,0.0,0.0,0.0,0.0,0.0,0.0,2.460156,2.3908093,0.0,0.0,0.0,2.6776004,0.0,0.0,0.0,0.0
RPL27,3.0637722,3.321058,0.0,2.7595615,0.0,0.0,0.0,2.8545496,0.0,0.0,0.0,0.0,1.6924223,0.0,2.194385,0.0,0.0,3.620698,0.0,2.8423295,2.4660518,0.0
COL3A1,0.0,0.0,0.0,0.0,0.0,0.0,1.1768202,0.0,0.0,0.0,0.0,0.0,0.0,0.0,0.0,0.0,0.0,0.0,0.0,0.0,0.0,0.0
NACA,3.0755208,3.0874312,0.0,2.6521192,2.08532,2.1271577,2.452567,0.0,2.4769714,0.0,2.4369795,2.2403166,2.6131697,2.5929303,2.681394,2.4194155,0.0,2.9539628,0.0,2.4691706,2.6669397,0.0
CPVL,2.9419792,0.0,0.0,0.0,0.0,0.0,0.0,0.0,0.0,0.0,0.0,0.0,0.0,0.0,0.0,0.0,0.0,0.0,0.0,0.0,0.0,0.0
MYL6,3.4535446,0.0,0.0,2.1894517,0.0,2.7651205,2.92451,3.6476192,2.639789,0.0,2.2040088,2.4985523,3.0266051,3.24093,2.4379303,3.414834,0.0,0.0,4.0363646,2.5040293,2.915173,0.0
HNRNPA2B1,0.0,0.0,0.0,0.0,0.0,2.1789465,0.0,0.0,0.0,0.0,0.0,0.0,0.0,0.0,0.0,1.853389,0.0,0.0,0.0,0.0,0.0,0.0
SNRPG,0.0,0.0,0.0,0.0,0.0,0.0,0.0,0.0,0.0,0.0,0.0,0.0,0.0,0.0,0.0,1.8734183,0.0,0.0,0.0,0.0,0.0,0.0
PARK7,0.0,0.0,0.0,0.0,0.0,0.0,0.0,2.160399,0.0,0.0,0.0,0.0,0.0,0.0,0.0,0.0,0.0,0.0,0.0,0.0,0.0,0.0
OCIAD2,0.0,0.0,0.0,0.0,0.0,0.0,0.0,0.0,2.4388847,0.0,0.0,0.0,0.0,0.0,0.0,0.0,0.0,0.0,0.0,0.0,0.0,0.0
CTSS,3.4535446,0.0,0.0,0.0,0.0,0.0,0.0,0.0,0.0,0.0,0.0,0.0,3.010868,0.0,3.1886563,0.0,0.0,0.0,0.0,0.0,0.0,0.0
S100A11,3.0637722,0.0,0.0,0.0,0.0,0.0,0.0,3.634961,0.0,0.0,0.0,0.0,2.1376433,0.0,2.2740207,0.0,0.0,0.0,0.0,0.0,0.0,0.0
ATF3,0.0,0.0,0.0,0.0,0.0,0.0,0.0,0.0,0.0,0.0,0.0,0.0,0.0,0.0,0.0,0.0,0.0,0.0,0.0,2.5770783,0.0,0.0
NPM1,3.0637722,2.2677922,0.0,0.0,0.0,0.0,0.0,0.0,0.0,0.0,0.0,0.0,0.0,0.0,0.0,0.0,0.0,0.0,0.0,2.0094352,0.0,0.0
CD24,0.0,0.0,0.0,0.0,0.0,0.0,0.0,3.634961,1.7409159,0.0,2.7390177,2.9226317,0.0,0.0,0.0,3.0888033,0.0,0.0,0.0,0.0,0.0,2.851694
HCLS1,2.4162781,0.0,0.0,0.0,0.0,0.0,0.0,0.0,0.0,0.0,0.0,0.0,0.0,0.0,0.0,0.0,0.0,0.0,0.0,0.0,0.0,0.0
TOMM7,0.0,0.0,0.0,0.0,0.0,0.0,0.0,0.0,0.0,0.0,1.7897184,0.0,0.0,0.0,0.0,0.0,0.0,0.0,0.0,0.0,0.0,0.0
COMMD6,2.9419792,2.661352,0.0,2.0221207,0.0,0.0,0.0,0.0,1.6938705,0.0,2.3895283,0.0,0.0,0.0,0.0,0.0,0.0,0.0,0.0,2.404561,0.0,0.0
PDZK1IP1,0.0,0.0,0.0,0.0,0.0,0.0,0.0,0.0,3.380161,0.0,0.0,0.0,0.0,0.0,0.0,0.0,0.0,0.0,0.0,0.0,0.0,0.0
THBD,0.0,0.0,0.0,0.0,0.0,2.104064,0.0,0.0,0.0,0.0,0.0,0.0,0.0,0.0,0.0,0.0,0.0,0.0,0.0,0.0,0.0,0.0
SRSF5,2.9419792,0.0,0.0,0.0,0.0,0.0,0.0,0.0,0.0,0.0,0.0,0.0,0.0,0.0,0.0,0.0,0.0,0.0,0.0,0.0,0.0,0.0
PTPRC,2.9419792,0.0,0.0,0.0,0.0,0.0,0.0,0.0,0.0,0.0,0.0,0.0,0.0,0.0,0.0,0.0,0.0,0.0,0.0,0.0,0.0,0.0
RPL38,0.0,2.2620301,0.0,2.6315227,2.6220002,2.451389,0.0,2.8545496,2.2644958,0.0,2.3227668,0.0,2.5843675,2.3773074,2.6225934,0.0,0.0,0.0,0.0,2.5095139,2.899628,0.0
FLT1,0.0,0.0,0.0,0.0,0.0,1.6756306,0.0,0.0,0.0,0.0,0.0,0.0,0.0,0.0,0.0,0.0,0.0,0.0,0.0,0.0,0.0,0.0
RPL23,3.2273626,3.14884,0.0,2.9561205,2.8427646,2.7163024,2.460034,0.0,2.6082048,0.0,2.7519727,2.4465575,2.8622952,2.9593146,3.040721,0.0,0.0,3.2701943,2.47647,2.964976,2.9944983,0.0
RPL36AL,0.0,2.8341994,0.0,2.5407495,0.0,0.0,0.0,2.8545496,2.0874894,1.111254,2.185927,2.2858381,2.3915558,2.7500005,2.5305724,0.0,0.0,2.7512858,0.0,2.594163,2.816801,0.0
RPL19,3.0755208,3.5726433,0.0,3.1387546,2.8161142,2.163801,2.5099785,3.1790447,2.6073318,2.6081028,2.713668,2.7322755,2.6839328,2.7426293,2.7540352,0.0,3.1864293,3.4007142,2.6076307,3.0938969,3.1158116,3.0108848
POMP,2.4162781,0.0,0.0,0.0,0.0,0.0,1.2832137,0.0,1.3042003,0.0,0.0,0.0,1.9869515,0.0,0.0,0.0,0.0,0.0,0.0,0.0,0.0,0.0
LDHA,0.0,0.0,0.0,0.0,0.0,0.0,0.0,2.7941787,0.0,0.0,1.4723204,1.8882422,2.3502,0.0,0.0,2.209049,0.0,0.0,0.0,0.0,2.4660518,0.0
TAGLN2,0.0,0.0,0.0,0.0,0.0,0.0,0.0,0.0,0.0,0.0,0.0,0.0,0.0,0.0,0.0,0.0,0.0,2.3348935,0.0,0.0,0.0,0.0
HMGB1,0.0,0.0,0.0,0.0,0.0,0.0,2.296229,0.0,0.0,0.0,0.0,0.0,0.0,2.6008234,0.0,2.1744533,0.0,0.0,0.0,1.0126872,2.373705,0.0
VCAN,0.0,0.0,0.0,0.0,0.0,0.0,1.2832137,0.0,0.0,0.0,0.0,0.0,0.0,0.0,0.0,0.0,0.0,0.0,0.0,0.0,0.0,0.0
SPARC,0.0,0.0,0.0,0.0,2.8988404,2.8407748,2.983058,0.0,0.0,0.0,0.0,0.0,0.0,0.0,0.0,0.0,0.0,0.0,0.0,2.6129038,0.0,0.0
HIGD2A,2.4162781,0.0,0.0,0.0,0.0,0.0,0.0,0.0,0.0,0.0,0.0,0.0,0.0,0.0,0.0,0.0,0.0,0.0,0.0,0.0,0.0,0.0
PFDN5,2.9419792,2.654612,0.0,2.628539,2.6708765,0.0,2.4315968,0.0,2.2810905,2.2774386,2.5620005,2.352779,2.6309242,2.5929303,2.9585705,1.9634287,0.0,2.614342,0.0,2.2317507,2.6776004,0.0
UBC,0.0,2.9439976,0.0,0.0,2.776845,0.0,0.0,3.0145464,2.5697627,2.7042289,0.0,2.7222586,0.0,0.0,0.0,0.0,3.250913,3.2701943,0.0,0.0,0.0,0.0
CXCL14,0.0,0.0,0.0,0.0,0.0,0.0,0.0,0.0,3.2137446,0.0,0.0,0.0,0.0,0.0,0.0,0.0,3.7019362,0.0,0.0,0.0,0.0,0.0
EMP1,0.0,0.0,0.0,0.0,3.1847239,0.0,2.5379906,0.0,0.0,0.0,0.0,0.0,0.0,0.0,0.0,0.0,0.0,0.0,0.0,0.0,0.0,0.0
NAT8,0.0,0.0,0.0,0.0,0.0,0.0,0.0,0.0,3.164761,0.0,0.0,0.0,0.0,0.0,0.0,0.0,0.0,0.0,0.0,0.0,0.0,0.0
TMSB10,4.5082912,0.0,0.0,3.6483858,0.0,0.0,1.7420883,4.0799,0.0,0.0,0.0,0.0,3.4481254,0.0,3.6439853,0.0,0.0,0.0,0.0,0.0,0.0,0.0
TPM4,0.0,0.0,0.0,0.0,0.0,0.0,1.2547767,0.0,0.0,0.0,0.0,0.0,0.0,0.0,0.0,0.0,0.0,0.0,0.0,0.0,0.0,0.0
OSTC,0.0,0.0,0.0,0.0,0.0,0.0,0.0,2.160399,0.0,0.0,0.0,0.0,0.0,0.0,0.0,0.0,0.0,0.0,0.0,0.0,0.0,0.0
GRINA,0.0,0.0,0.0,0.0,0.0,0.0,0.0,2.160399,0.0,0.0,0.0,0.0,0.0,0.0,0.0,0.0,0.0,0.0,0.0,0.0,0.0,0.0
HMGN2,0.0,0.0,0.0,0.0,0.0,0.0,0.0,0.0,0.0,0.0,0.0,0.0,0.0,0.0,0.0,0.96247464,0.0,0.0,0.0,0.0,0.0,0.0
TYMP,3.0637722,0.0,0.0,0.0,0.0,0.0,0.0,0.0,0.0,0.0,0.0,0.0,0.0,0.0,0.0,0.0,0.0,0.0,0.0,0.0,0.0,0.0
ARLN,2.9419792,0.0,0.0,0.0,0.0,0.0,2.4026225,0.0,1.4969426,0.0,0.0,0.0,0.0,0.0,0.0,0.0,0.0,0.0,0.0,2.1663065,0.0,0.0
HLA-A,0.0,1.0296159,0.0,2.4844956,2.8650036,3.010868,2.4315968,2.160399,2.3763583,0.0,2.4204707,0.0,2.5686498,2.715673,2.5305724,2.4582021,0.0,2.97665,0.0,0.0,2.887543,0.0
YPEL5,0.0,2.1643972,0.0,0.0,0.0,0.0,0.0,0.0,0.0,0.0,0.0,0.0,0.0,0.0,0.0,0.0,0.0,0.0,0.0,0.0,0.0,0.0
TPT1,0.0,0.0,0.0,0.0,0.0,0.0,1.1768202,3.5184834,2.2471006,0.0,0.0,0.0,0.0,0.0,0.0,0.0,0.0,0.0,0.0,0.0,0.0,0.0
RPS27,4.414405,4.0208387,0.0,3.3138676,0.0,0.0,1.1768202,3.456266,0.0,0.0,2.6514962,0.0,2.4961646,2.6322212,3.2204132,0.0,0.0,0.0,0.0,1.6856476,4.466864,0.0
CCL5,0.0,0.0,0.0,0.0,0.0,0.0,0.0,0.0,0.0,0.0,0.0,0.0,0.0,0.0,0.0,0.0,0.0,0.0,0.0,0.0,2.6551776,0.0
CRYAB,0.0,0.0,0.0,0.0,0.0,0.0,0.0,3.456266,2.7045116,0.0,0.0,0.0,0.0,0.0,0.0,0.0,0.0,0.0,0.0,0.0,0.0,0.0
PDIA3,0.0,0.0,0.0,0.0,0.0,0.0,0.0,2.160399,0.0,0.0,0.0,0.0,0.0,0.0,0.0,0.0,0.0,0.0,0.0,0.0,0.0,0.0
GPX3,0.0,0.0,0.0,0.0,0.0,0.0,0.0,0.0,4.0673594,0.0,0.0,0.0,0.0,0.0,0.0,0.0,0.0,0.0,0.0,1.1695584,0.0,0.0
ENO1,2.4162781,0.0,0.0,0.0,0.0,0.0,0.0,0.0,1.4846814,0.0,0.0,0.0,0.0,0.0,0.0,0.0,0.0,0.0,0.0,0.0,0.0,0.0
RPL41,3.0637722,0.0,0.0,0.0,0.0,0.0,0.0,2.8545496,0.0,0.0,0.0,0.0,0.0,0.0,0.0,0.0,0.0,0.0,0.0,2.7815995,0.0,0.0
RPS15,0.0,0.0,1.6588962,2.5043793,0.0,0.0,0.0,2.9801917,1.8406842,0.0,0.0,0.0,2.4246843,2.5929303,0.0,0.0,0.0,0.0,0.0,0.0,2.8257155,0.0
PRDX4,0.0,0.0,1.8176379,0.0,0.0,0.0,0.0,0.0,0.0,0.0,0.0,0.0,0.0,0.0,0.0,0.0,0.0,0.0,0.0,0.0,0.0,0.0
DUSP1,0.0,0.0,0.0,0.0,0.0,0.0,2.668189,0.0,0.0,0.0,0.0,0.0,0.0,0.0,0.0,0.0,0.0,3.010868,2.974969,0.0,0.0,0.0
RPL23A,3.2273626,3.485238,0.0,3.0540965,2.685213,2.663829,2.7635288,2.9678564,2.443672,3.03329,2.6591835,2.510592,2.762058,2.7976685,2.8438175,2.5838628,0.0,2.9539628,2.7992556,3.4144697,3.6230602,0.0
RPL8,0.0,2.493669,0.0,2.601533,0.0,2.2433233,2.7654011,3.634961,2.2011454,0.0,2.5121527,2.2206755,2.3099985,2.4983497,2.6551776,0.9809248,0.0,0.0,0.0,2.804456,2.6131697,0.0
HPGDS,0.0,0.0,0.0,0.0,0.0,0.0,0.0,0.0,0.0,0.0,0.0,0.0,0.0,2.5929303,0.0,0.0,0.0,0.0,0.0,0.0,0.0,0.0
HSPA5,0.0,0.0,0.0,0.0,0.0,0.0,1.1194087,2.8545496,2.8201337,0.0,2.1300933,0.0,0.0,2.36755,0.0,0.98250395,0.0,0.0,0.0,1.2404871,0.0,0.0
RTN4,0.0,0.0,0.0,0.0,0.0,0.0,1.1768202,0.0,2.155829,0.0,3.3959398,1.9891269,0.0,0.0,0.0,0.0,0.0,0.0,0.0,0.0,0.0,0.0
SUCLG1,0.0,0.0,0.0,0.0,0.0,0.0,0.0,0.0,1.6176481,0.0,0.0,0.0,0.0,0.0,0.0,0.0,0.0,0.0,0.0,0.0,0.0,0.0
RGS1,0.0,3.1461742,0.0,3.225041,0.0,0.0,0.0,0.0,0.0,0.0,0.0,0.0,0.0,3.3835225,0.0,0.0,0.0,0.0,0.0,0.0,0.0,0.0
EIF4G2,0.0,0.0,0.0,0.0,0.0,0.0,1.1768202,0.0,0.0,0.0,0.0,0.0,0.0,0.0,0.0,0.89091444,0.0,0.0,0.0,0.0,0.0,0.0
SRP14,0.0,0.0,0.0,0.0,0.0,0.0,1.1768202,2.9678564,1.8429134,0.0,2.1610785,0.0,0.0,0.0,0.0,1.853389,0.0,0.0,0.0,0.0,0.0,0.0
OST4,0.0,2.1178954,0.0,0.0,0.0,0.0,0.0,0.0,2.003975,0.0,2.4355497,2.0592318,0.0,2.5151672,0.0,0.89091444,0.0,2.6776004,0.0,0.0,0.0,0.0
NKG7,0.0,0.0,0.0,0.0,0.0,0.0,0.0,0.0,0.0,0.0,0.0,0.0,0.0,0.0,0.0,2.423902,0.0,0.0,0.0,0.0,0.0,0.0
FOS,0.0,0.0,0.0,0.0,0.0,0.0,0.0,0.0,0.0,0.0,0.0,0.0,0.0,0.0,0.0,0.0,0.0,0.0,3.2044678,0.0,0.0,0.0
SLC12A1,0.0,0.0,0.0,0.0,0.0,0.0,0.0,0.0,0.0,0.0,0.0,0.0,0.0,0.0,0.0,0.0,0.0,0.0,0.0,0.0,0.0,3.0474086
HSPE1,0.0,1.0457611,0.0,2.0521047,0.0,0.0,0.0,0.0,2.7123542,0.0,2.6903114,2.316564,0.0,0.0,2.6941612,0.0,0.0,2.7512858,0.0,0.0,0.0,0.0
HSPA1B,0.0,0.0,0.0,0.0,0.0,0.0,0.0,0.0,0.0,0.0,0.0,0.0,0.0,0.0,0.0,0.0,0.0,2.7403724,0.0,0.0,0.0,0.0
GEM,0.0,0.0,0.0,0.0,0.0,0.0,0.0,0.0,0.0,0.0,0.0,0.0,0.0,0.0,0.0,0.0,0.0,0.0,0.0,2.8156567,0.0,0.0
FGL2,2.4162781,0.0,0.0,0.0,0.0,0.0,0.0,0.0,0.0,0.0,0.0,0.0,0.0,0.0,0.0,0.0,0.0,0.0,0.0,0.0,0.0,0.0
SLC25A5,0.0,0.0,0.0,0.0,0.0,0.0,0.0,0.0,1.5947233,0.0,2.3861601,0.0,0.0,0.0,0.0,0.0,0.0,0.0,0.0,0.0,0.0,0.0
KNG1,0.0,0.0,0.0,0.0,0.0,0.0,0.0,0.0,0.0,0.0,0.0,0.0,0.0,0.0,0.0,0.0,0.0,0.0,0.0,0.0,0.0,3.1998978
CALM2,0.0,0.0,0.0,0.0,0.0,0.0,1.1194087,3.1790447,0.0,0.0,2.6866913,2.1772108,2.129766,0.0,1.7118617,2.1560032,0.0,0.0,3.1117039,2.5095139,0.0,0.0
ANXA3,0.0,0.0,0.0,0.0,0.0,0.0,0.0,0.0,0.0,0.0,0.0,0.0,0.0,0.0,0.0,1.8718393,0.0,0.0,0.0,0.0,0.0,0.0
RPS20,0.0,3.141931,0.0,2.7806349,0.0,2.6826625,2.713584,0.0,2.4890423,0.0,2.5402029,0.0,2.6864786,2.9147124,2.3997154,2.2735562,0.0,0.0,2.5503411,2.964976,3.3515942,0.0
PRDX3,0.0,0.0,0.0,0.0,0.0,0.0,1.1194087,0.0,0.0,0.0,0.0,0.0,0.0,0.0,0.0,0.0,0.0,0.0,0.0,0.0,0.0,0.0
RPL18,2.4162781,2.8036923,0.0,2.5852175,2.6695175,0.0,0.0,0.0,1.7791631,0.0,2.1237473,0.0,2.032258,2.490366,2.519998,0.0,0.0,2.7403724,0.0,2.5095139,2.7032104,0.0
ELOB,0.0,0.0,0.0,0.0,0.0,0.0,0.0,0.0,0.0,0.0,0.0,0.0,0.0,0.0,0.0,0.96247464,0.0,0.0,0.0,0.0,0.0,0.0
HPGD,0.0,0.0,0.0,0.0,0.0,0.0,0.0,0.0,0.0,0.0,0.0,0.0,0.0,2.5964026,0.0,0.0,0.0,0.0,0.0,0.0,0.0,0.0
YWHAZ,2.4162781,0.0,0.0,0.0,0.0,0.0,0.0,0.0,0.0,0.0,0.0,0.0,0.0,1.9872289,0.0,0.0,0.0,0.0,0.0,0.0,0.0,0.0
RPL34,3.7332869,3.4070442,2.6877544,2.7525454,0.0,0.0,1.1194087,4.196697,2.5726452,0.0,2.3219378,0.0,2.4134946,2.8311238,2.519998,0.0,0.0,0.0,3.028008,1.1695584,3.166625,0.0
MRPL33,0.0,0.0,0.0,0.0,0.0,0.0,0.0,2.9678564,0.0,0.0,1.4753885,1.995965,0.0,0.0,0.0,0.0,0.0,0.0,0.0,0.0,0.0,0.0
SEC61B,0.0,2.6311183,0.0,0.0,0.0,0.0,0.0,0.0,0.0,0.0,0.0,0.0,0.0,1.6934768,0.0,0.0,0.0,0.0,0.0,0.0,0.0,0.0
ATP5MC3,0.0,0.0,0.0,0.0,0.0,0.0,0.0,0.0,2.526327,0.0,2.5532148,2.2408795,0.0,0.0,0.0,0.0,0.0,0.0,0.0,0.0,0.0,0.0
ATP5F1A,0.0,0.0,0.0,0.0,0.0,0.0,0.0,0.0,1.7355107,0.0,2.407036,0.0,0.0,0.0,0.0,0.0,0.0,0.0,0.0,0.0,0.0,0.0
UBB,0.0,0.0,0.0,0.0,0.0,0.0,1.3350308,0.0,2.540472,0.0,2.9465256,2.1651673,0.0,2.7097359,0.0,0.0,0.0,0.0,2.9005334,0.99674803,0.0,0.0
PLAAT3,0.0,0.0,0.0,0.0,0.0,0.0,0.0,2.160399,0.0,0.0,0.0,0.0,0.0,0.0,0.0,0.0,0.0,0.0,0.0,0.0,0.0,0.0
RPL35A,0.0,0.0,0.0,2.1105728,0.0,0.0,1.1768202,2.8545496,0.0,0.0,0.0,0.0,0.0,0.0,0.0,0.0,0.0,0.0,0.0,0.0,2.6273441,0.0
CSTA,0.0,0.0,0.0,0.0,0.0,0.0,0.0,0.0,0.0,0.0,0.0,0.0,0.0,0.0,0.0,2.3799133,0.0,0.0,0.0,0.0,0.0,0.0
TIMP3,0.0,0.0,0.0,0.0,0.0,2.5742302,3.3226876,0.0,0.0,0.0,0.0,0.0,0.0,0.0,0.0,0.0,0.0,0.0,0.9864812,0.0,0.0,0.0
B2M,5.323408,3.3714533,3.2055328,4.072075,0.0,4.147356,3.747059,2.9801917,0.0,0.0,2.3519225,0.0,4.51721,2.6237917,4.4416633,0.0,0.0,4.0760965,0.0,0.0,4.604045,0.0
SSR3,0.0,0.0,0.0,0.0,0.0,0.0,0.0,2.160399,0.0,0.0,0.0,0.0,0.0,0.0,0.0,0.0,0.0,0.0,0.0,0.0,0.0,0.0
ANXA11,0.0,0.0,0.0,0.0,0.0,0.0,0.0,2.160399,0.0,0.0,0.0,0.0,0.0,0.0,0.0,0.0,0.0,0.0,0.0,0.0,0.0,0.0
RPL9,0.0,3.1456676,0.0,2.6202407,0.0,0.0,2.7635288,2.7941787,1.7808049,0.0,2.4918332,1.9639539,0.0,0.0,0.0,0.0,0.0,3.010868,0.0,2.8930268,0.0,0.0
TYROBP,3.0637722,0.0,0.0,2.7891493,0.0,0.0,0.0,0.0,0.0,0.0,0.0,0.0,3.038826,0.0,3.1035366,0.0,0.0,0.0,0.0,0.0,0.0,0.0
OLR1,0.0,0.0,0.0,0.0,0.0,0.0,0.0,0.0,0.0,0.0,0.0,0.0,2.193677,0.0,0.0,0.0,0.0,0.0,0.0,0.0,0.0,0.0
FKBP11,0.0,0.0,2.1180959,0.0,0.0,0.0,0.0,0.0,0.0,0.0,0.0,0.0,0.0,0.0,0.0,0.0,0.0,0.0,0.0,0.0,0.0,0.0
SELENOK,0.0,0.0,0.0,0.0,0.0,0.0,0.0,0.0,0.0,0.0,0.0,0.0,0.0,2.503246,0.0,0.0,0.0,0.0,0.0,0.0,0.0,0.0
RPS13,3.0755208,3.340559,0.0,2.7992365,0.0,2.4190707,2.668189,2.160399,2.4056587,0.0,2.5554028,0.0,2.9368918,2.6677532,2.9036927,0.0,0.0,0.0,0.0,2.7621367,2.8955812,0.0
KLF6,0.0,0.0,0.0,0.0,0.0,0.0,0.0,2.160399,0.0,0.0,0.0,0.0,0.0,0.0,0.0,0.0,0.0,2.8302066,0.0,0.0,0.0,0.0
COX8A,0.0,0.0,0.0,0.0,0.0,0.0,0.0,0.0,0.0,0.0,2.4190707,1.6951442,0.0,0.0,0.0,0.0,0.0,0.0,0.0,0.0,0.0,1.288798
GRN,0.0,0.0,0.0,0.0,0.0,0.0,2.296229,2.160399,0.0,0.0,0.0,0.0,0.0,0.0,0.0,0.0,0.0,0.0,0.0,0.0,0.0,0.0
S100A9,0.0,0.0,0.0,0.0,0.0,0.0,0.0,0.0,0.0,0.0,0.0,0.0,2.8827543,0.0,3.373107,6.252166,0.0,3.6439853,0.0,0.0,0.0,0.0
MYDGF,0.0,0.0,0.0,0.0,0.0,0.0,1.2832137,0.0,0.0,0.0,0.0,0.0,0.0,0.0,0.0,0.0,0.0,0.0,0.0,0.0,0.0,0.0
JUNB,0.0,0.0,0.0,0.0,0.0,2.6321208,0.0,0.0,0.0,0.0,0.0,0.0,0.0,0.0,0.0,0.0,0.0,2.8302066,2.8545976,0.0,0.0,0.0
SLIRP,0.0,0.0,0.0,0.0,0.0,0.0,0.0,2.7941787,1.6079302,0.0,1.9594905,0.0,0.0,0.0,0.0,0.0,0.0,0.0,0.0,0.0,0.0,0.0
RPS29,3.7332869,3.6231327,2.6112194,3.236711,0.0,0.0,1.1768202,0.0,2.5311046,0.0,2.6941612,2.5168512,2.6903114,2.8021445,2.9981103,0.0,3.1864293,2.978419,2.624107,3.1164484,3.7332869,0.0
BCL2A1,0.0,0.0,0.0,2.0527608,0.0,0.0,0.0,0.0,0.0,0.0,0.0,0.0,2.8491673,0.0,2.6877544,2.0137072,0.0,3.620698,0.0,0.0,0.0,0.0
CETN2,0.0,0.0,0.0,0.0,0.0,0.0,0.0,0.0,0.0,0.0,0.0,0.0,0.0,0.0,0.0,0.0,3.0275393,0.0,0.0,0.0,0.0,0.0
CDKN1A,0.0,0.0,0.0,0.0,2.0589464,2.2306216,0.0,0.0,0.0,0.0,0.0,0.0,0.0,0.0,0.0,0.0,0.0,0.0,0.0,0.0,0.0,0.0
RHOC,0.0,0.0,0.0,0.0,0.0,0.0,2.3741856,0.0,0.0,0.0,0.0,0.0,0.0,0.0,0.0,0.0,0.0,0.0,0.0,0.0,0.0,0.0
RPLP0,3.0637722,3.14884,1.6588962,2.7913015,2.6967711,2.223977,0.0,2.9678564,2.609662,3.1673768,2.635721,2.5480404,2.4484868,2.5153766,2.5787208,0.0,3.4857092,0.0,0.0,3.2453895,3.003556,0.0
SULF1,0.0,0.0,0.0,0.0,0.0,0.0,2.5099785,0.0,0.0,0.0,0.0,0.0,0.0,0.0,0.0,0.0,0.0,0.0,0.0,0.0,0.0,0.0
PRDX1,0.0,0.0,0.0,0.0,0.0,0.0,0.0,0.0,2.6601107,2.7672148,2.1713376,2.26973,0.0,2.7633305,0.0,0.0,0.0,0.0,0.0,0.0,0.0,0.0
HLA-DPA1,0.0,2.9193096,0.0,4.2480025,0.0,2.5158048,0.0,0.0,0.0,0.0,0.0,0.0,3.152583,0.0,2.9981103,0.0,0.0,2.8302066,0.0,0.0,0.0,0.0
MS4A7,2.4162781,0.0,0.0,0.0,0.0,0.0,0.0,0.0,0.0,0.0,0.0,0.0,0.0,0.0,0.0,0.0,0.0,0.0,0.0,0.0,0.0,0.0
CCNI,0.0,0.0,0.0,0.0,0.0,0.0,0.0,2.160399,0.0,0.0,0.0,0.0,0.0,0.0,0.0,0.0,0.0,0.0,0.0,0.0,0.0,0.0
HNRNPA1,2.4162781,2.2620301,0.0,0.0,0.0,0.0,1.1768202,0.0,0.0,0.0,0.0,0.0,0.0,0.0,0.0,0.0,0.0,0.0,0.0,2.5400991,2.129766,0.0
SMIM24,0.0,0.0,0.0,0.0,0.0,0.0,0.0,0.0,2.3812447,0.0,2.1439366,0.0,0.0,0.0,0.0,0.0,0.0,0.0,0.0,0.0,0.0,0.0
MT1X,0.0,0.0,0.0,0.0,0.0,0.0,0.0,0.0,3.2865746,0.0,0.0,0.0,0.0,0.0,0.0,0.0,0.0,0.0,0.0,0.0,0.0,0.0
FCN1,3.0637722,0.0,0.0,0.0,0.0,0.0,0.0,0.0,0.0,0.0,0.0,0.0,0.0,0.0,2.7215946,0.0,0.0,0.0,0.0,0.0,0.0,0.0
RPL31,2.4162781,2.7019129,0.0,2.6435728,0.0,0.0,0.0,2.9801917,2.1668758,0.0,2.9284763,0.0,0.0,0.0,0.0,0.0,0.0,0.0,2.3178453,2.6941867,2.7336197,0.0
GNG11,0.0,0.0,0.0,0.0,2.4894524,2.7149842,0.0,0.0,0.0,0.0,0.0,0.0,0.0,0.0,0.0,0.0,0.0,0.0,0.0,0.0,0.0,0.0
