,Cardiomyocyte,Endothelial,Fibroblast,Lymphoid,Myeloid,Neuronal,Pericyte,Smooth Muscle
A2M,0.0,1.647795,0.0,0.0,0.0,0.0,1.0163901,1.1875222
AAK1,1.733682,0.92789936,0.0,1.9313534,1.6028309,0.0,0.0,1.0367463
ABCA1,0.0,0.0,0.7563971,0.0,2.2870953,1.2538354,0.0,0.0
ABCA10,0.0,0.0,2.5389304,0.0,0.0,0.0,0.0,0.0
ABCA6,0.0,0.0,2.6849039,0.0,0.0,1.119994,0.0,0.0
ABCA8,0.0,0.0,2.9426029,0.0,0.0,2.077548,0.0,0.0
ABCA9,0.0,0.0,2.5097985,0.0,0.0,0.0,0.0,0.0
ABCC1,0.0,0.0,0.0,0.0,0.9125869,0.0,0.0,0.0
ABCC5,1.2901444,0.0,0.0,0.0,0.0,0.0,0.0,0.0
ABCC9,1.5393722,0.0,0.0,0.0,0.0,0.0,3.2928758,0.0
ABCD3,0.80768013,0.0,0.0,0.0,0.0,0.0,0.0,0.0
ABHD18,0.8263373,0.0,0.0,0.0,0.0,0.0,0.0,0.0
ABHD2,1.4419492,0.0,0.0,0.0,0.0,0.0,0.0,1.3848045
ABI1,0.0,0.0,0.0,0.98063815,0.0,0.0,0.0,0.0
ABI3BP,0.0,0.0,1.6749251,0.0,0.0,0.0,0.0,0.0
ABL1,0.0,0.0,1.527545,0.0,0.93822956,0.0,1.2027843,1.1708399
ABL2,0.0,0.0,0.0,0.0,0.0,1.5654883,0.0,0.0
ABLIM1,3.41715,3.0127053,1.0272021,0.0,0.0,1.9778829,0.0,0.0
ABLIM3,0.0,2.0507746,0.0,0.0,0.0,0.0,0.0,0.0
ABR,0.0,0.0,0.0,0.0,1.0567665,0.0,0.0,0.0
ABTB2,0.0,0.0,1.1376143,0.0,0.0,0.0,0.0,0.0
CAV2-DT,0.8436953,0.0,0.0,0.0,0.0,0.0,0.0,0.0
ENSG00000224063,0.0,0.0,1.2819024,0.0,0.0,0.0,0.7798131,0.0
ENSG00000229618,1.4714434,0.0,0.0,0.0,0.0,0.0,0.0,0.0
ENSG00000275443,0.0,0.0,0.0,0.0,0.0,0.0,1.2207626,0.0
ENSG00000260658,1.3631425,0.0,0.0,0.0,0.0,0.0,0.0,0.0
ENSG00000275131,0.97570205,0.0,0.0,0.0,0.0,0.0,0.0,0.0
ACACB,1.6559896,0.0,0.0,0.0,0.0,0.0,0.0,0.0
ACAP2,0.0,0.0,0.0,0.7347084,1.6646894,0.0,0.0,0.0
ACE2,0.0,0.0,0.0,0.0,0.0,0.0,0.81389487,0.0
ACER3,0.0,1.3906603,0.0,0.0,0.8911896,0.0,0.0,0.0
ACO2,0.7612879,0.0,0.0,0.0,0.0,0.0,0.0,0.0
ACOT11,1.1285868,0.0,0.0,0.0,0.0,0.0,0.0,0.0
ACSL1,0.0,0.0,0.0,0.0,2.5885882,0.0,0.0,0.0
ACSL4,0.0,0.0,1.1954195,0.0,0.0,0.0,0.0,0.0
ACSM3,0.0,0.0,1.1568302,0.0,0.0,0.0,0.0,0.0
ACSS3,1.1927737,0.0,0.0,0.0,0.0,0.0,0.0,0.0
ACTB,0.0,0.0,0.0,0.0,0.0,0.0,0.0,0.8265201
ACTN1,0.73325276,0.0,0.0,0.0,0.0,0.0,0.0,1.3681961
ACTN2,2.3589363,0.0,0.0,0.0,0.0,0.0,0.0,0.0
ACTN4,1.1032336,1.4635229,0.0,0.0,0.0,0.0,0.0,0.0
ACTR2,0.0,0.0,0.0,0.0,0.73164713,0.0,0.0,0.0
ACTR3,0.0,0.0,0.0,0.0,0.7447111,0.0,0.0,0.0
ACYP2,1.4867513,0.0,0.0,0.0,0.0,0.0,0.0,0.0
ADAM10,1.1322072,0.0,0.0,1.0282532,1.0560942,0.0,0.0,0.0
ADAM17,0.0,0.0,1.0540799,0.0,0.0,0.0,0.0,0.0
ADAM19,0.0,0.0,0.0,0.0,0.0,1.419438,0.0,0.0
ADAM23,0.8682526,0.0,0.0,0.0,0.0,0.0,0.0,0.0
ADAM9,0.7915024,0.0,0.0,0.0,1.2958028,0.0,0.0,0.0
ADAMTS1,0.0,0.0,0.0,0.0,0.0,0.0,2.2639806,3.1002402
ADAMTS12,0.0,0.0,0.0,0.0,0.0,0.0,0.98291814,0.0
ADAMTS4,0.0,0.0,0.0,0.0,0.0,0.0,1.855047,3.0693014
ADAMTS9,0.0,4.567424,0.0,0.0,0.0,0.0,3.6008782,4.8847456
ADAMTS9-AS1,0.0,0.0,0.0,0.0,0.0,0.0,0.0,1.1021583
ENSG00000241684,1.3766044,0.0,0.0,0.0,0.0,2.288023,2.3253026,1.77787
ADAMTSL3,0.0,0.0,1.7824798,0.0,0.0,0.0,2.038817,0.0
ADCY3,0.0,0.0,0.0,0.0,0.0,0.0,1.3925898,2.2214081
ADCY5,0.0,0.0,0.0,0.0,0.0,0.0,0.8493221,0.81391644
ADCY9,0.7742549,0.0,0.0,0.0,0.0,0.0,0.0,0.0
ADD3,0.0,0.0,1.5248679,0.0,0.0,1.9477983,0.0,0.0
ADGRA3,0.73912,0.0,0.0,0.0,0.0,0.0,0.0,0.0
ADGRB3,0.0,0.0,2.2309303,0.0,0.0,3.596588,2.6493556,2.03551
ADGRD1,0.0,0.0,0.9936108,0.0,0.0,0.0,0.0,0.0
ADGRF5,0.0,2.3044324,0.0,0.0,0.0,0.0,0.0,0.0
ADGRG6,0.0,0.0,0.0,0.0,0.0,1.3307723,0.0,0.0
ADGRL2,1.102494,1.3688512,0.0,0.0,0.0,0.0,0.0,0.0
ADGRL3,0.0,0.0,1.0482091,0.0,0.0,2.256228,1.3386602,0.0
ADGRL4,0.0,2.184351,0.0,0.0,0.0,0.0,0.0,0.0
ADH1B,0.0,0.0,1.6436574,0.0,0.0,0.0,0.0,0.0
ADIPOR2,0.0,1.4457824,0.0,0.0,0.0,0.0,0.0,0.0
ADK,1.271743,0.0,0.0,1.2082345,0.0,1.9864086,0.0,0.0
ADRA1A,0.7265707,0.0,0.0,0.0,0.0,0.0,0.0,0.0
AFDN,0.0,3.0981336,0.8912716,0.0,0.0,0.0,0.0,0.0
AFF1,1.2500908,1.6332155,1.7904066,1.5023947,2.4518738,0.0,1.2095078,1.4712399
AFF4,1.0994797,0.0,1.0689815,0.0,1.1283393,0.0,1.1432244,1.3824444
AGAP1,0.75427175,1.1578021,1.5023491,0.0,0.0,2.5944345,1.6217101,0.0
AGFG1,0.0,0.0,1.1263633,0.0,2.5083084,0.0,0.0,0.0
AGO2,0.0,0.0,0.7826662,0.0,0.0,0.0,0.0,0.9944814
AGO3,0.0,0.0,1.2246939,0.0,0.0,0.0,0.0,0.0
AGT,0.0,0.0,0.0,0.0,0.0,0.0,1.0603348,0.0
AGTPBP1,0.0,0.0,0.0,1.4186617,1.4542756,0.0,0.0,0.0
AHI1,1.3137181,0.0,1.5391568,0.0,0.0,0.0,0.0,0.8756678
AHNAK,0.0,0.0,0.0,0.0,0.0,1.1816925,0.0,0.0
AIG1,0.69603467,0.0,0.0,0.0,0.0,0.0,0.0,0.0
AKAP10,0.0,0.0,0.0,0.0,1.1296134,0.0,0.0,0.0
AKAP12,0.0,2.3256779,0.9799448,0.0,0.0,0.0,0.0,2.1004379
AKAP13,3.5247612,1.342984,2.6306105,2.4013114,2.9255738,2.1709936,2.2100077,2.2846484
AKAP6,3.23585,0.0,0.0,0.0,0.0,0.0,0.0,1.1671677
AKAP9,1.4144675,0.0,1.085649,1.4016411,1.1403577,1.1088494,1.01353,0.0
AKNA,0.0,0.0,0.0,1.8833904,0.0,0.0,0.0,0.0
AKT3,0.0,2.1679032,2.384966,2.3807998,0.0,2.4839904,2.2508893,1.6491517
PDE7B-AS1,0.0,0.0,0.0,0.0,0.0,0.0,1.089169,0.0
ENSG00000230490,0.0,0.0,0.0,0.0,0.0,2.5474072,0.0,0.0
TRDN-AS1,2.035193,0.0,0.0,0.0,0.0,0.0,0.0,0.0
ALCAM,0.0,0.0,0.0,0.0,0.0,1.3710405,0.0,0.0
ALDH1A1,0.0,0.0,0.0,0.0,0.0,1.3067006,0.0,0.0
ALG13,0.0,0.0,0.0,0.0,0.0,0.0,0.0,0.85837007
ALOX5,0.0,0.0,0.0,0.0,1.0842869,0.0,0.0,0.0
ALPK2,1.6271917,0.0,0.0,0.0,0.0,0.0,0.0,0.0
ALPK3,1.2551341,0.0,0.0,0.0,0.0,0.0,0.0,0.0
ANK2,2.7234905,0.0,0.0,0.0,0.0,2.5877733,0.0,0.0
ANK3,2.5266879,0.0,0.0,1.1478456,0.0,3.781059,0.0,0.0
ANKH,1.4197159,0.0,1.3491864,0.0,0.8124974,0.0,0.9152274,0.0
ANKRD1,2.0106215,0.0,0.0,0.0,0.0,0.0,0.0,0.0
ANKRD10,0.0,0.0,0.92210495,0.0,0.0,1.364063,1.1703779,0.0
ANKRD11,1.3372602,1.5861701,1.3723578,2.116494,1.622036,1.2506242,1.3600125,1.4966066
ANKRD17,1.823566,1.580632,1.7361813,1.6215475,1.638124,1.4595789,1.7547201,1.8479257
ANKRD28,0.0,0.0,0.0,0.0,0.0,0.9603624,0.0,0.0
ANKRD36,0.0,0.0,0.0,1.4861344,0.0,0.0,0.0,0.0
ANKRD36C,0.0,0.0,0.0,1.349717,0.0,0.0,0.0,0.0
ANKRD44,0.0,0.0,1.3649307,2.7535305,1.3805474,0.8678515,1.222873,0.0
ANKS1A,0.798899,0.0,0.0,0.0,1.6389875,0.0,0.83566177,0.0
ANO1,0.0,0.0,0.0,0.0,0.0,0.0,0.8375888,1.116117
ANO2,0.0,3.3979166,0.0,0.0,0.0,0.0,0.0,0.0
ANO5,0.85220397,0.0,0.0,0.0,0.0,0.0,0.0,0.0
ANO6,0.75462985,0.89097774,1.150739,0.0,0.0,0.0,0.0,0.0
ANTXR1,0.0,0.0,0.0,0.0,0.0,1.4244494,0.0,0.0
ANTXR2,0.0,0.0,1.4000249,0.0,0.0,0.0,0.0,0.0
ANXA2,0.0,0.0,0.77287155,0.0,0.0,1.1508127,0.0,0.0
ANXA3,0.0,1.4990323,0.0,0.0,0.0,0.0,0.0,0.0
AOAH,0.0,0.0,0.0,2.8803868,1.206382,0.0,0.0,0.0
AP1S2,0.9382291,0.0,0.0,0.0,0.0,0.0,0.0,0.0
AP2A2,0.0,0.0,0.0,0.0,1.7437329,0.0,0.0,0.0
AP3B1,0.0,0.0,0.97083604,0.0,1.4397357,0.0,0.0,0.0
APBB1IP,0.0,0.0,0.0,1.6528172,0.0,0.0,0.0,0.0
APBB2,0.0,2.1213202,0.0,0.0,0.0,0.0,2.2448308,2.554346
APOD,0.0,0.0,1.7216954,0.0,0.0,0.0,0.0,0.0
APOLD1,0.0,0.0,0.0,0.0,0.0,0.0,0.0,1.4663376
APP,0.0,2.019968,1.7723391,0.0,1.598725,1.4531443,0.0,0.0
ARAP2,0.0,0.0,0.0,2.0491047,1.2090955,1.8467255,0.0,0.0
ARFGEF1,0.8413613,0.0,0.9244834,1.2094256,0.0,0.0,0.0,0.0
ARFGEF2,0.86809206,0.0,0.0,0.0,0.0,0.0,0.0,0.0
ARGLU1,0.0,1.6770437,1.243203,1.11288,0.0,0.8994095,1.2728525,1.3135687
ARHGAP10,1.2624903,0.0,1.8450038,0.0,0.0,0.0,2.257121,2.1676748
ARHGAP15,0.0,0.0,0.0,3.1313927,1.748323,1.6484729,1.0921214,0.0
ARHGAP17,0.0,0.0,0.0,0.0,0.0,0.0,1.0721942,0.0
ARHGAP18,0.0,0.0,0.0,0.0,2.3908048,0.0,0.0,0.0
ARHGAP21,0.0,0.0,1.3397508,0.0,0.8127052,0.0,0.0,0.0
ARHGAP24,1.7090775,0.0,1.9811363,0.0,1.9553117,3.0128367,0.0,0.0
ARHGAP26,1.9986622,2.2999792,0.0,1.9987215,2.9926474,0.0,2.8016555,3.2586994
ARHGAP29,0.0,2.0468006,0.0,0.0,0.0,0.0,1.4067374,0.0
ARHGAP31,0.850204,1.8677098,0.0,0.0,0.0,0.0,0.0,0.0
ARHGAP32,0.0,0.0,0.95536375,0.0,0.0,0.97534174,0.0,0.0
ARHGAP42,0.0,0.0,0.0,0.0,0.0,1.928458,1.9441125,1.3534307
ARHGAP5,1.2889053,0.0,0.0,0.0,0.0,1.1629171,0.0,0.0
ARHGAP6,0.0,0.0,1.2685193,0.0,1.8467261,0.0,2.2215915,1.655134
ARHGEF12,1.6456808,1.616192,1.414055,0.0,0.0,1.8712665,1.9606247,1.7498927
ARHGEF26,0.0,0.0,0.0,0.0,0.0,1.5460213,0.0,0.0
ARHGEF3,0.0,0.0,0.0,1.6696571,0.0,0.0,0.0,0.0
ARHGEF7,0.0,1.7632744,0.0,0.0,0.0,0.0,2.2460895,2.3540714
ARID1B,1.7802556,1.9655356,2.242508,2.4013116,2.0134747,1.8974601,2.1557727,1.9849877
ARID2,0.9399841,0.0,1.1665581,1.3615825,1.1892662,0.0,1.159489,1.0461082
ARID4B,0.80309415,1.4200325,1.3573811,2.0521777,1.4681348,1.2086834,1.4644809,1.4996405
ARID5B,1.2386584,0.0,1.8084812,2.1385512,0.0,0.0,1.1914158,1.9326576
ARIH1,1.1383348,1.2117401,1.2951283,1.4343541,1.3974983,1.070113,1.5467483,1.5714285
ARIH2,0.9238875,0.0,0.0,0.0,0.0,0.0,0.0,0.0
ARL15,1.3648221,1.9789838,1.4449768,1.8749202,1.9753652,0.0,0.0,0.0
ARPC2,0.0,0.0,0.0,0.0,0.92858493,0.0,0.0,0.0
ASAH1,0.98759806,0.0,0.0,0.0,0.0,0.0,0.0,0.0
ASAP1,1.2446089,2.3523843,1.3962388,0.0,2.2783337,0.0,1.8900284,0.0
ASAP2,0.0,0.0,1.1093259,0.0,0.0,2.1922622,1.4881213,1.0505724
ASB18,0.7189878,0.0,0.0,0.0,0.0,0.0,0.0,0.0
ASCC3,0.0,0.0,1.2706356,0.77493215,0.0,0.0,0.0,0.0
ASH1L,1.5675876,1.3956671,1.6187831,1.8407172,1.7719337,1.3977274,1.7096335,1.6902556
ASPH,0.71488434,0.0,1.1960227,0.0,1.0653539,1.5259937,0.0,0.0
ASTN2,0.0,0.0,0.0,0.0,0.0,2.528447,0.0,0.0
ASXL1,0.0,0.0,0.9612597,0.0,0.0,0.0,0.0,0.0
ATAD2B,0.0,0.0,0.9396516,0.0,0.9662237,0.0,0.0,0.0
ATF6,0.0,0.0,0.0,0.0,1.5608146,0.0,0.0,0.0
ATF7IP,0.0,0.0,0.0,2.0108085,0.0,0.0,0.0,0.0
ATG7,0.0,0.0,0.0,0.0,2.2427588,0.0,0.0,0.0
ATM,0.0,0.0,0.0,2.0077791,1.3681979,0.0,0.0,0.0
ATP11A,1.637957,0.0,0.0,0.0,0.69907475,0.0,0.0,0.0
ATP11B,0.0,0.0,0.0,1.0763184,0.0,0.0,0.0,0.0
ATP13A3,0.74314415,1.1551142,0.8136833,0.0,0.85456467,0.0,0.0,0.0
ATP1B1,0.85212684,0.0,0.0,0.0,0.0,0.0,0.0,0.0
ATP1B3,0.0,0.0,0.0,0.0,0.0,0.0,1.56849,3.281343
ATP2A2,2.4530163,0.0,0.0,0.0,0.0,0.0,0.0,1.2911953
ATP2B1,0.0,0.0,0.0,1.0696111,1.1694206,0.0,0.0,0.0
ATP2B4,1.3152611,0.0,0.0,0.0,0.0,0.0,0.0,0.0
ATP8A1,0.0,0.0,0.0,1.970573,0.0,0.0,0.0,0.0
ATP8B4,0.0,0.0,0.0,0.0,2.1066604,0.0,0.0,0.0
ATP9B,0.71196425,0.0,0.8805516,0.761029,1.1986847,0.0,0.9701743,1.2221127
ATRX,1.1089175,1.471745,1.3593132,1.9017291,1.4902487,1.1156998,1.567863,1.4777439
ATXN1,1.7740135,0.0,0.71210104,2.6771798,2.1875062,0.0,1.1330985,0.86711144
ATXN10,0.0,0.0,1.0053275,0.0,0.0,0.0,0.0,0.0
ATXN2,0.92937255,0.0,0.8238881,0.0,1.1035364,0.0,0.87447834,0.0
ATXN7,0.0,0.0,0.0,1.0081999,0.0,0.0,0.0,0.0
AUH,0.94678557,0.0,0.78883934,0.0,0.0,0.0,0.0,0.0
AUTS2,0.78544855,2.404665,2.0925078,0.0,2.1876824,0.0,2.884135,2.3257375
AXL,0.0,0.0,0.0,0.0,0.0,0.0,0.7923614,1.5908748
B2M,0.0,1.8391209,0.0,1.9290445,0.70448726,0.0,0.0,0.0
B4GALNT3,1.4659528,0.0,0.0,0.0,0.0,0.0,0.0,0.0
B4GALT1,0.95335066,0.0,0.90841377,0.0,0.0,0.0,0.0,0.0
B4GALT5,0.0,1.1846775,0.0,0.0,0.0,0.0,0.0,0.0
BABAM2,1.4327726,0.0,0.7750117,1.2072089,1.2636728,0.0,0.0,0.0
BACH1,0.73511285,0.0,1.0438378,0.0,1.5895779,1.1088494,0.0,1.286059
BACH2,0.0,0.0,1.2649488,0.0,0.0,2.6393359,0.0,0.0
BAZ1A,0.0,0.0,0.0,0.38742694,1.0035757,0.0,0.0,0.0
BAZ2B,1.2527629,1.6181343,1.4702597,0.0,1.88153,1.2343236,1.6851074,1.4367936
BBX,0.0,0.0,1.1687319,1.6549491,0.8887353,0.0,1.2782464,0.0
BCAS3,1.1535527,0.0,0.8679317,1.625807,1.0202892,0.0,1.7076588,1.7337146
BCAT1,0.0,0.0,0.0,0.0,1.2322559,0.0,0.0,0.0
BCKDHB,1.0996801,0.0,0.0,0.0,0.0,0.0,0.0,0.0
BCL11B,0.0,0.0,0.0,1.8351269,0.0,0.0,0.0,0.0
BCL2,0.0,0.0,0.0,1.9772487,0.0,2.9237025,0.0,0.0
BCL2L13,0.74747777,0.0,0.0,0.0,0.0,0.0,0.0,0.0
BCL6,0.7483567,0.0,1.5292652,0.0,0.0,0.0,1.2551341,1.0528965
BICC1,0.0,0.0,2.9982934,0.0,0.0,0.0,0.0,0.0
BIRC6,1.1794257,1.5748361,1.5669872,2.050332,1.8544104,1.3761065,1.7184021,1.5746851
BMP2K,0.0,0.0,0.0,0.0,1.9020523,0.0,0.0,0.0
BMP5,0.0,0.0,0.0,0.0,0.0,0.0,1.1006849,0.0
BMPR1A,1.008359,0.0,0.7908433,0.0,0.0,0.0,0.0,0.0
BMPR2,0.8729336,2.1624384,1.339231,0.0,0.0,0.0,0.0,1.5902226
BNC2,0.0,0.0,2.557395,0.0,0.0,0.0,0.0,0.0
BNIP3L,0.0,0.0,1.3418868,0.0,1.2210996,0.0,0.0,0.0
BPTF,0.7942511,0.0,0.8447157,1.7075047,0.8114887,0.0,0.0,0.0
BRAF,1.2000207,1.0970814,1.3937278,1.277421,1.1493378,1.4316807,1.4871929,1.4837569
BRD4,0.0,0.0,0.9748789,0.0,0.0,0.0,0.0,0.87575006
BRWD1,0.8532852,0.0,1.1984422,1.5241659,1.0351545,0.0,1.1070836,0.0
BTAF1,0.0,0.0,0.0,0.0,0.74112636,0.0,0.0,0.9391346
BTBD9,1.695004,0.0,0.0,1.5777297,0.0,0.0,2.0935133,2.912519
BTNL9,0.0,2.2844503,0.0,0.0,0.0,0.0,0.0,0.0
BTRC,0.7512429,0.0,0.0,0.0,0.0,0.0,0.0,0.0
BZW2,0.8031962,0.0,0.0,0.0,0.0,0.0,0.0,0.0
ARMH3,1.1310333,0.0,0.0,0.0,1.0804801,0.0,0.0,0.0
DGLUCY,0.90371305,0.0,0.0,0.0,0.0,0.0,0.0,0.0
CDIN1,2.7042923,0.0,0.0,0.0,0.0,0.0,0.0,0.0
C1QTNF1,0.0,0.0,0.0,0.0,0.0,0.0,0.0,1.6305686
C1R,0.0,0.0,1.2747066,0.0,0.0,0.0,0.0,0.0
C1S,0.0,0.0,1.6102384,0.0,0.0,0.0,0.0,0.0
ENSG00000203709,0.7142452,0.0,0.0,0.0,0.0,0.0,0.0,1.1888691
C1orf21,1.5192679,1.8466506,1.4702597,0.0,0.0,1.489583,2.1837099,1.5408652
DNAAF9,0.79611665,0.0,0.0,0.0,1.5620544,0.0,0.8697399,0.0
C3,0.0,0.0,1.489716,0.0,0.0,0.0,0.0,0.0
C7,0.0,0.0,2.5689278,0.0,0.0,0.0,0.0,0.0
TCIM,0.0,1.2078605,0.0,0.0,0.0,0.0,0.0,0.0
AOPEP,2.1444073,0.0,1.4824396,0.0,0.0,1.668608,1.1397064,2.0005965
CA8,0.0,1.2498244,0.0,0.0,0.0,0.0,0.0,0.0
CAB39,0.0,0.0,0.0,0.0,1.6194323,0.0,0.0,0.0
CAB39L,0.0,0.0,0.0,0.0,0.0,1.3948678,0.0,0.0
CACNA1C,4.156576,0.0,0.8563519,0.0,0.0,0.0,3.394157,4.154769
CACNA2D1,1.8738675,0.0,1.753436,0.0,0.0,0.0,2.026279,1.4887855
CACNA2D3,1.14772,0.0,0.0,0.0,0.0,0.0,0.0,0.0
CACNB2,3.105571,0.0,0.0,0.0,0.0,0.0,1.0332272,2.4752567
CADM1,0.9303013,0.0,0.0,0.0,0.0,2.4652634,0.0,0.0
CADM2,0.0,0.0,0.0,0.0,0.0,3.61893,0.0,0.0
CADPS2,0.0,2.285838,0.0,0.0,0.0,0.0,0.0,0.0
CALD1,2.1086602,1.7351229,1.7056282,0.0,0.0,1.0257652,3.2099907,3.3689451
CAMK1D,0.0,0.0,0.0,1.23589,1.7407705,0.0,0.0,0.0
CAMK2D,2.6764445,0.0,2.0090823,1.431442,0.9516932,1.5390846,2.0296693,2.169075
CAMK4,0.0,0.0,0.0,1.5413909,0.0,0.0,0.0,0.0
CAMTA1,0.0,0.0,0.0,0.0,0.0,1.1088494,0.0,0.0
CAP2,1.3490818,0.0,0.0,0.0,0.0,0.0,0.0,0.0
CAPZA1,0.0,0.0,0.0,0.0,0.7582072,0.0,0.0,0.0
CAPZB,0.0,1.4324085,0.9223331,1.3410004,1.439796,0.0,1.4549041,1.2876688
CARD11,0.0,0.0,0.0,1.6239998,0.0,0.0,0.0,0.0
CARMIL1,0.0,0.0,1.3489752,0.0,0.0,0.0,0.0,1.612726
ENSG00000249669,0.0,0.0,0.0,0.0,0.0,0.0,1.2276304,1.4170175
CASC15,0.0,0.0,0.0,0.0,0.0,1.8355696,0.0,0.0
CASK,0.0,0.0,0.0,1.4606371,0.0,0.0,0.0,0.0
CASQ2,1.2728988,0.0,0.0,0.0,0.0,0.0,0.0,0.0
ENSG00000153113,1.6235595,0.0,1.0935712,1.1606399,1.1306779,1.1186048,0.0,0.0
CASZ1,0.7920307,0.0,0.0,0.0,0.0,0.0,0.0,0.0
CAV1,0.0,1.0365027,0.0,0.0,0.0,0.0,0.0,0.0
CBLB,2.7035174,1.9375569,3.2479901,3.0676715,1.0704286,0.0,2.1358314,1.9623322
CCDC141,1.1734922,0.0,0.0,0.0,0.0,0.0,0.0,0.0
ENSG00000223745,0.0,0.0,0.0,0.0,0.0,1.1677774,0.8745199,0.0
CCDC80,0.0,0.0,1.1601276,0.0,0.0,0.0,0.0,0.0
CCDC88A,0.0,0.0,0.0,0.0,1.3886803,0.0,0.0,0.0
CCDC88C,0.0,0.0,0.0,1.512567,0.0,0.0,0.0,0.0
CCDC91,1.122819,0.0,1.0242755,1.7684977,1.5319372,0.0,0.0,0.0
CCDC93,0.73624504,0.0,0.0,0.0,0.0,0.0,0.0,0.0
CCND3,0.0,0.0,0.0,2.327241,0.0,0.0,0.0,0.0
CCNL1,0.0,0.0,1.0391517,0.0,0.0,0.0,0.0,1.0625576
CCNY,1.1152861,2.9181354,1.2832206,1.4604678,1.8892179,1.2515143,1.2623086,1.1680845
CCSER1,2.4217014,0.0,0.0,0.0,0.0,0.0,0.0,0.0
CCSER2,0.8654536,0.0,0.790185,1.9400196,0.0,0.0,0.0,0.0
CD163,0.0,0.0,0.0,0.0,2.422809,0.0,0.0,0.0
CD163L1,0.0,0.0,0.0,0.0,1.316459,0.0,0.0,0.0
CD247,0.0,0.0,0.0,2.4283824,0.0,0.0,0.0,0.0
CD36,2.2148752,2.4487686,0.0,0.0,0.0,0.0,2.5779238,0.0
CD44,0.0,0.0,0.0,1.6677352,1.5583682,0.0,0.0,0.0
CD53,0.0,0.0,0.0,1.3577034,0.0,0.0,0.0,0.0
CD59,0.0,1.688875,0.0,0.0,0.0,0.0,0.0,0.0
CD9,0.0,0.0,0.0,0.0,0.0,0.99618894,0.0,0.0
CD96,0.0,0.0,0.0,1.8369005,0.0,0.0,0.0,0.0
CDC14A,0.0,0.0,0.0,1.1900637,0.0,0.0,0.0,0.0
CDC14B,1.5898882,0.0,0.0,0.0,0.0,0.0,0.0,1.368087
CDC27,0.0,0.0,0.77108705,0.0,0.0,0.0,0.809579,0.0
CDC42BPA,1.5587124,2.3162618,1.432712,0.0,0.0,1.2065456,2.450703,1.6378736
CDC42SE2,0.0,0.0,0.0,2.5879664,1.081445,0.0,0.0,0.0
CDC73,0.71742654,0.0,0.0,0.0,0.0,0.0,0.0,0.0
CDH13,2.4821458,2.205564,0.0,0.0,0.0,0.0,0.0,0.0
CDH19,0.0,0.0,2.5090775,0.0,0.0,4.0961742,0.0,0.0
CDH2,2.7872896,0.0,0.0,0.0,0.0,0.7129702,0.0,0.0
CDK13,0.8319043,0.0,1.1820843,1.5165746,1.0093027,0.0,0.9895582,0.73810107
CDK14,1.4369159,0.0,2.0436363,0.0,0.0,0.0,1.4721332,0.0
CDK17,0.0,2.2345228,0.0,1.4626384,0.0,0.0,0.0,0.93974984
CDK6,1.0864942,1.4257689,0.0,0.0,0.0,0.0,0.0,0.0
CDK8,0.74511534,0.0,0.8741118,0.0,0.0,0.0,0.0,0.0
CDKAL1,0.96789086,1.4893169,1.5797133,1.6338798,1.3158102,1.2894769,1.457174,1.4539611
CEBPD,0.0,0.0,1.8149433,0.0,0.0,0.0,1.2202574,1.336227
CECR2,0.9274287,0.0,0.0,0.0,0.0,0.0,0.0,0.0
CELF1,0.0,0.0,0.8736237,0.99120116,1.3664523,0.0,0.0,0.0
CELF2,2.068789,0.0,2.4931045,2.64885,2.2537067,2.2173872,0.0,0.0
CEP112,0.0,0.83722055,0.0,0.0,0.0,0.0,0.0,0.0
CEP170,0.0,0.0,0.0,0.0,1.4890511,0.0,0.0,0.0
CEP350,0.9088118,0.0,0.9498857,0.0,1.1094623,0.98386014,1.1470596,0.9181516
CEP85L,0.0,0.0,0.0,1.6337148,0.0,0.0,0.0,0.0
CERS6,1.5721085,0.0,0.0,0.0,0.0,0.0,1.477722,0.0
CFAP61,0.8296024,0.0,0.0,0.0,0.0,0.0,0.0,0.0
CFD,0.0,0.0,1.9944096,0.0,0.0,0.0,0.0,0.0
CFH,0.0,0.0,1.707782,0.0,0.0,0.0,0.0,0.0
CFLAR,1.5011287,1.7168081,1.3243558,1.5196166,1.2112437,0.0,0.0,0.0
CHCHD3,1.3840673,0.0,0.0,0.0,0.0,0.0,0.0,0.8859736
CHD1,0.0,0.0,0.8900011,0.0,0.86821455,0.0,1.2005073,1.7214131
CHD2,0.0,0.0,0.0,0.0,0.0,0.0,0.0,0.895082
CHD7,0.0,0.0,0.0,0.0,0.0,0.76717275,0.0,0.0
CHD9,1.1622372,0.0,2.0847754,0.0,1.2083548,1.5888016,1.692965,1.0538363
CHIC2,0.0,0.0,1.0380902,0.0,0.0,0.0,0.0,0.0
CHL1,0.0,0.0,0.0,0.0,0.0,2.922216,0.0,0.0
CHN2,1.419676,0.0,0.0,0.0,2.511806,0.0,0.0,0.0
CHPT1,1.1062367,0.0,0.0,0.0,0.0,0.0,0.0,0.0
CHRM2,0.84083617,0.0,0.0,0.0,0.0,0.0,0.0,0.0
CHST11,0.0,0.0,0.0,2.7927995,2.0419226,0.0,0.0,0.0
CHSY1,0.0,0.0,0.0,0.0,1.3789892,0.0,1.4923167,2.2817488
CKMT2,1.4015615,0.0,0.0,0.0,0.0,0.0,0.0,0.0
CLASP1,1.3374673,1.0785555,1.193414,1.7990187,1.2350175,1.3921351,1.2591839,1.0449717
CLASP2,0.74788755,0.0,0.0,0.0,0.9807259,1.3977274,0.0,0.0
CLCN3,0.7379501,0.0,0.0,0.0,0.0,0.0,0.0,0.0
CLEC2D,0.0,0.0,0.0,1.9955531,0.0,0.0,0.0,0.0
CLIC4,1.1765476,1.8418331,1.077085,0.0,0.0,2.7412767,0.0,1.1955811
CLIC5,1.4161198,2.3807993,0.0,0.0,0.0,0.0,0.0,0.0
CLIP1,0.0,0.0,0.76028574,0.0,0.0,0.0,0.0,0.0
CLMN,0.0,0.0,0.0,0.0,0.0,1.140285,2.0020337,1.2327731
CLTC,0.0,0.0,0.0,0.0,1.3501385,0.0,0.0,0.0
CMIP,0.0,1.4002551,0.0,1.9665929,2.1311827,0.0,0.0,0.0
CMSS1,0.0,0.0,1.3426703,0.0,0.0,0.0,0.0,2.0130076
CMYA5,3.5056353,0.0,0.0,0.0,0.0,0.0,0.0,0.0
CNN3,0.0,0.0,1.012413,0.0,0.0,1.4930514,0.0,1.1279411
CNOT2,0.0,0.0,0.831941,0.0,0.0,1.0022612,0.77378964,0.0
CNOT4,0.0,0.0,0.91223013,0.0,0.0,0.0,0.0,0.0
CNOT6L,0.0,1.45503,0.0,2.899501,0.0,0.0,0.0,0.0
COBL,0.884581,0.0,0.0,0.0,0.0,1.323546,0.0,0.0
COBLL1,0.0,1.3413131,0.0,0.0,0.0,0.0,1.1268566,0.0
COG5,1.3406878,0.0,1.1124344,1.5829418,1.5915993,0.0,0.0,0.0
COL12A1,0.0,0.0,1.4359386,0.0,0.0,0.0,0.0,0.0
COL15A1,0.0,0.0,1.6535792,0.0,0.0,0.0,0.0,0.0
COL18A1,0.0,0.0,0.0,0.0,0.0,0.0,0.8928444,1.7633793
COL19A1,0.7794575,0.0,0.0,0.0,0.0,0.0,0.0,0.0
COL1A2,0.0,0.0,1.4846797,0.0,0.0,0.0,1.0706167,0.0
COL21A1,0.0,0.0,0.0,0.0,0.0,0.9401267,0.0,0.0
COL27A1,0.0,0.0,0.0,0.0,0.0,0.0,1.1879172,0.0
COL28A1,0.0,0.0,0.0,0.0,0.0,0.7592261,0.0,0.0
COL3A1,0.0,0.0,1.210995,0.0,0.0,0.0,0.0,0.0
COL4A1,0.7205019,2.353425,2.349342,0.0,0.0,1.5390846,2.5511231,3.173912
COL4A2,1.2805873,2.277106,2.2575042,0.0,0.0,1.7511369,2.5112505,3.019063
COL4A3,0.0,0.0,1.0808659,0.0,0.0,0.0,0.0,0.0
CERT1,0.0,0.0,0.0,0.0,0.75928676,0.0,0.0,0.0
COL4A4,0.0,0.0,1.5076653,0.0,0.0,0.0,0.0,0.0
COL5A2,0.0,0.0,2.0022182,0.0,0.0,1.1286929,0.0,0.0
COL5A3,0.0,0.0,0.0,0.0,0.0,0.0,1.0915301,0.0
COL6A1,0.0,0.0,1.4483513,0.0,0.0,0.0,0.0,0.0
COL6A2,0.0,0.0,1.5225053,0.0,0.0,0.0,1.0802231,0.0
COL6A3,0.0,0.0,2.412704,0.0,0.0,0.0,0.0,0.0
COL8A1,0.0,0.0,1.7598802,0.0,0.0,0.0,0.0,0.0
COLEC12,0.0,0.0,0.0,0.0,2.334684,0.0,0.0,0.0
COMMD10,1.5054789,0.0,0.0,0.0,1.2348423,0.0,0.0,0.0
CPE,0.0,0.0,0.0,0.0,0.0,0.0,1.7380133,1.9828234
CPEB3,0.78969216,0.0,0.0,0.0,0.0,0.0,0.0,0.0
CPEB4,2.064982,0.0,0.0,0.0,1.2452252,0.0,0.0,0.0
CPED1,1.8297478,0.0,0.0,0.0,0.0,0.0,0.0,0.0
CPNE8,0.0,1.6484729,0.0,0.0,1.3554553,0.0,0.0,0.0
CPQ,0.0,0.0,1.2195845,0.0,1.2829381,1.2501796,0.0,0.0
CPSF6,0.0,0.0,0.95056677,0.0,0.0,0.0,0.9713459,0.8277247
CPVL,0.0,0.0,0.0,0.0,1.6839752,0.0,0.0,0.0
CR1,0.0,0.0,0.0,0.0,1.3552418,0.0,0.0,0.0
CRADD,1.8578954,0.0,0.0,0.0,0.0,0.0,0.0,0.0
CREB3L2,0.0,0.0,1.1229237,0.0,0.0,1.3366392,1.1025615,1.3301673
CREB5,0.0,1.6531521,1.9014868,0.0,0.0,2.3320336,0.0,0.0
CREBBP,0.0,0.0,1.0403336,1.1139107,0.0,0.0,0.9783881,0.0
CREM,0.0,0.0,0.0,0.0,1.369617,0.0,0.0,0.0
CRIM1,0.0,1.6684334,0.0,0.0,0.0,0.0,0.0,0.0
CRISPLD2,0.0,0.0,0.0,0.0,0.0,0.0,1.8759317,3.11866
CRTC3,0.0,0.0,0.0,0.0,0.0,0.0,0.0,1.3853631
CRYAB,0.93946195,0.0,0.0,0.0,0.0,0.0,0.0,0.0
CRYBG1,0.0,0.0,0.0,1.213234,0.0,0.0,0.0,0.0
CRYBG3,0.0,1.2440814,1.1909373,0.0,0.0,0.0,0.0,0.0
CSF1R,0.0,0.0,0.0,0.0,0.98993,0.0,0.0,0.0
CSGALNACT1,1.0632389,0.0,0.0,0.0,0.0,0.0,0.0,0.0
CSNK1A1,0.9563985,0.0,1.113223,0.0,0.9313252,0.0,0.0,1.5015364
CTBP2,0.0,1.0366203,0.0,0.0,0.0,0.0,1.7360209,1.9033109
CTNNA1,1.7156851,2.0817857,1.6409688,0.0,1.3246598,2.4949975,1.5146155,2.1038537
CTNNA3,3.855325,0.0,0.0,0.0,0.0,0.0,0.0,2.6595104
CTNNB1,0.0,1.4137607,0.0,0.0,1.1517737,0.0,0.0,1.0243335
CTNND2,0.94935155,0.0,0.0,0.0,0.0,2.210851,0.0,0.0
CTSB,0.0,0.0,0.0,0.0,2.3279023,0.0,0.0,0.0
CUL1,0.0,0.0,0.977353,0.0,0.0,0.0,1.1102804,0.91186774
CUL3,0.0,0.0,0.9338486,0.0,0.0,0.0,0.74988604,0.0
CUX1,1.834408,1.0969484,2.0065942,0.0,1.6296607,0.0,1.2663202,1.6871982
CXCL12,0.0,0.0,0.7530215,0.0,0.0,0.0,0.0,0.0
DIPK2B,0.0,1.3177092,0.0,0.0,0.0,0.0,0.0,0.0
CYBRD1,0.0,0.0,1.2064636,0.0,0.0,0.0,0.0,0.0
CYTH1,0.0,1.7871908,0.0,2.2673995,1.9183526,0.0,0.0,0.0
CYTH3,0.0,0.0,0.7111459,0.0,0.0,0.0,1.3463924,0.0
CYTIP,0.0,0.0,0.0,1.6425722,0.0,0.0,0.0,0.0
DAAM1,1.144536,0.0,1.2650858,0.0,0.0,0.0,0.0,0.0
DAAM2,0.0,0.0,0.0,0.0,0.0,0.0,1.0377963,0.8242125
DAB1,0.81200856,0.0,0.0,0.0,0.0,1.1662537,0.0,0.0
DAB2IP,0.0,1.5139239,0.0,0.0,0.0,0.0,0.0,0.0
DANT2,1.8196712,0.0,0.71552515,0.0,0.0,0.0,0.0,0.0
DAPK1,0.0,0.0,0.0,0.0,1.3094578,0.0,0.0,0.0
DAPK2,1.0564604,0.0,0.0,0.0,0.0,0.0,0.0,0.0
DCAF6,1.0917267,0.0,1.091201,0.0,0.0,0.0,0.0,0.0
DCBLD1,0.0,0.0,0.0,0.0,0.0,0.0,1.9522195,0.0
DCLK1,0.0,0.0,2.010668,0.0,0.0,0.0,0.0,0.0
DCN,0.0,0.0,2.8350978,0.0,0.0,0.0,0.0,0.0
DDR2,0.0,0.0,1.1514778,0.0,0.0,0.0,0.0,0.0
DDX17,1.6153305,1.7718323,1.7116759,1.9753652,1.5205936,2.0773444,1.7990888,1.79176
DDX5,0.7351411,1.5269804,1.5899658,1.5804796,1.3174101,1.0389155,1.3550282,1.5269812
DENND1A,0.0,0.0,1.3418868,0.0,2.1250448,0.0,1.484086,0.0
DENND2A,0.0,0.0,0.0,0.0,0.0,1.2183251,1.6542629,0.0
DENND3,0.0,0.0,0.0,0.0,1.1851898,0.0,0.0,0.0
DENND4A,1.0305524,0.0,1.3580785,1.6822965,1.4475216,0.7409539,0.0,0.0
DENND4C,0.0,0.0,1.064606,0.0,1.2714667,0.0,0.0,0.0
DENND5A,0.0,0.0,1.1423153,0.0,1.1377583,0.0,1.1973925,0.0
DENND5B,1.5439905,0.0,0.0,0.0,0.0,0.0,0.0,0.0
DES,1.6891749,0.0,0.0,0.0,0.0,0.0,0.0,0.0
DGKD,0.9116956,0.0,0.0,0.0,1.4072043,0.0,1.2801182,1.4786365
DGKG,0.783021,0.0,0.0,0.0,0.0,0.0,0.0,0.0
DGKH,0.0,1.5412444,0.0,0.0,0.0,0.0,1.138407,1.5335028
DIAPH1,0.8160333,0.0,0.0,1.6337148,0.0,0.0,0.0,0.0
DIAPH2,0.70705676,1.5013998,1.8014076,1.3546052,1.7280437,0.0,2.2531729,1.8853916
DICER1,0.0,0.0,1.149485,0.0,1.1218756,1.0520746,0.0,0.0
DIP2A,0.0,0.0,0.0,1.5853986,0.0,0.0,0.0,0.0
DIP2B,1.226436,0.0,0.0,0.0,1.4757667,1.2336332,0.0,0.0
DIP2C,1.949691,0.0,0.9079722,0.0,0.0,2.3467739,0.0,1.3388169
DIRC3,0.0,0.0,0.0,0.0,1.8258379,0.0,0.0,0.0
DISC1,0.0,0.0,0.0,0.0,1.4399809,0.0,0.0,0.0
DLC1,1.4112542,1.6144165,2.3335605,0.0,0.0,3.2256205,4.7354736,3.8218315
DLEU2,0.0,0.0,0.0,1.6003897,1.9579203,1.2506242,0.0,0.0
DLG1,0.9428452,0.0,1.162426,0.9102981,0.0,1.0917267,0.9056836,0.0
DLG2,2.6428146,0.0,1.5365739,0.0,0.0,0.0,0.0,0.0
DMD,3.8693528,0.0,1.5686398,0.0,0.84882534,2.2667017,2.205175,2.842295
DMXL1,0.0,0.0,0.0,0.0,1.0672269,0.0,0.0,0.0
DMXL2,0.0,0.0,0.0,0.0,1.9041162,0.0,0.0,0.0
DNAJC1,0.0,0.0,1.1059998,1.2438183,0.0,0.0,0.0,1.2434714
DNAJC5,0.0,0.0,0.0,0.0,0.86239696,0.0,0.0,0.0
DNM2,0.0,0.0,0.0,0.0,1.118258,0.0,0.0,0.0
DOCK1,0.0,2.2388175,1.667125,0.0,0.0,0.0,1.3913405,1.2454033
DOCK10,0.0,0.0,0.0,2.3071437,0.0,0.0,0.0,0.0
DOCK11,0.0,0.0,0.0,1.3370717,1.6724031,0.0,0.0,0.0
DOCK2,0.0,0.0,0.0,2.0081048,2.2474127,0.0,0.0,0.0
DOCK3,1.389924,0.0,0.0,0.0,0.0,0.0,0.0,0.0
DOCK4,1.113223,2.6773412,1.0730798,0.0,2.8977642,0.0,0.0,0.0
DOCK5,1.1966265,0.0,0.0,0.0,0.0,2.0295737,0.0,0.0
DOCK7,0.0,0.0,0.0,0.0,0.0,1.4288986,0.0,0.0
DOCK8,0.0,0.0,0.0,1.9643049,1.7411581,0.0,0.0,0.0
DOCK9,0.0,2.1947396,0.0,0.0,0.0,0.0,0.0,0.0
DPF3,2.390236,0.0,0.0,0.0,0.0,0.0,0.0,0.0
ENSG00000248079,1.1457415,0.0,0.0,0.0,0.0,0.0,0.0,0.0
ENSG00000229358,0.8966936,0.0,0.0,0.0,0.0,0.0,0.0,0.0
DPY19L2,1.3220813,0.0,0.0,0.0,0.0,0.0,0.0,0.0
ENSG00000189212,1.1932139,0.0,0.0,0.0,0.0,0.0,0.0,0.0
DPYD,1.0737772,1.5867884,2.3087735,2.3761878,2.9087996,1.7910306,1.9132895,1.1652677
DPYSL2,0.0,0.0,1.2110364,0.0,0.0,0.9005354,1.2647665,0.0
DSCAML1,0.0,0.0,0.0,0.0,0.0,0.0,1.4597057,0.0
DSE,0.0,0.0,0.0,0.0,0.9778185,0.0,0.0,0.0
DST,2.919653,1.688815,2.3582788,0.0,1.1495588,3.532886,1.761176,1.5045259
DTNA,2.6617687,0.0,0.0,0.0,1.5725625,1.1770133,0.0,0.0
DYM,0.86925673,1.3797677,1.422894,1.6258011,1.2139826,0.9254476,1.3497152,0.9931456
DYNC1I1,1.5543073,0.0,0.0,0.0,0.0,0.0,0.0,0.0
DYRK1A,1.3614136,1.3009338,1.3361222,1.8270624,1.5451503,1.2866246,1.6881859,1.56275
EBF1,0.0,1.5110965,2.6073318,0.0,0.0,0.0,2.69635,2.4345212
EBF2,0.0,0.0,1.7797432,0.0,0.0,0.0,2.3149862,1.7439275
ECE1,0.0,0.0,0.7418747,0.0,0.0,0.0,1.0127478,0.86933994
ECHDC2,0.77365685,0.0,0.8736644,0.0,0.0,0.0,0.0,0.0
EDNRA,0.0,0.0,0.0,0.0,0.0,0.0,1.2775927,1.5815518
EDNRB,0.0,0.0,0.0,0.0,0.0,0.0,1.6266168,0.9012795
EEA1,0.71302325,0.0,0.87570214,0.0,0.0,0.0,0.0,0.0
EFEMP1,0.0,0.0,0.9704796,0.0,0.0,0.0,0.0,0.0
EFNA5,2.2922611,0.0,0.0,0.0,0.0,0.0,0.0,0.0
EFR3A,0.0,0.0,0.0,0.0,1.0131428,0.0,0.0,0.0
EGFL7,0.0,1.5893446,0.0,0.0,0.0,0.0,0.0,0.0
EGFLAM,0.0,0.0,0.0,0.0,0.0,0.0,3.0474372,1.6144166
EGFR,0.0,0.0,2.2215667,0.0,0.0,0.0,0.0,0.0
EGLN1,0.8726088,0.0,0.0,0.0,0.0,0.0,0.0,0.0
EHBP1,0.0,0.0,1.2482281,0.0,0.0,3.2638838,0.0,0.0
EIF4G3,0.82601225,1.8303485,1.5259937,1.4376504,2.506208,0.0,1.4640336,1.2201312
ELF1,1.22169,0.0,1.3988752,1.6706243,1.5810916,0.0,0.0,0.0
ELF2,1.1743028,1.5434114,1.8543537,0.0,1.9934231,1.609758,1.3250654,1.2704518
ELL2,2.1242876,0.0,1.3087672,0.0,1.0885152,0.7646477,1.1264347,3.2867365
ELMO1,0.0,2.3754728,1.3129228,2.2698865,2.5838013,2.4535723,0.0,0.0
ELOVL5,0.0,0.0,0.0,0.0,0.0,0.0,0.0,1.531867
EMB,0.0,0.0,0.0,1.8294013,1.148896,0.0,0.0,0.0
EMCN,0.0,2.294915,0.0,0.0,0.0,0.0,0.0,0.0
EMILIN2,0.0,0.0,0.0,0.0,0.95008117,0.0,0.0,0.0
EML4,0.0,0.0,0.0,2.7006161,0.0,0.0,0.9921676,0.0
EMP1,0.0,1.1358175,0.81490904,0.0,0.0,0.0,0.0,0.0
ENAH,0.876602,0.0,0.0,0.0,0.0,0.0,0.0,0.0
ENG,0.0,1.5537679,0.824535,0.0,0.0,0.0,0.0,0.0
ENOSF1,0.69414866,0.0,0.0,0.0,0.0,0.0,0.0,0.0
ENOX1,1.1949375,0.0,0.0,0.0,0.0,0.0,1.4175398,0.0
ENPEP,0.0,0.0,0.0,0.0,0.0,0.0,2.3632483,2.694728
EPAS1,0.0,2.387057,1.2302799,0.0,0.0,0.0,1.5804023,2.0319126
EPB41,0.8020749,0.0,0.0,1.8103349,0.0,0.0,0.0,0.0
EPB41L2,0.0,1.3365357,1.8817267,0.0,0.0,2.4527745,1.5450051,0.0
EPB41L3,0.0,0.0,0.0,0.0,2.721726,0.0,0.0,0.0
EPB41L4A,0.0,1.922287,0.0,0.0,0.0,0.0,1.4155881,0.0
EPC1,0.7213974,0.0,0.7215606,1.4167124,0.0,0.0,0.0,0.0
EPHA3,0.0,0.0,0.0,0.0,0.0,0.0,1.3104457,0.0
EPS15,0.81985205,0.0,1.2291666,1.7444146,1.8531997,1.0659769,0.74956304,0.0
EPS8,0.0,0.0,2.2681756,0.0,0.0,0.0,3.596705,2.7739031
ERBB4,2.3140159,0.0,0.0,0.0,0.0,0.0,0.0,0.0
ERBIN,0.8231349,0.0,1.1096666,1.5908222,1.3221824,1.3321052,0.0,0.0
ERC1,1.5707992,1.9145212,1.6356237,0.0,1.4748564,1.4756366,1.7082446,1.4930515
ERG,0.0,1.6002483,0.0,0.0,0.0,0.0,0.0,0.0
ESRRG,2.1596475,0.0,0.0,0.0,0.0,0.0,0.0,0.0
ESYT2,1.4611027,2.2542791,1.3290339,1.5492322,0.0,1.1102121,1.7997905,2.370181
ETFA,0.7040735,0.0,0.0,0.0,0.0,0.0,0.0,0.0
ETFDH,0.7636976,0.0,0.0,0.0,0.0,0.0,0.0,0.0
ETS1,0.0,1.7674901,0.0,2.8160625,0.0,0.0,1.3039566,0.0
ETS2,0.0,1.159827,0.0,0.0,0.0,0.0,0.0,0.78184116
ETV6,0.74747765,1.5160007,1.1724521,1.2395294,2.4495983,0.0,1.2012382,2.6115932
EVA1C,0.0,2.1387987,0.0,0.0,0.0,0.0,0.0,0.0
EVI5,1.0304365,0.0,1.228312,0.0,1.535787,1.0357401,0.95738626,1.0317765
EVL,0.0,0.0,0.0,0.88196754,0.0,0.0,0.0,0.0
EXOC4,1.4862437,1.628096,1.7447069,2.0449438,2.0672798,1.5909766,1.717089,1.6138525
EXOC6B,2.8845756,1.5672873,1.3427746,0.0,1.6582652,1.5065712,1.5725625,1.3796802
EXT1,0.0,2.3323696,2.5207677,0.0,0.0,1.4632677,0.0,0.0
EYA4,1.5719573,0.0,0.0,0.0,0.0,0.0,0.0,0.0
F13A1,0.0,0.0,0.0,0.0,4.065999,0.0,0.0,0.0
F8,0.0,2.5426006,0.0,0.0,0.0,0.0,0.0,0.0
FAF1,1.6139331,1.3711501,1.3235462,1.7502849,1.245049,1.505479,1.5412444,1.4006016
FAM110B,0.0,0.0,1.1423154,0.0,0.0,0.0,0.8802211,0.79782975
FAM120B,0.6937227,0.0,0.0,0.0,0.0,0.0,0.0,0.0
HYCC1,0.0,0.0,0.0,0.0,0.0,1.5684893,0.0,0.0
NIBAN1,1.9345961,0.0,0.0,1.781316,0.0,1.3198158,0.0,0.0
FAM13A,0.0,0.0,0.8512795,0.0,1.6744845,0.0,1.7379167,0.0
FAM13B,1.1039742,0.0,0.0,0.0,0.8976846,0.0,0.0,0.0
FHIP1A,1.4900489,0.0,0.0,0.0,0.0,0.0,0.0,0.0
ARB2A,0.8547961,1.1242197,1.654434,1.8469658,1.2618093,1.3238497,1.3012257,0.0
GASK1B,0.0,0.0,1.4119387,0.0,0.0,0.0,0.0,0.0
TASOR2,0.0,0.0,1.1101439,0.0,0.0,0.0,0.99280846,0.0
FAM20A,0.0,0.0,0.0,0.0,1.5383663,0.0,0.0,0.0
ATOSA,0.7473899,0.0,0.0,0.0,0.0,0.0,0.0,0.0
FAM219A,0.0,1.0708687,0.0,0.0,0.0,0.0,0.0,0.0
TENT5A,0.7584107,0.0,0.0,0.0,0.0,0.0,0.0,0.0
CYRIA,0.0,0.0,0.0,0.0,1.57514,0.0,0.0,0.0
CYRIB,0.0,0.0,0.0,2.0525475,1.9628131,0.0,0.0,0.0
FAT1,0.0,0.0,0.0,0.0,0.0,0.0,0.0,1.3862658
FBLN1,0.0,0.0,1.1528848,0.0,0.0,0.0,0.0,0.0
FBLN5,0.0,0.0,1.421402,0.0,0.0,0.0,0.0,0.0
FBN1,0.0,0.0,2.776784,0.0,0.0,0.0,0.0,0.0
FBXL17,1.7687497,0.0,0.99894404,1.6896293,0.96096647,0.0,0.0,0.0
FBXL20,0.81949687,0.0,0.0,0.0,0.0,0.0,0.0,0.0
FBXL7,1.6358871,2.633669,2.407381,0.0,0.0,0.0,0.0,0.0
FBXO11,0.8534399,0.0,1.0859089,0.0,1.5092413,1.2506242,0.8441124,0.90573484
FBXO32,1.0966163,0.0,0.0,0.0,0.0,0.0,0.0,0.0
FBXW11,0.9345052,0.0,0.0,0.0,0.8044232,0.0,0.0,0.0
FBXW7,1.6427319,1.382612,0.0,1.7495055,1.3106446,0.0,0.0,0.0
FCHO2,0.0,0.0,0.0,0.0,1.395211,0.0,0.0,0.0
FCHSD2,1.385807,2.004438,0.0,0.39519113,2.9039643,0.0,0.0,1.4214134
FER,0.7535273,1.3395429,1.6578066,0.0,1.6979609,1.6877365,1.5009933,1.4905161
FERMT2,0.0,1.0129712,0.82554317,0.0,0.0,0.0,1.3500855,0.7342408
FGD4,0.9690565,1.211906,0.0,0.0,2.0060046,0.0,0.0,0.0
FGF12,3.720685,0.0,0.0,0.0,0.0,0.0,0.0,0.0
FGF7,0.0,0.0,1.6346678,0.0,0.0,0.0,0.0,0.0
FGFR1,0.0,0.0,1.1059998,0.0,0.0,0.0,0.0,0.0
FHIT,2.518292,0.0,0.0,0.0,2.1995273,0.0,0.0,0.0
FHL2,3.2407885,0.0,0.0,0.0,0.0,0.0,0.0,0.0
FHOD3,2.381754,0.0,0.0,0.0,0.0,0.0,0.0,0.0
FIGN,0.0,0.0,0.0,0.0,0.0,2.764125,0.8132379,0.0
FILIP1,2.3807993,0.0,1.5331466,0.0,0.0,0.0,1.0398605,2.110411
FILIP1L,0.0,0.0,0.0,0.0,0.0,0.0,0.0,1.082998
FKBP5,1.1026957,0.0,1.4254087,2.097925,2.1547608,0.8089216,0.0,0.0
FLI1,0.0,2.0202518,0.0,1.7163401,1.6298256,0.0,0.0,0.0
FLNA,0.0,0.0,0.0,0.0,0.0,0.0,0.0,1.1196474
FLNB,0.0,1.6305683,0.0,0.0,0.0,0.0,0.0,0.0
FLT1,0.0,4.035887,0.0,0.0,0.0,0.0,1.7181206,0.0
FMN1,0.0,0.0,0.0,0.0,2.6074288,0.0,0.0,0.0
FMNL2,0.0,1.6629548,0.8930144,0.0,1.6793475,1.2404019,0.0,0.0
FMO2,0.0,0.0,1.5233934,0.0,0.0,0.0,0.0,0.0
FN1,0.0,0.0,1.0004094,0.0,0.0,0.0,0.0,0.0
FNBP1,0.0,0.0,0.0,2.2639163,1.7067668,0.0,1.1749985,1.1475053
FNBP1L,1.1127084,0.0,0.0,0.0,0.0,0.0,1.1880758,0.0
FNBP4,0.7400932,0.0,0.8547961,0.0,0.0,0.0,0.7718068,0.0
FNDC3A,2.098582,0.0,1.0438378,0.0,1.4260092,1.2900491,1.1469864,1.1035038
FNDC3B,2.1651092,2.113924,3.3467293,1.693872,2.037849,2.6798115,2.4639182,1.9278302
FNIP2,2.211801,0.0,0.0,0.0,0.0,0.0,0.0,0.0
FOCAD,0.9820291,0.0,0.0,0.0,0.0,0.0,0.0,0.0
FOSL2,0.0,0.0,0.0,0.0,0.0,0.0,0.0,0.9695647
FOXJ3,0.75965106,0.0,0.0,0.0,0.0,1.1312463,0.0,0.0
FOXN3,1.3033705,1.1838124,1.0684167,1.7063053,1.5588852,0.0,0.0,0.0
FOXO1,0.8520497,1.3641715,1.5752919,1.7083441,0.0,2.7012632,0.0,0.0
FOXO3,1.100215,0.0,1.9378113,0.0,1.9665922,1.0289898,1.0225624,1.5927483
FOXP1,1.893575,1.6962304,1.780529,2.9021664,2.523684,1.3144143,1.6462724,1.4470296
FOXP2,0.0,0.0,2.0437727,0.0,0.0,0.0,0.0,0.0
FRMD3,0.0,0.0,0.0,0.0,0.0,0.0,3.2914815,0.0
FRMD4A,0.0,1.6869287,0.9404596,0.0,2.1782103,2.4333336,0.0,1.324154
FRMD4B,0.0,0.0,0.0,0.0,3.0032525,0.0,0.0,0.0
FRMD5,0.0,0.0,0.0,0.0,0.0,2.6040797,0.0,0.0
FRY,1.6249772,0.0,0.0,0.0,0.0,0.0,1.196949,1.1083393
FRYL,0.8144182,2.083477,0.9868058,1.7538638,1.3101985,0.0,1.327148,1.107584
FSTL1,0.7260748,0.0,1.7363739,0.0,0.0,0.0,0.0,0.0
FTH1,0.0,0.0,1.0915954,0.0,1.6466949,0.0,0.0,0.0
FTL,0.0,0.0,1.7698095,0.0,1.6827258,0.87002164,0.0,0.0
FTO,1.1183621,0.0,1.5760521,0.0,0.0,1.223719,1.4318019,1.4211042
FTX,2.2951555,2.0824516,3.0090346,2.2223253,2.6640363,2.7292583,2.6333191,2.60806
FYB1,0.0,0.0,0.0,1.9796596,0.938277,0.0,0.0,0.0
FYB2,1.0201178,0.0,0.0,0.0,0.0,0.0,0.0,0.0
FYN,0.0,0.0,1.6829934,3.430546,0.0,1.3818856,1.3588296,0.0
GAB1,1.1538497,0.0,0.0,0.0,0.0,1.3268936,0.0,0.0
GAB2,0.0,0.0,1.7082136,0.0,1.9716752,0.0,0.0,0.0
GABARAPL1,0.723523,0.0,0.0,0.0,0.0,0.0,0.0,0.0
GALNT17,1.8320358,0.0,0.0,0.0,0.0,0.0,0.0,0.0
GALNT18,0.0,3.359077,0.0,0.0,0.0,0.0,0.0,0.0
GALNT2,0.0,0.0,1.0757463,0.0,0.0,2.0926118,0.0,2.158959
GAREM1,1.2383974,0.0,0.0,0.0,0.0,0.0,0.0,0.0
GARNL3,0.8992797,0.0,0.0,0.0,0.0,0.0,0.0,0.0
GAS7,0.0,0.0,1.8438084,0.0,1.8449664,1.778856,0.0,0.0
GATA4,1.5086701,0.0,0.0,0.0,0.0,0.0,0.0,0.0
GATAD2B,0.6987183,0.0,0.0,1.1181476,0.0,0.0,0.0,0.0
GBE1,1.9796557,1.8972192,2.07765,0.0,0.0,0.0,1.7416271,1.5241656
GBF1,0.92669046,0.0,0.0,0.0,0.0,0.0,0.0,0.0
GCNT2,0.7197981,0.0,0.0,0.0,0.0,0.0,0.0,0.0
GFOD1,0.8844558,1.7353153,0.0,0.0,0.0,0.0,0.0,0.0
GFPT2,0.0,0.0,1.3997371,0.0,0.0,0.0,0.0,0.0
GIGYF2,0.8201009,0.0,0.91743225,0.0,0.0,0.0,0.9951667,0.0
GLG1,0.69671625,0.0,0.833925,1.3212249,0.0,0.0,0.0,0.0
GLI3,0.0,0.0,0.0,0.0,0.0,1.416711,0.0,0.0
GLIS3,0.0,0.0,2.7157087,0.0,0.0,0.0,0.0,0.0
GLS,0.0,0.0,1.1742256,1.336124,0.8056561,0.0,0.0,0.0
GMDS,0.0,0.0,0.0,1.0708687,0.0,0.0,0.0,0.0
ENSG00000250903,0.88818645,0.0,0.0,0.0,0.0,0.0,0.0,0.0
GNA13,0.0,0.0,0.0,0.0,1.5240248,0.0,0.0,0.0
GNAQ,0.0,2.158026,1.4937205,0.0,2.6098745,0.0,0.0,0.0
GNB1,0.0,1.6018019,0.90144706,1.4602135,1.5117853,0.0,1.1560087,0.0
GNG2,0.0,0.0,0.0,1.5935496,0.0,0.0,0.0,0.0
GNG7,0.77630883,0.0,0.0,0.0,0.0,0.0,0.0,0.0
GOLGA4,1.9654828,0.0,1.3111877,1.1010659,1.9340897,0.0,1.358561,1.2880493
GOLGB1,0.9575345,0.0,0.0,0.0,0.0,0.0,0.0,0.0
GPAT3,0.9412216,0.0,0.0,0.0,0.0,0.0,0.0,0.0
GPATCH8,1.0235324,0.0,1.1262224,1.3487642,0.0,1.0824766,1.2437301,1.0273798
GPBP1,0.8081969,0.0,0.783021,1.4079077,0.8135432,0.0,1.092714,1.0892998
GPBP1L1,0.702219,0.0,0.0,0.0,0.0,0.0,0.0,0.0
GPCPD1,0.0,0.0,0.0,1.0941095,0.0,0.0,0.0,1.0793905
GPHN,2.0130339,2.0050864,1.7493685,0.0,0.0,1.3518345,2.7393713,2.1915588
GPI,0.8133335,0.0,0.0,0.0,0.0,0.0,0.0,0.0
GPM6B,0.0,0.0,0.0,0.0,0.0,2.2192123,0.0,0.0
GPR155,0.0,0.0,0.0,0.0,0.0,1.6839751,0.0,0.0
GPRIN3,0.0,0.0,0.0,1.5678949,0.0,0.0,0.0,0.0
GPX3,0.0,0.0,1.6559753,0.0,0.0,0.0,0.0,0.0
GRAMD1B,1.2245666,0.0,0.0,0.0,0.0,0.0,0.0,0.0
GRB10,0.0,2.4022245,1.2005073,0.0,0.0,0.8265902,0.0,0.0
GRB2,0.0,0.0,0.0,0.0,1.9115684,0.0,0.0,0.0
GRIK2,0.0,0.0,0.0,0.0,0.0,1.7810075,0.0,0.0
GRK3,0.0,0.0,0.0,0.0,1.6269453,0.0,0.0,0.0
GRK5,0.0,0.0,1.900962,0.0,0.0,0.0,2.8520339,1.4132144
GSAP,0.0,0.0,0.0,0.0,1.2035997,0.0,0.0,0.0
GSE1,0.0,1.1575027,0.0,0.0,0.0,0.0,0.0,0.0
GSK3B,0.95276314,1.7245307,1.0084695,1.2817155,1.3452891,1.3084714,1.0551771,0.0
GSN,0.0,0.0,2.4565082,0.0,0.0,1.0880581,0.0,0.0
GTDC1,0.0,0.0,0.0,0.0,0.9325384,1.7520556,0.0,0.0
GTF2IRD1,1.3509328,0.0,0.0,0.0,0.0,0.0,0.0,0.0
GUCY1A2,0.0,0.0,0.0,0.0,0.0,0.0,2.5155172,0.0
GUCY1A1,0.0,0.0,0.0,0.0,0.0,0.0,1.3472345,0.0
GUCY1B1,0.0,0.0,0.0,0.0,0.0,0.0,0.99179333,0.0
GULP1,0.0,0.0,0.0,0.0,0.0,1.8856682,0.0,0.0
H3-3B,0.0,0.0,0.82424736,0.0,0.0,0.0,0.0,0.0
HACD1,0.7449119,0.0,0.0,0.0,0.0,0.0,0.0,0.0
HADHA,1.1362123,0.0,0.0,0.0,0.0,0.0,0.0,0.0
HADHB,1.665819,0.0,0.0,0.0,0.0,0.0,0.0,0.0
HAND2-AS1,1.2311378,0.0,0.0,0.0,0.0,0.0,0.0,0.0
HCK,0.0,0.0,0.0,0.0,0.7527014,0.0,0.0,0.0
HCLS1,0.0,0.0,0.0,0.0,1.2128183,0.0,0.0,0.0
HDAC4,0.8473741,0.0,0.0,1.271877,0.7271229,1.1312463,0.0,0.0
HDAC9,1.3038589,0.0,0.0,0.0,0.0,0.0,0.0,0.0
HECTD1,0.8916961,0.0,1.0225054,0.0,0.0,0.0,0.89609253,0.73511326
HECW2,0.0,0.9994864,0.0,0.0,0.0,0.0,0.0,0.0
HELZ,0.888692,0.0,0.0,1.6666353,1.3656367,0.0,0.0,0.0
HERC1,0.97431374,1.9618495,1.0800946,1.8458316,1.651532,1.1368229,1.4834929,0.0
HERC4,1.2606761,0.0,1.1816142,1.5864818,1.3656912,1.3571668,1.3108907,1.1598322
HES4,0.0,0.0,0.0,0.0,0.0,0.0,0.0,1.4139962
HEYL,0.0,0.0,0.0,0.0,0.0,0.0,0.0,0.86802447
HIF1A,0.0,0.0,0.0,0.0,1.8510101,0.0,1.012692,1.3664533
ENSG00000258667,0.96466327,0.0,0.0,0.0,0.0,0.0,0.0,0.0
HIF3A,0.92572355,0.0,0.0,0.0,0.0,0.0,0.0,0.0
HIPK2,1.1615583,2.288222,0.0,0.0,0.0,0.0,2.8002944,2.9065652
HIPK3,1.3239002,1.7092627,1.7631744,0.0,1.1917351,1.1928537,1.012023,1.3133206
HIVEP2,1.5321978,0.0,1.6039143,1.4474133,1.0592837,1.3847963,1.6431804,2.064473
HLA-A,0.0,0.0,0.0,0.7109226,0.0,0.0,0.0,0.0
HLA-B,0.0,0.0,0.0,1.2246714,0.0,0.0,0.0,0.0
HMBOX1,0.92733634,0.0,0.7637589,0.0,1.0160527,0.0,0.8234936,0.0
HNRNPA2B1,0.8039115,1.3612517,1.301469,1.3955188,1.3732382,1.1857815,1.3721931,1.3866113
HNRNPA3,0.0,0.0,0.0,0.0,0.0,0.0,0.0,0.7457556
HNRNPC,1.0134186,0.0,1.2559866,1.5539174,1.1320292,0.9456768,1.2938783,1.3601758
HNRNPDL,0.0,0.0,0.86291134,0.0,0.0,0.0,0.0,0.0
HNRNPH1,0.0,0.0,0.917342,0.99315524,0.9254478,0.0,0.9499347,0.0
HNRNPR,0.0,0.0,0.81631494,0.0,0.0,0.0,0.0,0.0
HNRNPU,0.92692107,0.0,1.3471818,1.3719184,1.2110374,1.2024583,1.4448323,1.5751417
HOMER1,1.1286929,0.0,0.0,0.0,0.0,0.0,0.0,0.0
HP1BP3,0.0,0.0,1.0486305,0.0,0.0,0.0,0.9288627,0.0
HRAT17,0.97119284,0.0,0.0,0.0,0.0,0.0,0.0,0.0
HSDL2,1.1187783,0.0,0.0,0.0,0.0,0.0,0.0,0.0
HSPA12A,0.0,0.0,0.0,0.0,0.0,1.4636931,0.0,0.0
HSPB7,1.1640143,0.0,0.0,0.0,0.0,0.0,0.0,0.0
HSPG2,0.0,1.0438977,1.14772,0.0,0.0,1.2852985,0.0,0.0
ICA1,1.2019699,0.0,0.0,0.0,0.0,0.0,0.0,0.0
IFI16,0.0,0.0,1.5333602,1.7159656,1.5293832,1.1033008,0.0,0.0
IFRD1,0.79289085,0.0,0.0,0.0,0.0,0.0,0.0,0.0
IGF1R,2.0914445,0.0,1.6639228,0.0,0.0,1.6304032,0.0,0.0
IGF2R,0.0,0.0,0.0,0.0,0.0,0.0,1.1078298,0.0
IGFBP4,0.0,0.0,1.1399956,0.0,0.0,0.0,0.0,0.0
IGFBP7,0.0,0.0,2.2469714,0.0,0.0,1.6011695,2.2773514,2.5269446
IKZF1,0.0,0.0,0.0,2.4183717,0.0,0.0,0.0,0.0
IKZF3,0.0,0.0,0.0,1.2164009,0.0,0.0,0.0,0.0
IL1R1,0.0,0.0,0.0,0.0,0.0,0.0,1.1015544,0.0
IL1RAP,0.0,0.0,0.0,0.0,0.0,1.8096906,0.0,0.0
IL1RAPL1,2.30994,0.0,0.0,0.0,0.0,3.0350482,1.6549473,0.0
IL1RAPL2,0.0,0.0,0.0,0.0,0.0,1.3067006,0.0,0.0
IL6ST,0.0,0.0,1.6189182,0.0,0.0,1.2220277,0.0,0.0
IMMP2L,1.9693725,1.8934963,2.515282,1.0174041,1.439489,2.20055,3.0729086,2.6717844
INPP4A,0.0,0.0,0.0,1.6094382,1.1916554,0.0,0.0,0.0
INPP4B,1.7827542,0.0,0.0,1.6781114,0.0,0.0,2.0203936,1.2134001
INPP5A,0.69810885,0.0,0.0,0.0,0.0,0.0,0.0,0.0
INPP5D,0.0,0.0,0.0,1.8230588,1.2475231,0.0,0.0,0.0
INPP5F,0.0,0.0,0.0,0.0,0.0,1.3228385,0.0,0.0
INSR,1.818124,0.0,0.0,0.0,0.0,0.0,0.8412499,0.82379985
INTS6,0.0,0.0,0.7318505,0.0,0.0,0.0,0.0,0.0
IQCJ-SCHIP1,1.5945656,0.0,0.0,0.0,0.0,0.0,0.0,0.0
IQGAP1,0.0,1.2940705,0.8586962,1.3530037,1.7876049,0.98923975,0.0,0.0
IQGAP2,0.0,0.0,0.0,2.8072443,2.340261,2.5158048,0.0,0.0
IRAK3,0.0,1.2317395,0.0,0.0,1.6557181,0.0,0.0,0.0
ITCH,0.758471,0.0,1.0532889,1.2517014,1.0778517,0.97534174,0.976372,1.0250797
ITFG1,0.89574933,0.0,0.0,0.0,1.4371604,0.0,0.0,0.0
ITGA1,0.0,2.0359645,0.0,0.0,0.0,1.2565256,1.0138655,0.0
ITGA4,0.0,0.0,0.0,2.1602292,0.0,0.0,0.0,0.0
ITGA6,0.0,1.8148357,0.0,0.0,0.0,0.0,0.0,0.0
ITGA9,1.7743692,0.9309089,0.0,0.0,1.2134832,0.0,0.0,0.0
ITGAL,0.0,0.0,0.0,0.8168311,0.0,0.0,0.0,0.0
ITGAV,1.0222205,0.0,0.0,0.0,0.0,0.0,0.0,0.0
ITGB1,0.0,1.0321203,0.0,0.0,0.0,0.0,1.4869279,1.0289325
ITGB8,0.0,0.0,0.0,0.0,0.0,2.8229823,0.0,0.0
ITK,0.0,0.0,0.0,1.876205,0.0,0.0,0.0,0.0
ITM2B,0.0,0.0,1.4778526,0.0,0.7535283,0.0,0.0,0.0
ITPR1,0.0,0.0,0.7287284,0.0,0.0,0.0,1.7711236,1.5811685
ITPR2,0.8847898,1.6978688,1.0751102,1.3187139,2.3478906,0.0,0.0,0.0
ITSN1,0.0,0.0,0.0,0.0,2.0504894,1.0659769,0.0,0.0
ITSN2,0.92169464,1.0506214,0.96375966,1.3249204,1.4890511,0.0,0.0,0.0
JAK1,0.0,0.0,0.8409864,2.0283787,0.0,0.0,1.057502,0.0
JAK2,0.0,0.0,0.0,0.0,1.135674,0.0,0.0,0.0
JARID2,0.0,0.0,0.0,1.6318908,2.0634203,0.0,0.0,0.0
JAZF1,1.6424798,0.0,0.0,0.99680793,0.80562186,0.0,0.0,0.0
JMJD1C,1.6384163,2.977829,2.4700675,1.9187245,2.2262778,2.3986228,2.5632894,2.2381072
JPX,0.7322984,0.0,0.0,0.0,0.0,0.0,0.0,0.0
KALRN,1.1317444,2.3299096,0.0,0.0,0.0,0.0,1.9675179,2.047682
KANK1,2.0109482,0.0,0.0,0.0,0.0,0.0,0.0,0.0
KANSL1,1.1632196,0.0,1.3819416,2.0806618,1.527545,1.2915777,1.4213424,1.2986135
KANSL1L,0.7008349,0.0,0.0,0.0,0.0,0.90691435,0.0,0.0
KAT2B,0.0,0.0,0.0,1.8893131,0.0,0.0,0.0,0.0
KAT6A,0.8093709,1.6186209,1.156307,1.7730618,1.2258407,1.140285,1.2488039,1.0774047
KAT6B,0.8966507,0.0,0.0,0.0,0.0,0.0,0.0,0.0
KAZN,0.0,0.0,2.9167616,0.0,0.0,0.0,0.0,0.0
KCNAB1,0.0,0.0,0.0,0.0,0.0,0.0,0.0,1.2343236
KCND3,0.71581876,0.0,0.0,0.0,0.0,0.0,0.0,0.0
KCNMA1,0.0,0.0,0.0,0.0,1.9388719,0.0,0.0,0.0
KCNMB4,0.0,0.0,0.0,0.0,0.0,2.0110416,0.0,0.0
KCNQ1,0.34682378,0.0,0.0,0.0,0.7327864,0.0,0.0,0.0
KCNT2,0.0,0.0,1.5912619,0.0,0.0,0.0,0.0,0.0
KCTD1,0.0,0.0,0.0,0.0,0.0,1.1223644,0.0,0.0
KDM2A,0.94298875,0.0,1.1326704,1.4926506,1.7022572,0.0,1.006593,0.0
KDM4C,0.9400792,0.0,0.0,1.5768137,1.306406,0.0,0.0,0.0
KDM5A,0.6965395,0.0,0.0,0.0,0.0,0.0,0.0,0.0
KDM6A,0.7756436,0.0,0.93347394,1.2053169,0.70779073,0.0,0.79883194,0.77603567
KHDRBS3,0.0,0.0,0.0,0.0,0.0,1.8121871,0.0,0.0
KIAA0232,1.1295781,0.0,0.0,0.0,0.0,0.0,0.0,0.0
GARRE1,0.0,1.6062455,0.0,0.0,0.0,0.0,0.0,0.0
ECPAS,0.92078435,1.051045,1.1195768,0.0,0.0,0.0,0.96789145,0.0
BLTP1,0.0,0.0,0.0,1.5864818,0.8532853,0.0,0.9286778,0.0
KIAA1217,0.7470975,3.0139322,0.0,0.0,0.0,2.3132746,0.0,0.0
RESF1,0.0,0.0,0.0,1.4878621,0.0,0.0,0.0,0.0
KIAA1671,0.0,0.9623079,0.0,0.0,0.0,0.0,0.0,0.0
KIDINS220,1.315311,0.0,0.0,0.0,0.0,0.9512001,0.0,0.0
KIF13A,0.89902043,1.9332716,0.8722035,0.0,0.702476,0.9406976,0.0,0.0
KIF16B,0.0,0.0,0.0,0.0,0.0,0.0,1.277406,0.0
KIF1B,1.1679301,0.0,0.0,0.0,1.157428,1.3295445,0.0,0.0
KIF21A,1.4350846,0.0,0.0,0.0,0.0,0.0,0.0,0.0
KIRREL3,0.0,0.0,0.0,0.0,0.0,3.0910234,0.0,0.0
KLF12,0.8043208,0.0,0.0,2.1883848,0.0,0.0,0.0,0.0
KLF7,0.0,1.6368728,0.0,0.0,0.0,0.0,0.0,0.0
KLF9,0.0,0.0,1.1097348,0.0,0.0,1.429744,0.0,1.7491091
KLHL23,0.0,0.0,0.0,0.0,0.0,0.0,0.71646917,0.0
KLHL24,1.6350417,0.0,0.0,0.0,0.0,0.0,0.0,0.0
KLHL29,0.0,0.0,0.0,0.0,0.0,1.8686359,0.0,0.0
KLHL7,0.9685494,0.0,0.0,0.0,0.0,0.0,0.0,0.0
KMT2A,0.0,0.0,0.7411839,1.1873038,0.0,0.0,0.0,0.0
KMT2C,1.3278098,1.8539561,1.7637751,2.0568504,2.0613234,1.8121871,1.861718,1.6290839
KMT2E,0.9900363,1.6958667,1.4761573,2.015727,1.9614556,1.3827797,1.6530668,1.6189861
KTN1,1.3999674,1.021026,1.035096,0.0,0.0,0.0,1.2187446,0.0
KYNU,0.0,0.0,0.0,0.0,1.8092635,0.0,0.0,0.0
LAMA2,3.9861212,0.0,4.3412933,0.0,0.0,1.8789018,0.0,0.0
LAMA4,0.0,0.0,0.0,0.0,0.0,1.2862453,1.3732378,0.0
LAMB1,0.0,0.0,1.8855101,0.0,0.0,0.0,1.3532214,0.0
LAMC1,0.0,0.0,2.311401,0.0,0.0,1.6174862,0.0,0.0
LARGE1,2.9080262,1.1597519,0.0,0.0,0.0,1.8554716,1.4467757,0.0
LARP4,0.7691246,0.0,0.0,0.0,0.0,0.0,0.0,0.7985258
LARP4B,0.0,0.0,0.0,0.0,1.1861374,0.0,0.0,0.0
LCLAT1,1.0461093,0.0,0.0,0.0,0.0,0.0,0.0,0.0
LCOR,0.88966286,0.0,0.0,0.0,1.0007902,0.0,0.0,0.0
LCP1,0.0,0.0,0.0,0.90104234,0.0,0.0,0.0,0.0
LCP2,0.0,0.0,0.0,0.0,1.2811508,0.0,0.0,0.0
LDB2,0.0,3.3959894,0.0,0.0,0.0,0.0,0.0,0.0
LDB3,2.5303066,0.0,0.0,0.0,0.0,0.0,0.0,0.0
LDLRAD3,0.0,0.0,0.0,0.0,0.0,0.0,0.0,1.4541543
LDLRAD4,1.714704,1.8058558,0.0,0.0,2.3460264,0.0,0.0,0.0
LGI4,0.0,0.0,0.0,0.0,0.0,1.422894,0.0,0.0
LGMN,0.0,0.0,0.0,0.0,1.4022734,0.0,0.0,0.0
LGR4,0.0,0.0,1.4979753,0.0,0.0,0.0,0.0,0.0
LHFPL2,0.0,0.0,0.73350585,0.0,0.0,1.012971,0.0,0.0
LHFPL6,1.4471692,1.8060683,1.8926568,0.0,0.0,0.0,3.0051506,2.0192146
LIMCH1,2.2858875,2.6249654,1.2200891,0.0,0.0,0.0,0.0,0.0
LIMS1,1.2565256,0.0,0.0,0.0,0.0,0.0,0.0,0.0
LIN7A,0.0,0.0,0.0,0.0,0.0,0.0,1.1483811,0.0
LINC-PINT,2.6253366,1.7442684,2.219578,2.8387523,2.1219678,1.7621745,2.175479,2.5886838
LINC00486,3.4808075,3.591856,3.6650069,3.698473,3.5252454,3.597969,3.6276984,3.574238
MUC20-OT1,0.77155566,0.0,0.0,0.0,0.0,0.0,0.0,0.0
LINC01278,0.71619326,0.0,0.0,0.0,0.0,0.0,0.0,0.0
ENSG00000234663,0.0,0.0,0.0,1.213234,0.0,0.0,0.0,0.0
LMO7,1.3716989,0.0,0.0,0.0,0.0,0.0,0.0,0.0
LMOD2,0.7040993,0.0,0.0,0.0,0.0,0.0,0.0,0.0
LONP2,0.7021164,0.0,0.0,0.0,0.0,0.0,0.0,0.0
LPAR1,0.0,0.0,1.5867109,0.0,0.0,2.4118292,0.0,0.0
LPAR6,0.0,0.0,0.0,0.0,1.1150796,0.0,0.0,0.0
LPL,0.8966507,0.0,0.0,0.0,0.0,0.0,0.79615104,0.0
LPP,2.7212243,2.1605968,2.2291713,2.3916466,2.5675995,2.4439921,3.1829052,3.4897056
LRBA,1.1558595,0.0,0.0,2.3523486,0.9539404,1.1827903,0.0,0.0
LRCH1,0.0,1.6797901,0.0,0.0,0.84211326,0.0,0.0,0.0
LRCH3,0.75865215,0.0,1.0173476,0.0,0.0,1.7481267,0.81673926,0.0
LRMDA,0.7737827,3.0374289,0.0,0.0,3.4080393,1.967121,0.0,0.0
LRP1,0.0,0.0,1.7149374,0.0,1.0971477,0.0,0.0,0.0
LRRC2,1.4153523,0.0,0.0,0.0,0.0,0.0,0.0,0.0
LRRFIP1,1.7166677,0.0,1.3228891,0.0,1.8441072,0.0,1.5631971,1.462379
LRRFIP2,1.6521568,0.0,0.0,0.0,0.0,0.0,0.0,0.0
LTBP1,1.9783659,0.0,1.9235754,0.0,0.0,0.0,0.0,0.0
LTBP4,0.0,0.0,1.1413717,0.0,0.0,0.0,0.0,0.0
LUC7L3,1.1058307,0.9445228,1.3524188,1.4268516,1.0811231,1.3190124,1.5550926,1.3950409
LYN,0.0,0.0,0.0,0.0,1.1422796,0.0,0.0,0.0
LYST,0.0,0.0,0.0,1.5393736,0.90832984,1.2864349,0.0,0.0
LYVE1,0.0,0.0,0.0,0.0,1.6588963,0.0,0.0,0.0
MACF1,1.6744404,2.497272,1.5698442,2.1036453,1.9791181,0.0,1.6205702,1.9214985
MACROD2,0.87873673,0.0,0.0,0.0,0.0,0.0,0.0,0.0
MAF,0.0,0.0,0.0,0.0,1.0946326,0.0,0.0,0.0
MAGI1,2.2654624,2.8607407,0.0,0.0,0.0,0.0,0.0,1.1259525
MAGI2,1.8127947,0.0,1.4426894,0.0,0.0,0.0,0.0,0.0
MAML2,0.0,0.0,2.7588859,1.9151051,2.2613132,0.0,2.7113373,2.276246
MAML3,0.0,0.0,0.0,0.0,1.7075971,0.0,0.0,0.0
MAN1A1,0.0,0.0,1.8028872,0.0,2.344214,0.0,0.0,0.0
MAN2A1,0.0,0.0,1.0241039,0.0,0.0,0.0,0.0,0.0
MANBA,0.0,0.0,0.0,0.0,1.2939265,0.0,0.0,0.0
MAP1B,0.0,0.0,0.0,0.0,0.0,1.3469712,1.9852567,1.1245365
MAP2K1,0.0,0.0,0.0,0.0,1.1675875,0.0,0.0,0.0
MAP3K1,0.0,0.0,0.0,0.0,0.9984026,0.0,0.0,0.0
MAP3K20,1.8227425,0.0,1.2653141,0.0,0.0,0.0,1.6630415,1.5573556
MAP3K5,0.8129145,0.0,1.3615754,1.6027519,0.0,0.0,0.0,0.0
MAP4,2.470231,1.8742176,1.7507763,1.085,1.0499573,2.484595,1.7263325,1.245894
MAP4K3,1.6402984,0.8740307,1.3413129,0.0,0.0,1.2086834,1.0767022,0.0
MAP4K4,0.73378724,1.269439,1.0514686,0.0,0.0,1.1192989,2.3590446,1.6793463
MAP4K5,0.0,0.0,0.934787,0.0,0.0,1.6486424,0.0,0.0
MAPK1,0.0,0.0,0.0,1.1927826,0.0,0.0,0.0,0.0
MAPKAPK2,1.0392108,0.0,0.0,0.0,0.0,0.0,0.0,0.0
MAPRE2,0.7742864,0.0,0.0,0.0,0.0,0.0,0.0,0.0
MARCHF1,0.0,0.0,0.0,0.0,1.9534912,0.0,0.0,0.0
MARCHF3,1.3176591,0.0,2.0240908,0.0,0.0,0.0,0.0,0.0
MARCHF6,0.98036075,0.0,0.84346867,0.0,0.0,0.0,1.0638597,0.34934646
MARCHF7,0.7831497,0.0,0.76810193,0.0,0.82206213,0.0,0.8331366,0.0
MARK3,1.4598327,1.0716889,1.345394,1.2562578,1.2289956,1.1192989,1.235837,1.2134833
MAST2,0.85779583,0.0,0.0,0.0,0.0,0.0,0.0,0.0
MAST4,2.636222,2.0322583,0.0,0.0,0.0,0.0,0.9499347,1.6264634
MATN2,0.0,0.0,0.0,0.0,0.0,0.7737197,0.0,0.0
MBD5,1.591911,1.419438,1.5506874,1.7975471,1.3860321,1.5900435,1.7322123,1.4348438
MBNL1,2.2335923,2.2701192,2.7144082,3.3648322,2.4380894,2.2847805,2.6205559,2.572106
MBNL2,1.4321657,0.0,0.76369774,0.0,1.1184661,0.0,0.0,1.2210997
MBOAT2,0.0,0.0,0.0,0.0,0.0,1.0246187,0.0,0.0
MBP,0.0,0.0,0.0,1.6575272,0.86465764,0.0,0.0,0.0
MBTPS1,0.8905088,0.0,0.0,0.0,0.0,0.0,0.0,0.0
MCAM,0.0,0.0,0.0,0.0,0.0,0.0,0.0,1.953406
MCC,0.0,1.0847408,0.0,0.0,0.0,0.0,1.3965819,0.0
MCF2L,0.0,1.9441978,0.0,0.0,0.0,0.0,0.0,0.0
MCL1,0.0,0.0,0.0,0.0,0.8667311,0.0,0.0,0.0
MCTP1,0.0,1.7733872,0.0,0.0,2.0023108,0.0,0.0,0.0
MCTP2,0.0,0.0,0.0,1.2859786,0.0,0.0,0.0,0.0
ME1,0.0,0.0,0.0,0.0,1.2722988,0.0,0.0,0.0
MECOM,0.0,2.9672737,1.6618875,0.0,0.0,0.0,0.0,0.0
MECP2,0.0,0.0,0.0,1.1088998,0.0,0.0,0.0,0.0
MED13,0.9569415,0.0,1.1574652,0.0,0.998132,0.0,1.0648549,1.0442562
MED13L,1.2075722,2.3621593,2.1324923,1.9390849,2.2842522,2.132383,1.7687329,2.053465
MEF2A,1.6391685,3.0176468,1.1786854,0.0,2.11782,1.3140162,1.6853907,0.0
MEF2C,0.0,2.1125383,0.0,0.0,2.272946,0.0,1.7169018,0.0
MEG3,0.0,0.0,1.0541408,0.0,0.0,0.0,0.0,0.0
MEIS1,1.1659114,0.0,0.0,0.0,0.0,0.0,0.0,0.0
MEIS2,2.301107,0.0,1.7304273,0.0,0.0,0.0,0.71896076,1.1062222
MERTK,0.0,0.0,0.0,0.0,2.1467674,0.0,0.0,0.0
METTL15,0.7441573,0.0,0.0,0.0,0.0,0.0,0.0,0.0
MFGE8,0.0,0.0,0.0,0.0,0.0,0.0,1.2952255,1.4469833
MFSD1,0.0,0.0,0.0,0.0,1.070995,0.0,0.0,0.0
MGAT4A,0.0,0.0,0.0,0.0,1.1113391,0.0,0.0,0.0
MGAT5,2.0425258,0.94428265,1.4363658,1.7070432,1.8265922,0.0,1.5525928,0.0
OGA,0.92324674,0.0,0.0,1.5555347,0.0,1.0239323,0.0,0.0
MGLL,0.0,1.6635613,0.0,0.0,0.0,0.0,0.0,0.0
MGP,0.0,0.0,2.09517,0.0,0.0,0.0,0.0,0.0
MGST1,0.0,0.0,1.734482,0.0,0.0,0.0,0.0,0.0
MGST3,0.70492685,0.0,0.0,0.0,0.0,0.0,0.0,0.0
MICAL3,1.4817605,0.0,0.0,0.0,0.0,0.0,0.0,0.0
MIR100HG,0.0,0.0,1.2210574,0.0,0.0,1.8974601,0.0,0.0
ENSG00000229989,0.0,0.0,0.0,0.0,0.8132638,0.0,0.0,0.0
MIR3936HG,0.79445064,0.0,0.0,0.0,0.0,0.0,0.0,0.0
MIR4435-2HG,0.0,0.0,0.0,0.0,0.0,0.0,1.6938705,0.0
MIR99AHG,0.90467525,0.0,1.7160906,0.0,0.0,1.772035,0.0,0.0
MITF,1.6673138,0.0,0.0,0.0,0.0,0.0,0.0,0.0
MRTFA,0.72643286,1.589267,1.6400471,0.0,1.5132332,1.6011695,1.7246255,1.6836185
MKLN1,1.6365812,1.7454545,1.9062666,1.3775489,1.9192454,1.9342583,2.5295572,2.2839885
MKNK1,0.0,0.0,0.0,0.0,1.2779663,0.0,0.0,0.0
MLIP,3.3524354,0.0,0.0,0.0,0.0,0.0,0.0,0.0
MLLT10,1.2549548,0.0,0.0,0.0,1.179816,0.0,0.0,0.0
MLLT3,0.0,0.0,0.0,0.83401215,0.0,0.0,0.0,0.0
MMP2,0.0,0.0,0.73339355,0.0,0.0,0.0,0.0,0.0
MOB3B,0.0,0.0,0.0,0.0,1.2120717,0.0,0.0,0.0
MON2,0.8021091,0.0,1.4135252,0.86185956,1.073777,1.140285,1.3227375,1.2772665
MPC1,0.78125083,0.0,0.0,0.0,0.0,0.0,0.0,0.0
MPDZ,0.9758051,1.2015632,0.8688549,0.0,0.0,0.0,0.0,0.0
MPP3,1.2533436,0.0,0.0,0.0,0.0,0.0,0.0,0.0
MPP7,0.0,0.0,0.0,1.002715,0.0,0.0,0.0,0.0
MPRIP,0.0,0.0,0.0,0.0,0.0,0.0,1.5794075,1.5928466
MPZL1,0.0,0.0,0.898934,0.0,0.0,0.0,0.0,0.0
MRC1,0.0,0.0,0.0,0.0,2.491325,0.0,0.0,0.0
MRC2,0.0,0.0,0.808128,0.0,0.0,0.0,0.0,0.0
MS4A4A,0.0,0.0,0.0,0.0,1.1575028,0.0,0.0,0.0
MS4A4E,0.0,0.0,0.0,0.0,1.3481834,0.0,0.0,0.0
MS4A6A,0.0,0.0,0.0,0.0,1.7893677,0.0,0.0,0.0
MSC-AS1,0.0,0.0,1.3876083,0.0,0.0,0.0,1.9452248,1.4320471
MSI2,1.9627259,0.0,1.0405111,1.8855199,0.0,0.0,1.7168081,2.3442135
MSN,0.0,1.3756642,0.0,0.98063815,0.0,0.0,0.0,0.0
MSR1,0.0,0.0,0.0,0.0,2.119384,0.0,0.0,0.0
MSRB3,1.6126055,0.0,0.86062354,0.0,0.0,0.0,0.0,1.6037054
MT-ATP6,0.0,0.0,1.9040754,1.9418076,1.1963851,1.3778788,1.2730377,1.0505116
MT-CO1,0.0,0.0,1.6069626,2.2210422,1.5906914,1.216985,1.2255006,1.2384853
MT-CO2,0.0,0.0,2.0548434,1.9921292,1.6120837,1.4244494,1.5037081,1.3997948
MT-CO3,0.0,1.3032726,2.3392015,2.2197623,1.8234932,1.6962303,1.5520792,1.5094504
MT-CYB,0.0,0.0,1.9494758,1.9283743,1.2144812,1.440226,1.1211094,0.0
MT-ND1,0.0,0.0,1.0302627,0.0,0.0,0.0,0.0,0.0
MT-ND2,0.0,0.0,1.2413194,0.0,0.0,0.0,0.0,0.0
MT-ND3,0.0,0.0,1.9058197,1.2294326,1.1146693,1.3747808,1.2005073,0.0
MT-ND4,0.0,0.0,1.7443496,1.650851,1.1247461,1.2538354,1.067477,0.0
ENSG00000211459,0.0,1.6843325,2.0289042,2.3737054,1.7582884,1.8099042,1.4996402,1.5026886
ENSG00000210082,1.2564358,2.7933145,3.4918644,3.8849876,3.0034041,3.001737,2.8069391,2.8973134
MT2A,0.0,0.0,0.0,0.0,0.0,0.0,0.0,2.2733383
MTR,1.3137178,0.0,0.0,0.0,0.0,0.0,0.0,0.0
MTSS1,0.0,0.0,0.0,0.0,1.9534912,0.0,0.0,0.0
MTUS1,1.5745325,0.0,0.0,0.0,0.0,0.0,1.3224856,1.0847406
MTUS2,1.4268103,0.0,0.0,0.0,0.0,0.0,0.0,0.0
MVB12B,0.0,0.0,0.0,0.0,1.173338,0.0,0.0,0.0
MYBL1,0.0,0.0,0.0,1.6456808,0.0,0.0,0.0,0.0
MYBPC3,2.34322,0.0,0.0,0.0,0.0,0.0,0.0,0.0
MYCBP2,0.0,1.1234139,1.9184766,1.8670163,1.3707124,0.0,0.96860003,0.0
MYH11,0.0,0.0,0.0,0.0,0.0,0.0,0.0,1.3292382
MYH7,1.4793342,0.0,0.0,0.0,0.0,0.0,0.0,0.0
MYH7B,1.2062995,0.0,0.0,0.0,0.0,0.0,0.0,0.0
MYH9,0.7212888,1.9745634,0.0,1.6285897,0.0,0.0,1.3768812,1.355135
MYL3,0.7247279,0.0,0.0,0.0,0.0,0.0,0.0,0.0
MYLK3,0.7458428,0.0,0.0,0.0,0.0,0.0,0.0,0.0
MYO18B,2.294113,0.0,0.0,0.0,0.0,0.0,0.0,0.0
MYO1B,0.0,0.0,1.438446,0.0,0.0,0.0,2.6825356,1.4161198
MYO1D,0.0,0.0,0.0,0.0,0.0,0.0,1.232858,0.9349389
MYO1E,0.0,2.0804045,0.0,0.0,0.0,1.839566,0.0,0.0
MYO1F,0.0,0.0,0.0,1.1422684,0.34750116,0.0,0.0,0.0
MYO5A,0.0,0.0,0.0,0.0,2.2778754,1.3390234,0.0,0.0
MYO9A,0.8344041,0.0,1.261764,0.0,0.0,1.1827903,1.3771029,0.0
MYO9B,0.0,0.0,0.0,0.0,1.1529591,0.0,0.0,0.0
MYOCD,0.0,0.0,0.0,0.0,0.0,0.0,0.0,1.7935331
MYOM1,3.2288303,0.0,0.0,0.0,0.0,0.0,0.0,0.0
MYOM2,2.6954482,0.0,0.0,0.0,0.0,0.0,0.0,0.0
MYOM3,0.81956786,0.0,0.0,0.0,0.0,0.0,0.0,0.0
MYOZ2,1.8746848,0.0,0.0,0.0,0.0,0.0,0.0,0.0
MYPN,1.878432,0.0,0.0,0.0,0.0,0.0,0.0,0.0
N4BP2L2,2.1610782,1.5841649,1.8129735,1.9237006,1.8250192,1.7015238,1.7726431,1.7938464
NAALADL2,1.0229046,0.0,1.9726071,0.0,0.0,1.6223621,0.0,0.0
NALCN,0.7549882,0.0,0.0,0.0,0.0,0.0,0.0,0.0
NAMPT,1.179972,0.0,1.254462,0.0,2.753283,0.0,0.0,1.865788
NAP1L1,0.757146,0.0,1.1115785,0.0,0.0,0.0,1.1629927,0.9045449
NAP1L4,0.0,0.0,0.0,1.1674979,0.0,0.0,0.0,0.0
NAV1,0.0,1.8111874,1.7147195,0.0,0.0,0.0,0.0,0.0
NAV2,0.92228746,0.0,0.0,0.0,0.9696313,0.0,0.0,0.0
NBAS,1.1696882,0.0,0.92233306,0.0,0.0,0.0,0.0,0.0
NBEA,1.5629983,0.0,0.0,0.0,0.0,1.5466028,1.0889727,0.0
NBEAL1,0.73769385,1.1808316,1.2123203,0.0,0.0,1.6906163,2.2234874,2.2470975
NCALD,0.0,0.0,0.0,1.235374,0.0,0.0,0.0,0.0
NCAM1,1.6903908,0.0,0.0,0.0,0.0,1.9889452,0.0,0.0
NCAM2,0.0,0.0,1.0548111,0.0,0.0,2.9348955,0.0,0.0
NCK2,0.0,0.0,0.0,1.5607288,0.0,0.0,0.0,0.0
NCKAP1,1.2831264,1.546312,1.3756642,0.0,0.0,0.0,1.3444498,1.2949841
NCKAP5,1.4824399,0.0,0.0,0.0,0.0,0.0,0.0,0.0
NCOA1,1.4961355,1.5194073,2.1270492,1.8951769,1.9115686,1.6909771,1.8229492,1.5719573
NCOA2,1.4145854,0.0,1.2411883,2.0438943,1.4471493,1.4871929,1.2693465,0.0
NCOA3,0.0,1.671847,0.0,0.0,1.2020516,0.0,0.0,0.0
NCOA7,0.0,0.0,1.2731304,0.0,0.0,0.0,0.0,0.0
NCOR1,0.8221686,0.0,1.3748912,1.5387977,1.1520698,1.0060972,1.4234918,1.2316961
NCOR2,0.0,0.0,1.0483294,0.0,0.8377378,0.0,0.0,0.0
NDRG1,0.0,1.3701638,0.0,0.0,0.0,0.0,0.0,0.0
NDRG4,0.81364816,0.0,0.0,0.0,0.0,0.0,0.0,0.0
NDUFS1,0.74026513,0.0,0.0,0.0,0.0,0.0,0.0,0.0
NEAT1,4.686799,3.7051249,3.849045,2.932398,4.335308,2.9165246,3.6075664,3.6938589
NEBL,3.4430344,0.0,0.0,0.0,0.0,0.0,0.0,0.0
NEDD4,0.0,1.501942,0.0,0.0,0.0,0.0,0.0,0.0
NEDD4L,0.8549126,0.0,0.0,0.0,0.0,0.0,0.0,0.0
NEDD9,0.0,2.3763583,0.0,0.8240286,0.0,0.0,0.0,0.0
NEGR1,0.0,0.0,3.5881443,0.0,0.0,3.5663698,0.0,0.0
NEK10,0.80579114,0.0,0.0,0.0,0.0,0.0,0.0,0.0
NEK7,1.7262692,0.0,0.70739603,1.7236848,0.0,0.0,0.0,0.0
NEURL1B,0.0,1.4017538,0.0,0.0,0.0,0.0,1.0563382,0.0
NEXN,2.58027,0.0,0.0,0.0,0.0,0.0,0.0,0.0
NF1,1.4977057,1.8030989,1.6445842,0.0,1.4080191,1.5739257,1.9049673,1.6661236
NFASC,0.0,0.0,0.0,0.0,0.0,0.0,1.5257823,0.853618
NFAT5,1.1538497,1.3118811,1.4015807,1.3263361,0.0,1.0745382,1.373348,0.72178817
NFATC2,0.0,0.0,0.0,1.327969,0.0,0.0,0.0,0.0
NFE2L2,0.0,0.0,1.3531631,0.0,1.5781093,0.9411739,0.0,0.0
NFIA,1.6749692,1.1708382,2.7019117,0.0,1.5298083,1.4478947,2.033195,1.3826679
NFIB,1.2174454,2.530737,2.2255225,0.0,0.0,1.5746844,2.6373508,2.4550714
NFIC,0.75314033,0.0,0.87877786,0.0,0.0,0.0,0.0,0.0
NFIL3,0.0,0.0,0.0,0.0,0.0,0.0,0.0,0.9707855
NFKBIZ,0.0,0.0,0.8829978,0.0,0.0,0.0,0.0,0.0
NGF,0.0,0.0,0.0,0.0,0.0,0.0,2.169447,0.9701743
NHLRC2,0.77230704,0.0,0.0,0.0,0.0,0.0,0.0,0.0
NHS,0.0,0.0,0.0,0.0,0.0,0.0,0.0,2.7066078
NID1,0.0,0.0,1.2114502,0.0,0.0,0.0,1.7774935,0.0
NIPBL,1.3099514,1.4635229,1.6713207,1.9701731,1.8030989,1.558342,1.804158,1.6869287
NKAIN3,0.0,0.0,0.0,0.0,0.0,2.0933907,0.0,0.0
NKTR,0.8682526,2.1263444,1.110861,1.7678938,1.1469129,1.1192989,1.1491904,0.0
NLGN1,2.0739918,0.0,0.0,0.0,0.0,1.5399476,1.4002552,0.0
NLGN4X,0.0,0.0,0.0,0.0,0.0,1.695685,0.0,0.0
NLK,0.0,2.0204408,0.0,0.0,1.0953562,0.0,0.0,0.0
NNMT,0.0,0.0,1.6364145,0.0,0.0,0.0,0.0,0.0
NNT,1.0006812,0.0,0.0,0.0,0.0,0.0,0.0,0.0
NOTCH2,0.0,0.0,0.70237327,0.0,0.0,0.0,0.0,0.0
NOTCH3,0.0,0.0,0.0,0.0,0.0,0.0,1.1873641,1.0753646
NOVA1,0.0,0.0,1.420211,0.0,0.0,0.0,0.0,0.0
NOX4,0.0,0.0,1.9710989,0.0,0.0,0.0,0.0,0.0
NPAS2,1.1110997,0.0,0.0,0.0,0.0,0.0,0.0,0.0
NPL,0.0,0.0,0.0,0.0,1.0684168,0.0,0.0,0.0
NR2F2,0.0,0.0,0.0,0.0,0.0,0.0,1.1971102,0.0
ENSG00000247809,0.0,0.0,0.0,0.0,0.0,1.1088494,2.725318,1.9751695
NR3C1,0.0,0.0,0.9267828,1.6561468,1.4478947,0.0,0.0,0.0
NR3C2,1.1688849,0.0,0.0,0.0,0.0,0.0,0.0,0.0
NR4A1,0.0,0.0,0.0,0.0,0.0,0.0,0.0,1.6415561
NRAP,2.0074072,0.0,0.0,0.0,0.0,0.0,0.0,0.0
NRDC,0.0,0.0,0.7825694,0.0,0.8222046,0.0,0.0,0.0
NRF1,0.7363584,0.0,0.0,0.0,0.0,0.0,0.0,0.0
NRP1,0.74962014,2.6165543,0.0,0.0,1.72995,0.0,2.2412739,1.5573175
NRP2,0.0,0.0,0.0,0.0,0.7950163,0.0,0.0,0.0
NRXN1,0.0,0.0,0.0,0.0,0.0,4.8581085,0.0,0.0
NRXN3,0.0,0.0,0.0,0.0,0.0,4.0165524,0.0,0.0
NSD1,0.0,0.0,0.0,0.0,0.77570736,0.0,0.0,0.0
NSMCE2,0.9933431,0.0,0.9172969,0.0,1.1769359,0.0,0.87844884,0.0
NT5C2,0.9248963,0.0,1.0594068,0.0,1.383563,0.0,0.0,0.78646314
NT5DC1,0.7947502,0.0,0.0,0.0,0.0,0.0,0.0,0.0
NTM,0.0,0.0,0.0,0.0,0.0,2.6108298,0.0,0.0
NTRK3,0.0,0.0,0.0,0.0,0.0,0.0,0.0,1.1768582
NUDT4,1.2565256,0.0,0.0,0.0,0.0,0.0,0.0,0.0
NUMB,0.0,1.6654712,0.95708966,0.0,1.6780169,0.0,0.0,0.0
NUP98,0.73539567,0.0,0.0,0.0,0.0,0.0,0.0,0.0
OBSCN,1.6396285,0.0,0.0,0.0,0.0,0.0,0.0,0.0
OGDH,1.1272445,0.0,0.0,0.0,0.0,0.0,0.0,0.0
OGT,0.7441573,0.0,0.8661316,1.5188512,0.0,0.0,0.0,0.0
OPHN1,0.0,0.0,0.0,0.0,0.0,1.0257652,0.0,0.0
OSBPL8,1.6793907,0.0,1.2182832,1.5145075,0.9442831,0.0,0.0,0.0
OSBPL9,1.0383259,0.0,1.4774611,0.0,0.0,1.4700661,0.0,0.0
OSMR,0.0,1.5962887,1.618783,0.0,0.0,0.0,1.2733155,1.7070444
OSMR-DT,0.0,0.0,0.7976897,0.0,0.0,0.0,0.0,0.0
P4HA1,1.418963,0.0,0.0,0.0,1.5456582,0.0,0.9370947,0.0
PABPC1,0.0,0.0,0.0,0.0,0.0,0.0,0.8403866,0.0
PACRG,1.60291,0.0,0.0,0.0,0.0,0.0,0.0,0.0
PACS1,0.8673308,0.0,0.0,2.014319,0.0,0.0,0.0,0.0
PAFAH1B1,1.0967491,0.0,1.0401561,1.2395294,1.1265063,1.3398548,1.2933984,1.1623504
PAG1,0.0,0.0,1.0146496,0.0,1.0825452,0.0,2.0061994,0.0
PALLD,2.9520874,0.0,0.70433223,0.0,0.0,0.0,0.0,0.0
PALMD,1.601512,0.0,0.0,0.0,0.0,0.0,0.0,0.0
PAM,2.7305422,2.2927542,1.7138174,1.8784344,0.0,0.0,1.2740107,1.67979
PAN3,0.0,0.0,1.421402,1.8878849,1.6961395,1.1857815,1.6457653,0.9935777
TENT2,0.86215967,0.0,0.78949517,0.91519415,1.612525,0.0,1.1209688,0.0
PAPOLA,0.0,0.0,0.7202852,0.0,0.0,0.0,0.0,0.0
PAPPA,0.0,0.0,0.0,0.0,0.0,1.9607996,0.0,0.0
PARD3,2.2511363,0.0,2.171051,0.0,0.0,1.749892,3.0927622,2.1387987
PARD3B,1.1267157,0.0,1.4803386,0.0,0.0,1.9837003,0.0,0.0
PARP14,0.0,0.96647596,0.0,0.0,1.4549041,0.0,0.0,0.0
PARP8,0.0,0.0,0.0,3.3332253,1.41188,0.0,0.0,0.0
PARVA,0.7389772,0.0,0.0,0.0,0.0,0.0,1.0763834,0.0
PATJ,1.5969689,0.0,0.0,0.0,0.0,0.0,0.0,0.0
PBRM1,0.0,0.0,0.0,0.0,1.1297553,0.0,0.0,0.0
PBX1,1.2790413,0.0,2.0398636,0.0,0.0,0.0,2.2306957,1.3163209
PBX3,0.7149644,0.0,0.0,0.0,0.0,0.0,0.0,0.0
PCCA,0.8509718,0.0,1.0455697,0.0,0.0,0.0,0.0,0.0
PCDH7,1.8540704,0.0,0.0,0.0,0.0,0.0,0.0,0.0
PCDH9,2.4918964,0.0,2.2131448,0.0,0.0,2.0694437,0.0,0.0
PCED1B,0.0,0.0,0.0,1.2060555,0.0,0.0,0.0,0.0
PCGF5,0.99759144,0.0,0.0,0.0,0.0,1.2688868,0.0,0.0
PCM1,1.0471276,0.0,1.2052343,1.363214,1.0376801,1.2083539,1.1142535,0.907445
PCMTD1,0.85081804,0.0,0.0,0.0,0.0,0.0,0.0,0.0
PCNX1,1.1243951,1.1768584,1.182869,2.267788,1.7110252,0.0,0.0,0.0
PCSK5,0.0,0.0,1.1014209,0.0,0.0,0.0,0.0,0.0
PCSK6,0.9241624,0.0,1.6091981,0.0,0.0,0.0,0.0,0.0
PDCD4,0.0,0.0,0.0,1.3189127,0.0,0.0,0.0,0.0
PDE10A,0.71299684,2.4660518,0.0,0.0,0.0,0.0,3.15951,2.135557
PDE1A,0.0,0.0,1.2464155,0.0,0.0,0.0,1.7786856,1.2150648
PDE1C,2.1449895,0.0,0.9728787,0.0,0.0,1.74591,3.7024527,0.0
PDE3A,4.143726,0.0,1.2469013,0.0,0.0,0.0,3.213025,3.7021613
PDE3B,0.0,0.0,0.0,2.6134686,0.0,0.0,0.0,0.0
PDE4B,0.0,0.0,0.0,0.0,2.2085757,0.0,0.0,0.0
PDE4D,2.3943272,1.0571344,1.9693725,1.4549155,2.7270079,2.3160145,0.0,0.0
PDE4DIP,1.4645021,0.0,0.0,0.0,0.0,0.0,0.0,0.0
PDE5A,0.0,0.0,0.0,0.0,0.0,0.0,1.4017538,0.0
PDE7A,1.9736291,0.0,0.0,2.2448308,0.0,0.0,0.0,0.0
PDE7B,0.0,0.0,0.0,0.0,1.3392311,0.0,2.9820566,0.0
PDE8A,0.86801183,1.5988033,0.0,0.0,0.9862786,2.0418253,2.7396607,1.9899446
PDGFC,0.0,0.0,0.0,0.0,1.7227967,0.0,0.0,0.0
PDGFD,0.0,0.0,1.9115684,0.0,0.0,0.0,0.0,0.0
PDGFRB,0.0,0.0,0.0,0.0,0.0,0.0,2.1015394,1.8017244
PDK4,3.1050453,0.0,0.0,0.0,0.0,1.1397064,0.0,2.8425484
PDLIM1,0.0,1.8605714,0.0,0.0,0.0,0.0,0.0,0.0
PDLIM3,1.4823081,0.0,0.0,0.0,0.0,0.0,0.0,0.0
PDLIM5,3.8167322,2.1242876,1.2425891,0.0,1.197191,1.2284827,1.2625811,2.1380563
PDS5A,0.0,0.0,1.1921343,1.2177385,1.1345994,0.0,0.0,0.0
PDS5B,0.0,0.0,0.88001454,0.0,1.2508022,0.95061547,0.9089458,0.0
PDZD2,1.7995096,0.0,0.87062657,0.0,0.0,0.0,2.9996629,0.0
PDZRN3,2.1812954,0.0,0.0,0.0,0.0,0.0,0.0,0.0
PEAK1,1.2654967,2.5187902,1.527545,0.0,2.0856657,0.0,0.0,0.0
PEBP4,0.99339664,0.0,0.0,0.0,0.0,0.0,0.0,0.0
PECAM1,0.0,1.8757367,0.0,0.0,0.0,0.0,0.0,0.0
PELI1,0.0,1.5240247,0.0,0.0,0.86533415,0.0,0.0,0.0
PELI2,0.0,0.0,0.0,0.0,0.0,0.0,1.0879934,0.0
PFKFB3,0.0,0.0,0.0,0.0,1.6564898,0.0,0.0,0.0
PGAP1,0.0,0.0,0.7159524,0.0,0.0,0.0,0.0,2.155295
PGM5,1.4244496,0.0,0.0,0.0,0.0,0.0,0.0,0.0
PHACTR1,2.986825,0.0,0.0,0.0,0.9918467,0.0,0.0,0.0
PHACTR2,0.0,1.760777,0.0,0.8242378,0.0,0.0,0.0,0.0
PHC2,0.9242082,0.0,0.994737,0.0,0.0,0.0,0.0,1.073943
PHC3,0.88195956,0.0,0.9135247,1.4833611,1.0160534,0.0,0.8452082,0.0
PHF14,0.0,0.0,0.86689067,0.0,0.0,0.0,0.0,0.0
PHF20,0.0,0.0,0.0,0.0,1.3508799,0.0,0.0,0.0
PHF21A,1.1239742,0.0,1.7579904,1.2554483,1.6560609,0.0,1.231739,1.0248604
PHF3,0.0,0.0,1.00248,0.0,0.0,0.0,0.0,0.0
PHIP,1.0933733,0.0,1.3259788,1.42053,1.4413333,1.0491725,1.4665935,1.3048375
PHKB,0.77271456,0.0,0.0,0.0,1.5359776,0.0,0.82568765,0.0
PHLDB1,0.0,0.0,1.0119671,0.0,0.0,0.0,0.0,0.0
PHLDB2,1.4248691,0.0,1.3092604,0.0,0.0,0.0,1.1210384,1.4244499
PIAS1,0.8772576,0.0,1.0970149,1.2455796,1.7049222,0.0,0.7110692,0.8102648
PICALM,1.0917923,2.8079755,1.5663123,2.0807128,2.373705,1.6145777,1.6228517,1.9992776
PID1,0.0,0.0,2.495994,0.0,0.75824696,0.0,0.0,0.0
PIK3C2A,0.0,1.4842179,0.0,0.0,0.0,0.0,0.0,0.0
PIK3R1,0.7237692,0.0,0.0,1.9911717,0.9982945,0.0,0.0,0.0
PIK3R5,0.0,0.0,0.0,1.768901,0.0,0.0,0.0,0.0
PIKFYVE,0.0,0.0,0.0,0.0,1.1007504,0.0,0.0,0.0
PIP4K2A,0.0,0.0,0.0,2.863346,1.5521536,1.553327,0.0,0.0
PIP5K1B,1.4391205,0.0,0.0,0.0,0.0,0.0,0.0,2.615516
PITPNB,0.0,0.0,1.0995466,0.0,0.0,0.0,0.0,0.0
PITPNC1,0.0,3.5212352,0.0,3.0331657,0.0,0.0,1.1737623,3.062036
PITPNM2,0.0,1.1620865,0.0,0.0,0.0,0.0,0.0,0.0
PKD2,0.0,0.0,1.109803,0.0,0.0,0.9512001,0.0,0.0
PKIA,0.8522425,0.0,0.0,0.0,0.0,0.0,0.0,0.0
PKN2,0.0,0.0,0.0,0.0,0.8887353,0.0,0.0,0.0
PKP2,1.7281706,0.0,0.0,0.0,0.0,0.0,0.0,0.0
PKP4,0.0,1.9115684,0.0,0.0,0.0,0.0,0.0,0.0
PLA2G5,0.0,0.0,2.120513,0.0,0.0,0.0,3.701615,3.4105973
PLAGL1,0.0,0.0,1.2738717,0.0,0.0,0.0,0.0,0.0
PLCB1,0.0,2.9969423,2.34713,1.2516708,0.0,2.8732533,0.0,0.0
PLCB4,1.2124033,0.0,0.0,0.0,0.0,0.0,2.5400012,1.0857275
PLCE1,0.0,0.0,0.0,0.0,0.0,1.3571668,1.2787143,0.0
PLCL1,2.7437682,0.0,0.0,0.0,0.0,0.0,2.4774687,1.9760935
PLCL2,2.3603325,0.0,0.0,1.9385749,1.5444741,0.0,0.0,0.0
PLCXD3,1.7224505,0.0,0.0,0.0,0.0,0.0,0.0,0.0
PLD1,1.0732698,0.0,0.97119284,0.0,0.0,0.0,1.6100783,0.0
PLEKHA2,0.0,0.0,0.0,1.2404025,0.0,0.0,0.0,0.0
PLEKHA5,2.3166356,0.0,2.4234338,0.0,0.0,2.2425706,0.0,0.0
PLEKHG1,0.0,3.000829,0.0,0.0,0.0,0.89365375,0.0,0.0
PLN,0.7650776,0.0,0.0,0.0,0.0,0.0,0.0,0.0
PLOD2,0.7712431,0.0,1.2301086,0.0,0.0,0.0,0.0,0.0
PLPP1,0.9701234,1.9309744,0.0,0.0,0.0,1.5093099,0.0,1.4762876
PLSCR1,0.0,1.2678769,0.0,0.0,1.5310847,0.0,0.0,0.0
PLSCR4,0.0,0.0,1.1000812,0.0,0.0,1.9086273,0.0,0.0
PLTP,0.0,0.0,0.0,0.0,1.0011168,0.0,0.0,0.0
PLXDC2,0.0,1.9870872,1.7635415,0.0,2.9399033,1.8081968,0.0,0.0
PLXNA2,0.0,2.1651092,0.0,0.0,0.0,0.0,0.0,0.0
PMP22,0.0,0.0,0.8731768,0.0,0.0,1.6951401,0.0,0.0
PNISR,1.5279217,0.0,1.647795,1.4597058,1.3286257,1.5231827,1.6142553,1.3965819
PODXL,0.0,1.4828343,0.0,0.0,0.0,0.0,0.0,0.0
POGZ,0.0,0.0,0.0,0.0,0.0,0.8435064,1.0150421,0.0
POR,0.7932552,0.0,0.0,0.0,0.0,0.0,0.0,0.0
POU2F1,0.0,0.0,0.87910724,0.0,0.0,0.0,0.95753455,0.0
PPARD,0.0,0.0,0.0,0.0,1.1772463,0.0,0.0,0.0
PPARG,0.0,1.7148441,0.0,0.0,0.0,0.0,0.0,0.0
PPARGC1A,1.7188716,0.0,0.0,0.0,0.0,0.0,0.0,0.0
PPFIBP1,2.026875,2.372734,1.3792114,0.0,0.0,0.0,0.879768,0.0
PPM1K,1.2956581,0.0,0.0,0.0,0.0,0.0,0.0,0.0
PPM1L,1.6021447,0.0,0.0,0.0,0.0,0.0,0.0,0.0
PPP1R12A,0.71702385,0.0,0.9231553,1.6670378,1.2560763,1.3818856,1.7529427,2.0819392
PPP1R12B,2.8425484,0.0,0.0,0.0,0.0,0.0,0.9910474,1.5928466
PPP1R13B,1.1461438,0.0,0.0,0.0,0.0,0.0,0.0,0.0
PPP1R16B,0.0,0.0,0.0,1.821645,0.0,0.0,0.0,0.0
PPP1R9A,1.4913149,0.0,0.0,0.0,0.0,0.0,0.0,0.0
PPP2R2A,0.0,1.4391819,0.727178,0.0,0.0,0.0,0.3471245,0.96992004
PPP2R3A,1.1266804,0.0,0.0,0.0,0.0,0.0,0.0,0.0
PPP2R5A,0.77168083,0.0,0.0,1.2184098,0.0,0.0,0.0,0.0
PPP2R5C,1.3125756,0.0,0.0,2.6605234,1.1835773,0.0,0.0,0.0
PPP3CA,0.0,0.0,1.7093554,1.7546873,1.7580898,0.0,0.0,0.0
PPP3CC,1.0599611,1.1508865,0.0,1.002715,0.0,0.0,0.0,0.0
PPP6R3,1.4546523,1.6579499,1.5313213,1.8449291,1.5219921,1.4772,1.7400922,1.6419759
PRDM16,0.780097,0.0,0.0,0.0,0.0,0.0,0.0,0.0
PRDM2,0.0,0.0,0.7955159,0.0,0.0,0.0,0.0,0.0
PRELID2,0.8834142,0.0,0.0,0.0,0.0,0.0,0.0,0.0
PREX1,0.0,0.0,0.0,1.5857077,0.8745197,0.0,0.0,0.0
PREX2,0.0,1.796777,0.0,0.0,0.0,0.0,0.8384469,0.0
PRICKLE2,0.0,0.0,1.2791348,0.0,0.0,0.0,0.0,0.0
PRKAA2,1.3277589,0.0,0.0,0.0,0.0,0.0,0.0,0.0
PRKAG2,1.4631401,0.0,0.0,0.0,1.8034165,0.0,0.0,0.0
PRKCA,0.0,0.0,0.8436575,0.0,0.0,2.5648756,0.0,0.0
PRKCB,0.0,0.0,0.0,2.1012244,0.0,0.0,0.0,0.0
PRKCE,1.0880581,1.9644806,0.79146945,0.0,0.0,0.0,0.0,0.0
PRKCH,0.0,2.103432,0.0,2.8169775,0.0,0.0,0.0,0.0
PRKCQ,0.0,0.0,0.0,1.8944552,0.0,0.0,0.0,0.0
PRKD1,0.0,0.0,0.0,0.0,0.0,0.8905088,0.0,0.0
PRKDC,0.0,0.0,0.70132124,0.0,0.0,0.0,0.0,0.0
PRKG1,2.960473,0.0,3.3862786,0.0,0.0,0.0,4.1760693,4.301934
PRKN,2.6059198,0.0,1.4366102,0.0,1.4263096,1.5466028,1.5797137,1.0666863
ENSG00000099725,0.0,0.9391409,0.0,0.0,0.0,0.0,0.0,0.0
PRR16,0.0,0.0,0.850473,0.0,0.0,0.0,0.0,0.0
PRRC2B,0.77779996,0.0,0.91545165,0.0,0.0,0.0,0.0,0.0
PRRC2C,0.0,1.2905263,1.3644967,1.6965041,1.4030249,0.90691435,1.3983011,1.2695305
PSAP,0.0,0.0,0.0,0.0,1.3864819,0.0,0.0,0.0
PSD3,2.7415156,1.5201049,1.5930028,0.0,1.8796854,1.5170417,1.9969271,0.0
PSME4,1.4354506,0.0,1.0994797,1.159919,0.0,0.0,0.0,0.0
PSPC1,0.0,0.0,0.8386308,0.0,0.0,0.0,0.0,0.0
PTBP2,0.72047484,0.0,0.9903554,0.0,0.0,1.3890758,1.3468659,1.1541846
PTBP3,0.0,1.2522275,1.0304947,0.0,0.7818,0.0,0.0,0.0
PTEN,0.0,0.0,1.1453028,0.0,1.2999623,1.1705313,2.6038961,1.7633746
PTGIS,0.0,0.0,1.8182862,0.0,0.0,0.0,0.0,0.0
PTK2,1.1986849,2.50951,1.8297186,0.0,1.4261692,2.4658053,2.035434,1.8407916
PTP4A3,0.0,0.0,0.0,0.0,0.0,0.0,0.0,1.3143167
PTPN12,0.0,1.9269522,1.533574,0.0,1.2593646,1.5616077,1.31581,0.0
PTPN13,0.0,0.0,0.0,0.0,0.0,1.5322214,0.0,0.0
PTPN2,0.0,0.0,0.0,0.0,1.2851093,0.0,0.0,0.0
PTPN22,0.0,0.0,0.0,1.23589,0.0,0.0,0.0,0.0
PTPN4,0.0,0.0,0.0,1.4975052,0.0,0.0,0.0,0.0
PTPRA,0.0,0.0,0.8175845,1.3381932,0.0,0.0,0.0,0.0
PTPRB,0.0,1.8647078,0.0,0.0,0.0,0.0,0.0,0.0
PTPRC,0.0,0.0,0.0,3.5554614,1.9923105,0.0,0.0,0.0
PTPRD,0.0,0.0,1.1981192,0.0,0.0,0.0,0.0,0.0
PTPRE,0.0,0.0,0.0,0.0,1.7960432,0.0,0.0,0.0
PTPRG,1.9621999,3.3894475,2.7595603,0.0,0.0,0.0,3.0285773,3.347351
PTPRJ,0.0,0.0,0.0,1.831742,1.011652,1.4627576,0.0,0.0
PTPRK,1.8056115,1.5817051,1.2170687,0.0,0.0,0.0,2.0553627,1.324154
PTPRM,2.1886988,3.7812595,1.6475409,0.0,1.2044168,1.064606,0.0,0.0
PTPRZ1,0.0,0.0,0.0,0.0,0.0,1.8422426,0.0,0.0
PUM1,0.79984224,0.0,1.1963849,1.2738196,1.2517825,0.8905088,1.262127,1.2193745
PUM2,0.7559756,0.0,1.1585511,1.6075213,1.4182509,0.87002164,1.3869321,1.1690762
PXDN,0.0,0.0,0.9544788,0.0,0.0,0.0,0.0,0.0
PXDNL,1.9765962,0.0,0.0,0.0,0.0,0.0,0.0,0.0
PXN,0.0,1.3298516,0.0,0.0,0.0,0.0,0.0,0.0
PYHIN1,0.0,0.0,0.0,1.390967,0.0,0.0,0.0,0.0
QKI,2.8476408,2.1019335,2.1609423,0.0,2.890027,2.7107143,1.8401229,1.7460732
R3HDM2,1.1143223,0.0,0.0,0.0,0.0,0.0,0.0,0.0
RAB10,0.0,0.0,0.0,0.0,1.3818856,0.0,0.0,0.0
RAB1A,0.73695457,0.0,1.2452692,0.0,1.8011968,0.0,1.1137724,0.0
RAB21,0.71944684,0.0,0.0,0.0,0.0,0.0,0.0,0.0
RAB28,0.87713456,0.0,0.0,0.0,0.0,0.0,0.0,0.0
RAB2A,1.075619,0.0,1.1403213,0.0,1.0251346,0.0,0.0,0.0
RAB31,0.0,0.0,0.0,0.0,2.183011,0.0,0.0,0.0
RAB3GAP1,0.8193549,0.0,0.82052773,0.0,0.0,0.0,0.0,0.0
RAB7A,0.80805904,0.0,0.0,0.0,1.0580544,0.0,0.0,0.0
RAB8B,0.0,0.0,0.9070905,0.0,0.98281276,0.0,0.0,0.0
RABEP1,0.7471267,0.0,0.0,0.0,0.0,0.0,0.0,0.0
RABGAP1,0.0,0.0,0.0,0.0,0.0,0.0,0.958723,1.0093011
RABGAP1L,2.3885727,1.7955194,1.3465502,2.8677588,1.6861227,1.5880265,1.2284827,0.0
RAD51B,0.0,0.0,0.0,1.3799903,1.4372222,0.0,1.777902,0.0
RAF1,0.9141065,0.0,0.0,0.0,0.0,0.0,0.0,0.0
RALGAPA1,1.2817614,1.3373637,1.412702,1.4214852,0.0,1.3948678,1.5070268,1.6944146
RALGAPA2,0.81606853,2.3719406,0.0,0.0,1.2076135,0.0,0.0,0.0
RALGPS2,0.0,0.0,0.0,0.0,0.0,1.0939673,0.0,0.0
RAMP1,0.95472443,0.0,0.0,0.0,0.0,0.0,0.0,0.0
RAMP3,0.0,0.935164,0.0,0.0,0.0,0.0,0.0,0.0
RAP1A,0.0,0.0,1.077085,1.6929653,1.5835495,1.4261291,0.7783762,0.0
RAP1B,0.0,1.4740123,1.2205943,1.80905,1.3219304,0.0,1.1770135,0.0
RAP1GDS1,0.0,0.0,0.0,1.0225925,0.0,0.0,0.0,0.0
RAPGEF1,0.0,2.772003,0.0,1.8478547,1.7282023,0.0,0.0,0.0
RAPGEF2,1.3232428,2.2746725,0.0,0.0,1.1661781,1.3100502,2.1512852,1.324154
RAPGEF4,0.0,1.6752777,0.0,0.0,0.0,0.0,0.0,0.0
RAPGEF5,0.0,2.061872,0.0,0.0,0.0,0.0,1.2545516,0.0
RAPH1,0.0,0.0,0.0,0.0,0.88460326,0.0,0.95071286,0.0
RASA1,0.0,0.0,0.80930364,1.213234,0.98223794,0.0,0.0,1.0126927
RASA2,0.0,0.0,0.0,2.162552,1.4551558,0.0,0.0,0.0
RASA3,0.0,0.0,0.0,1.8133317,0.0,0.0,0.0,0.0
RASAL2,1.8377872,2.2225082,0.0,0.0,0.0,0.0,2.1123252,1.8675756
RASGEF1C,0.0,0.0,0.0,0.0,0.0,1.3268936,0.0,0.0
RASGRF2,0.0,2.5513957,0.0,0.0,0.0,0.0,0.0,0.0
RASGRP1,0.0,0.0,0.0,1.4291401,0.0,0.0,0.0,0.0
RASGRP3,1.0262821,0.0,0.0,0.0,0.0,0.0,0.0,0.0
RASSF8,0.0,0.0,0.79362106,0.0,0.0,0.0,0.0,0.0
RB1,0.0,1.302687,1.0596529,0.0,1.7723053,0.0,1.628343,0.979633
RB1CC1,1.2942626,0.0,0.93389547,0.0,0.0,0.0,0.8927165,0.0
RBFOX1,2.5057926,0.0,0.0,0.0,0.0,0.0,0.0,0.0
RBFOX2,1.0259948,1.7633746,1.641696,0.0,0.0,1.4957324,1.2728527,1.3275049
RBL2,0.0,0.0,0.0,0.98980117,0.0,0.0,0.0,0.0
RBM20,2.6666682,0.0,0.0,0.0,0.0,0.0,0.0,0.0
RBM24,1.446403,0.0,0.0,0.0,0.0,0.0,0.0,0.0
RBM25,0.0,0.0,0.95325255,0.0,1.0437226,0.96105975,0.84901583,0.8631094
RBM26,0.0,0.0,0.79034936,0.0,0.0,0.0,0.9551178,0.0
RBM33,0.0,0.0,0.94572496,1.3275044,0.9703281,0.0,1.0296259,0.0
RBM39,1.117877,0.9482361,1.3522062,1.7411097,1.4282956,1.2412757,1.513993,1.3216298
RBM47,0.0,0.0,0.0,0.0,3.003594,0.0,0.0,0.0
RBM6,1.0599611,1.4700661,1.3266902,1.6258011,1.5201752,1.2215213,1.4370381,1.4127045
RBMS1,1.4210643,1.5571585,2.8262966,1.6947777,2.5642111,2.3248448,2.6968985,2.863541
RBMS2,0.0,1.3219302,0.0,0.0,0.0,0.0,0.0,0.0
RBMS3,0.0,1.3289317,2.3091002,0.0,0.0,1.2536565,2.5897474,2.172532
RBMS3-AS3,0.0,0.0,1.3831153,0.0,0.0,0.0,1.8779626,1.4838883
RBMX,0.78353715,0.0,0.0,0.0,0.0,0.0,0.0,0.0
RBPJ,0.0,0.0,0.83157474,0.0,3.421299,0.0,0.0,0.0
RBPMS,2.3813784,2.107231,1.4744883,0.0,0.0,1.4261291,2.652313,2.9690866
RCAN2,2.362976,0.0,0.0,0.0,0.0,0.0,0.0,1.0145212
REEP3,0.0,1.086104,0.0,0.0,0.0,0.0,0.0,0.0
RELN,0.0,0.0,0.0,0.0,0.0,1.9037513,0.0,0.0
RERE,1.6247728,2.0951855,1.5787199,1.8067064,2.187752,1.6226885,1.7227337,1.58255
RETREG1,1.4837124,0.0,0.0,0.0,0.0,1.6233417,0.0,0.0
REV3L,0.85928464,0.0,1.907731,0.0,1.0006812,0.0,2.310203,1.8836877
RFTN1,0.0,2.4800546,1.056461,1.3094993,0.0,0.0,0.77920485,0.0
COP1,0.701988,1.4550929,1.3556689,1.7779379,1.8948145,0.0,1.2790883,1.2163998
RFX2,0.7110404,0.0,0.0,0.0,0.0,0.0,0.0,0.0
RFX3,0.0,0.0,0.0,0.9517251,0.0,0.0,0.0,0.0
RGL1,0.0,0.0,0.0,0.0,2.3091817,0.0,0.0,0.0
RGL3,0.0,0.0,0.0,0.0,0.0,0.0,0.0,1.2316605
RGS6,1.5703719,0.0,0.0,0.0,0.0,0.0,0.0,3.748026
RHEB,0.6987693,0.0,0.0,0.0,0.0,0.0,0.0,0.0
RHOB,0.0,0.0,0.0,0.0,0.0,0.0,0.0,1.3126262
RHOBTB3,0.82403195,0.0,1.5689907,0.0,0.0,0.0,1.0434804,0.0
RHOH,0.0,0.0,0.0,1.2162335,0.0,0.0,0.0,0.0
RHOQ,1.0931094,0.0,1.0229045,0.0,0.0,0.8994095,1.2884295,1.2230418
RICTOR,1.4425248,0.0,0.85732687,1.6992464,0.0,0.0,0.0,0.0
RILPL1,1.0752375,0.0,0.0,0.0,0.0,0.0,0.0,0.0
RIN2,0.0,1.85101,0.0,0.0,1.3078806,0.0,0.0,0.0
RIN3,0.0,0.0,0.0,0.0,1.6356237,0.0,0.0,0.0
RIPOR2,0.0,0.0,0.0,1.8011316,0.0,0.0,0.0,0.0
RIPOR3,0.0,0.0,0.0,0.0,0.0,0.0,1.2506242,0.0
RLF,0.74311525,0.0,0.0,0.0,1.1380465,0.0,0.0,0.0
RNF10,0.77520114,0.0,0.0,0.0,0.0,0.0,0.0,0.0
RNF115,0.9254936,0.0,0.0,0.41845995,0.0,0.0,0.0,0.0
RNF13,0.0,0.0,0.0,0.0,1.4469006,0.0,0.0,0.0
RNF130,0.0,0.0,0.0,0.0,1.5274744,0.0,0.0,0.0
RNF144B,0.0,0.0,0.0,0.0,1.8078239,0.0,0.0,0.0
RNF145,0.0,0.0,0.0,0.0,1.2504466,0.0,0.0,0.0
RNF149,0.0,0.0,0.0,1.3536472,2.6647344,0.0,0.0,0.0
RNF150,2.5893674,0.0,0.0,0.0,0.0,0.0,0.0,0.0
RNF152,0.0,0.0,0.0,0.0,0.0,0.0,2.0939887,1.603882
RNF19A,0.93832374,0.0,0.0,1.4892123,0.0,0.0,0.0,0.0
RNF213,0.0,0.0,0.0,1.8375678,1.3802128,0.0,0.0,0.0
RNF24,0.0,0.0,1.2044163,0.0,0.0,0.0,0.0,0.0
RNF38,0.0,0.0,0.0,1.2157345,0.0,0.0,0.0,0.0
RNMT,0.7168629,0.0,0.0,0.0,0.0,0.0,0.0,0.0
RNPC3,0.72153324,0.0,0.0,0.0,0.0,0.0,0.0,0.0
ROBO1,0.0,0.0,1.5457308,0.0,0.0,0.0,0.0,0.0
ROCK1,0.0,0.0,0.99829435,1.3551371,1.5546508,0.0,1.4078442,1.2802124
ROCK2,0.0,1.4393661,1.3517284,0.0,0.0,1.0848054,2.1091905,2.1472683
ROR1,2.3232973,0.0,0.0,0.0,0.0,1.5616077,0.0,0.0
RORA,1.004998,0.0,2.9205663,1.9059448,0.0,0.0,2.1383586,1.2526739
RPL13,0.0,0.0,0.98675305,0.0,0.0,0.0,0.0,0.0
RPS6KA2,0.0,1.3507739,0.0,0.0,0.0,0.0,0.0,0.0
RPS6KA3,0.0,0.0,1.0408665,1.7643762,0.0,0.0,0.0,0.0
RPS6KC1,0.0,0.0,0.0,0.0,0.93751985,0.0,0.0,0.0
RRAD,1.3941264,0.0,0.0,0.0,0.0,0.0,0.0,0.0
RRBP1,0.0,0.0,1.1597143,0.0,0.0,0.0,0.0,0.0
RREB1,1.0288744,0.0,0.0,0.0,1.7871219,0.0,0.0,0.0
RSF1,0.0,0.0,0.81469864,0.77483666,0.0,0.0,0.0,0.0
RSRC1,0.0,0.0,0.0,0.0,0.92586386,0.0,0.0,0.0
RTN4,0.0,0.865615,1.7407864,0.0,1.3390234,1.2766601,0.0,0.0
RUFY3,0.0,0.0,1.1496323,0.0,0.0,0.0,1.1427151,0.0
RUNX1,0.0,0.0,0.0,2.2487397,2.836635,0.0,0.0,0.0
RUNX3,0.0,0.0,0.0,1.533503,0.0,0.0,0.0,0.0
RYR2,5.4682274,1.5604184,1.0909383,2.070656,1.5111424,1.5106838,1.4677489,1.7917606
SAMD12,0.8557287,0.0,0.0,0.0,0.0,0.0,0.0,0.0
SAMD3,0.0,0.0,0.0,2.0620959,0.0,0.0,0.0,0.0
SAMD4A,2.4845362,1.5826265,1.8577127,0.0,0.0,2.047388,0.0,0.0
SAMHD1,0.0,0.0,0.0,0.0,0.9980779,1.8974601,0.0,0.0
SAMSN1,0.0,0.0,0.0,1.2936871,1.660534,0.0,0.0,0.0
SARAF,0.0,0.0,0.0,1.2420691,0.0,0.0,0.0,0.0
SASH1,0.0,2.0896583,1.5923786,0.0,0.0,0.0,0.75968075,0.0
SAT1,1.1056616,0.0,0.0,0.0,1.9373038,1.4903817,0.0,0.0
SBF2,1.6094648,2.268564,1.9486365,0.0,2.5572672,1.7442197,2.1593812,1.7612789
SCAF11,1.1547048,0.0,1.2363133,1.1800511,1.3382971,1.0746653,1.1053238,0.0
SCAF8,0.8352163,0.0,0.0,0.0,0.0,0.0,0.93652827,0.0
SCAPER,1.5676627,1.0972147,0.0,1.1422684,1.0214806,1.0210828,0.0,0.0
SCFD1,0.0,0.0,0.8293475,0.0,0.0,0.0,0.0,0.0
SCLT1,0.0,0.0,0.0,0.0,0.0,0.0,0.0,1.2388325
SCMH1,1.3028822,0.0,1.4441103,0.0,0.0,0.0,0.0,0.0
SCN7A,0.0,0.0,1.8396773,0.0,0.0,2.5405617,1.2327285,0.0
SCN9A,0.0,0.0,0.0,0.0,1.1478302,1.223719,0.0,0.0
SDC2,0.0,0.0,0.89562094,0.0,0.0,0.0,0.0,0.0
SDCCAG8,0.71877193,0.0,1.089758,0.0,1.6099982,0.0,0.0,0.0
SDK1,0.0,0.0,0.0,0.0,0.0,0.0,0.0,1.3371062
SEC14L1,0.0,2.7478607,0.0,0.0,1.1414442,0.0,0.0,0.0
SEC24B,0.0,0.0,0.7015263,0.0,0.0,0.0,0.0,0.0
SEC24D,0.0,0.0,1.3770474,0.0,0.0,0.0,0.97999674,0.0
SEC31A,0.7693733,0.0,1.283315,0.0,0.0,0.0,0.8603858,0.0
SELENOP,0.0,0.0,0.0,0.0,1.5975972,0.0,0.0,0.0
SEMA3B,0.0,0.0,0.0,0.0,0.0,0.99618894,0.0,0.0
SEMA3C,0.0,0.0,0.0,0.0,0.0,1.6174862,0.0,0.0
SEMA4D,0.0,0.0,0.0,1.3826681,0.0,0.0,0.0,0.0
SEMA5A,0.7387201,0.0,0.0,0.0,0.0,0.0,1.6142553,0.0
SEMA6D,0.0,0.0,0.0,0.0,0.0,1.2792752,0.0,0.0
SENP6,1.0023158,0.0,1.4184289,0.0,1.0359162,1.2703592,1.5473304,1.4710991
SEPTIN11,0.0,0.0,0.88022107,0.0,0.0,0.0,1.3107424,0.0
SEPTIN6,0.0,0.0,0.0,1.149893,0.0,0.0,0.0,0.0
SEPTIN7,0.0,0.0,1.2085186,1.2404025,0.0,0.0,1.7493522,1.3310299
SERPING1,0.0,0.0,1.0288743,0.0,0.0,0.0,0.0,0.0
SESN1,1.2273734,0.0,0.0,0.0,1.0790049,0.0,0.0,1.1905409
SESTD1,0.0,0.0,1.707967,0.0,1.5019873,0.0,0.0,0.0
SETBP1,0.0,0.0,0.8900856,0.0,0.0,0.0,1.5435562,0.9740226
SETD2,0.8736237,0.0,1.153924,1.4307537,1.1751533,0.0,1.1078978,1.1833403
SETD5,1.092253,1.3123274,1.4745315,0.8758875,1.1357458,1.4964044,1.6430963,1.3350896
SETX,0.0,0.0,0.9726739,1.3936899,1.4123495,0.0,0.0,0.0
SFMBT2,0.0,0.0,0.0,1.8144054,1.1541843,0.0,0.0,0.0
SFPQ,0.72453594,0.0,1.1809489,0.0,0.0,0.0,1.1325994,1.2177818
SGCD,2.889245,0.0,0.0,0.0,0.0,0.0,0.0,0.0
SGCG,1.416041,0.0,0.0,0.0,0.0,0.0,0.0,0.0
SGIP1,0.0,0.0,0.0,0.0,0.0,0.0,1.7988782,0.0
SGMS1,0.7272056,0.0,1.2122375,1.4107072,1.6884553,1.1677011,0.92361283,0.92531174
SH2B3,0.0,0.0,0.0,0.0,1.0414603,0.0,0.0,0.0
SH3BGRL,0.0,0.0,0.0,0.0,0.83818376,0.0,0.0,0.0
SH3BP5,0.0,0.0,0.0,0.0,1.4860029,0.0,0.0,0.0
SH3D19,1.4003127,0.0,1.3006908,0.0,0.0,2.0877988,0.0,0.0
SH3KBP1,0.0,0.0,0.0,1.6680847,0.90162337,0.0,0.0,0.0
SH3PXD2A,0.0,0.0,0.0,0.0,0.0,1.2577856,1.12972,1.995553
SH3PXD2B,0.0,0.0,0.0,0.0,0.7833756,0.0,0.0,0.0
SH3RF1,0.0,0.0,0.0,0.0,0.0,0.0,2.4973235,0.7248203
SH3RF3,0.0,0.0,0.0,0.0,0.0,1.0980792,0.0,0.0
SHANK3,0.0,1.7955194,0.0,0.0,0.0,0.0,0.0,0.0
SHISA9,0.0,0.0,0.0,0.0,0.0,1.6308987,0.0,0.0
SHPRH,0.70786536,0.0,0.0,0.0,0.0,0.0,0.0,0.0
SIK2,1.254641,0.0,0.0,0.0,0.0,0.0,1.2870041,0.8307948
SIK3,1.8478694,1.66887,1.7131649,2.400855,1.7005185,2.3132746,1.8766732,2.6947513
SIPA1L1,0.0,0.0,0.0,1.4778674,3.2721875,0.0,0.0,0.0
SIPA1L2,0.83960116,0.0,0.0,0.0,0.0,2.168932,0.0,0.0
SKAP1,0.0,0.0,0.0,2.725185,0.0,0.0,0.0,0.0
SKAP2,0.0,0.0,0.0,0.0,1.3511449,0.0,0.0,0.0
SKIL,0.0,0.0,0.69399893,0.0,0.0,0.0,0.0,0.0
SLA,0.0,0.0,0.0,0.0,0.8362532,0.0,0.0,0.0
SLC12A2,0.0,0.0,0.0,0.0,0.0,0.0,1.7426953,0.0
SLC16A1-AS1,0.9969976,0.0,0.0,0.0,0.0,0.0,0.0,0.0
SLC16A10,0.0,0.0,0.0,0.0,1.8045824,0.0,0.0,0.0
SLC16A12,0.0,0.0,0.0,0.0,0.0,0.0,1.656004,0.0
SLC16A7,2.3258684,0.0,1.1916153,0.0,0.0,0.0,0.0,0.0
SLC1A3,1.4280545,0.0,0.0,0.0,0.0,0.0,0.0,0.0
SLC20A2,1.6049731,0.0,0.0,0.0,0.0,0.0,0.0,0.0
SLC22A23,0.0,0.0,0.0,0.0,0.0,1.2086834,0.0,0.0
SLC22A3,0.0,0.0,0.0,0.0,0.0,0.0,0.0,1.1988869
SLC25A12,1.1343131,0.0,0.0,0.0,0.0,0.0,0.0,0.0
SLC25A13,0.0,0.0,1.0302627,0.0,0.0,0.0,0.0,0.0
SLC25A36,1.2835035,0.0,0.0,0.0,0.0,0.0,0.0,0.0
SLC2A13,1.2656794,0.0,1.0216513,0.0,0.0,0.0,0.0,0.0
SLC2A3,0.0,1.9913082,0.0,0.0,1.5028925,0.0,1.5062985,1.2378756
SLC35F1,0.0,0.0,0.0,0.0,0.0,2.9031496,0.0,0.0
SLC38A1,1.5442802,0.0,0.0,2.127972,0.0,0.0,0.0,0.0
SLC39A11,0.0,0.0,0.0,0.0,1.0926543,0.0,0.0,0.0
SLC39A14,1.2359236,0.0,0.0,0.0,0.0,0.0,0.0,0.0
SLC44A1,0.0,0.0,0.0,0.0,0.0,1.5818586,0.0,0.0
SLC4A4,1.1636357,0.0,0.0,0.0,0.0,0.0,0.0,0.0
SLC4A7,0.0,0.0,1.546312,1.1638119,0.8460911,0.0,0.0,1.3534307
SLC7A6,0.8342935,0.0,0.0,0.0,0.0,0.0,0.0,0.0
SLC8A1,4.3208275,0.0,0.8033329,0.0,2.488738,0.0,1.3027847,1.8494287
SLC9A9,0.0,0.0,1.7719843,1.1749218,2.8366253,0.0,0.0,0.0
SLCO2B1,0.0,0.0,0.0,0.0,2.045627,0.0,0.0,0.0
SLCO3A1,0.765508,0.0,0.0,1.4802114,1.2168177,0.0,0.0,1.223211
SLCO5A1,1.3550816,0.0,0.0,0.0,0.0,0.0,0.0,0.0
SLFN12L,0.0,0.0,0.0,2.294695,0.0,0.0,0.0,0.0
SLIT2,0.0,0.0,1.7374666,0.0,0.0,2.2842522,0.0,0.0
SLIT3,0.0,0.0,0.0,0.0,0.0,0.0,0.0,1.9855952
SLMAP,1.3882852,0.0,0.0,0.0,0.0,0.0,0.0,1.3167653
SLTM,0.6990236,0.0,0.0,0.0,0.0,0.0,0.0,0.0
SMAD3,0.7275372,0.0,1.8871477,0.0,0.0,0.0,0.0,0.0
SMAP2,0.0,0.0,0.0,1.7068588,1.9498634,0.0,0.0,0.0
SMARCA2,0.0,0.0,0.0,1.5165613,0.83302593,0.0,0.0,0.0
SMARCC1,0.0,0.0,0.0,1.0635499,0.0,0.0,0.0,0.0
SMC5,0.0,0.0,1.4272113,0.0,0.0,0.98386014,1.2326856,1.5586917
SMCHD1,0.98733383,0.0,1.2674184,2.7266684,1.8036706,0.0,1.2791817,1.3813833
SMG1,1.1294363,0.0,0.0,0.0,0.0,0.0,0.0,0.0
SMG6,0.7185833,0.0,1.1903399,0.0,0.0,0.0,0.9553638,0.0
SMURF1,0.0,0.0,0.0,0.0,0.0,0.0,1.171952,1.2204258
SMURF2,0.0,0.0,1.0438378,0.0,0.0,0.0,0.0,0.0
SMYD2,0.84566313,0.0,0.0,0.0,0.0,0.0,0.0,0.0
SMYD3,1.1751533,0.0,0.0,2.3294592,1.1318867,1.7022572,0.0,0.0
SNCA,0.0,0.0,0.0,0.0,0.0,1.070113,0.0,0.0
SND1,0.7468346,0.0,1.2505354,1.3410004,1.4809945,0.0,0.0,0.9824474
SNED1,0.0,0.0,1.7635748,0.0,0.0,0.0,0.0,0.0
ENSG00000224078,1.8065679,0.0,0.0,0.0,0.0,0.0,0.0,0.0
SNTB1,0.0,0.0,0.85220444,0.0,0.0,0.0,0.0,0.0
SNX13,0.7435781,0.0,0.6932972,0.0,1.350562,0.0,0.0,0.0
SNX2,0.0,0.0,0.0,0.0,0.8645414,0.0,0.0,0.0
SNX25,0.0,0.0,0.0,0.0,0.0,0.0,1.0763197,0.0
SNX29,0.0,0.0,0.0,0.0,1.9604325,0.0,0.0,0.0
SNX6,0.0,0.0,0.0,0.0,1.4029095,0.0,0.0,0.0
SNX9,0.0,0.0,1.6572623,0.0,1.5706735,0.0,0.0,0.0
SOBP,0.0,0.0,1.2461948,0.0,0.0,0.0,1.0799022,0.0
SOCS5,0.0,0.0,0.0,0.0,0.0,0.0,1.2635818,0.0
SOD2,0.0,0.0,1.4310747,0.0,0.0,0.0,0.0,0.0
SON,1.2541934,1.129968,1.4734285,1.185741,1.3723578,1.1223644,1.5520059,1.6161921
SORBS1,3.2457404,2.8939679,0.0,0.0,0.0,2.482481,0.0,2.1284676
SORBS2,3.695791,0.0,0.0,0.0,0.0,2.3004503,0.0,0.0
SORCS1,0.0,0.0,0.0,0.0,0.0,3.3429003,0.0,0.0
SORL1,0.0,0.0,0.0,1.5994389,0.0,0.0,0.0,0.0
SORT1,0.8656131,0.0,0.0,0.0,0.0,0.0,0.0,0.0
SOS1,1.714284,1.1575027,0.0,1.9549673,0.8982867,0.9034945,0.0,0.0
SOX5,0.0,0.0,0.0,0.0,0.0,0.0,1.6757629,1.6170015
SOX6,2.085161,0.0,1.5345011,0.0,0.0,2.3536403,0.0,0.0
SP100,0.0,1.2548203,0.0,1.4945257,0.9367171,0.0,0.0,0.0
SPAG9,0.74923766,1.8148357,1.3011284,0.0,1.2332883,1.3190124,1.3601741,1.1375425
SPARC,0.0,0.0,0.0,0.0,0.0,0.0,1.5260642,0.0
SPARCL1,0.0,2.2526014,2.1799896,0.0,0.0,1.1618599,2.4843824,2.8170888
SPATA6,0.0,0.0,1.4004855,0.0,0.0,1.4772,0.0,0.0
SPECC1,0.0,0.0,0.0,0.0,0.0,0.0,1.6383746,0.0
SPEN,0.0,0.0,0.0,0.0,0.0,0.0,0.0,0.7450074
SPHKAP,0.84301674,0.0,0.0,0.0,0.0,0.0,0.0,0.0
SPIDR,0.0,1.6537501,1.5714788,1.5219231,2.362958,1.191017,1.6174865,1.444052
SPIRE1,0.99522054,0.0,0.0,0.0,0.0,0.0,0.0,0.0
SPOCK1,0.0,0.0,0.8967366,0.0,0.0,0.0,0.0,0.0
SPPL2A,0.7374377,0.0,0.0,0.0,0.0,0.0,0.0,0.0
SPPL3,0.0,0.0,0.0,0.0,1.2076135,0.0,0.0,0.0
SPRED1,0.0,0.0,1.4327726,0.0,1.7476372,0.0,1.6042581,1.1788902
SPRED2,0.0,0.0,0.7248653,0.0,0.0,0.0,0.0,0.0
SPRY1,0.0,0.0,1.040748,0.0,0.0,0.0,0.0,0.0
SPTBN1,1.6233826,2.6016486,2.0799959,0.0,0.0,2.2810903,1.9635588,1.6232607
SPTLC2,0.0,0.0,0.0,0.0,0.8033325,0.0,0.0,0.0
SRGAP1,0.0,0.0,1.4263294,0.0,1.322536,0.0,0.0,0.0
SRGAP2,0.0,0.0,0.0,0.0,1.3294935,0.0,0.0,0.0
SRGN,0.0,0.0,0.0,0.0,2.3229222,0.0,0.0,0.0
SRL,1.1801282,0.0,0.0,0.0,0.0,0.0,0.0,0.0
SRPK2,0.96612287,0.0,0.8954494,1.9324883,1.1851898,0.0,0.97901,0.0
SRPX,0.0,0.0,0.95723784,0.0,0.0,0.0,0.0,0.0
SRPX2,0.0,0.0,0.9561026,0.0,0.0,0.0,0.0,0.0
SRRM2,0.92402494,0.0,1.171683,1.2455796,1.1990082,1.0410442,1.4164745,1.1008196
SRSF11,0.73806405,0.0,1.305131,1.218451,1.1333127,1.1671674,1.3006908,1.117358
SRSF5,0.0,0.0,0.79849577,0.0,0.0,0.0,0.0,0.0
SSBP2,1.0634251,0.0,2.1506047,0.0,1.689535,1.9098513,1.848827,2.0910563
SSBP3,0.0,0.0,0.0,0.0,0.0,0.0,0.0,1.5037084
SSH2,1.1008172,0.0,1.2508466,2.4557724,2.136391,0.0,0.0,0.0
ST3GAL1,1.1345993,0.0,0.0,0.0,1.4640338,0.0,0.0,0.0
ST3GAL6,1.4804479,0.0,0.0,0.0,0.0,1.1508127,0.0,0.0
ST6GAL1,0.9644624,0.0,0.0,1.5827801,0.0,0.0,0.0,0.0
ST6GALNAC3,0.0,3.7485476,0.0,0.0,0.0,1.3321052,0.0,0.0
ST6GALNAC5,0.0,0.0,0.0,0.0,0.0,2.4757214,0.0,0.0
ST8SIA6,0.0,1.4156473,0.0,0.0,0.0,0.0,0.0,0.0
STAB1,0.0,0.0,0.0,0.0,1.850332,0.0,0.0,0.0
STAG1,1.2033548,1.9401041,2.1088986,1.9588811,1.8633263,1.8582835,2.0706286,2.0108361
STAG2,0.0,0.0,0.0,1.0379893,0.0,0.0,0.0,0.0
STARD13,1.1955402,1.820126,1.2561213,0.0,2.4979546,3.3803895,1.3134197,0.0
STARD9,0.0,0.0,0.0,0.0,0.0,1.0814451,0.0,0.0
STAT3,2.103906,1.6472869,1.7669368,0.0,1.5201747,1.244785,1.6505108,1.9082606
STAT4,0.0,0.0,0.0,2.5345044,0.0,0.0,0.0,0.0
STEAP4,0.0,0.0,0.0,0.0,0.0,0.0,1.7270291,0.0
STIM1,0.0,0.0,0.0,1.5804796,0.0,0.0,0.0,0.0
STIM2,0.0,0.0,0.0,1.2177367,0.0,0.0,0.0,0.0
STK10,0.0,0.0,0.0,1.8460516,0.0,0.0,0.0,0.0
STK17A,0.0,0.0,0.0,0.37064943,0.0,0.0,0.0,0.0
STK17B,0.0,0.0,0.0,1.436796,0.0,0.0,0.0,0.0
STK3,1.1580641,1.7442197,2.1216972,0.0,1.6280684,1.4690781,1.8245828,1.9378113
STK33,1.2009945,0.0,0.0,0.0,0.0,0.0,0.0,0.0
STK38,0.0,0.0,0.0,1.643094,0.0,0.0,0.0,0.0
STK39,0.0,0.0,0.0,1.6343787,0.0,0.0,2.0898135,0.0
STK4,0.0,0.0,0.0,2.2385683,0.0,0.0,0.0,0.0
STOM,0.0,1.8882415,0.0,0.0,0.0,0.0,0.0,0.0
STOX2,0.0,0.9732369,0.0,0.0,0.0,1.27239,0.0,0.0
STRN,1.1006163,0.0,0.0,0.0,0.0,0.0,0.0,0.0
STRN3,1.0942316,0.0,1.4433067,0.0,1.244873,0.0,1.3009825,1.4206946
STX12,0.0,1.1929337,0.0,0.0,0.0,0.0,0.0,0.0
STX7,0.0,0.0,0.0,0.0,1.340167,0.0,0.0,0.0
STXBP5,0.0,0.0,0.8446779,0.0,0.0,0.0,0.0,0.0
STXBP6,1.3447642,0.0,0.0,0.0,0.0,0.0,0.0,0.0
SUCLG2,0.8207773,0.0,0.0,1.5662538,0.0,0.0,0.0,0.0
SULF1,0.0,0.0,1.0517714,0.0,0.0,0.0,0.0,0.0
SUMF1,0.76153105,0.0,0.0,0.0,1.4581854,0.0,0.0,0.0
SUPT3H,0.0,0.0,0.0,0.0,0.0,0.8905088,0.0,0.0
SUSD6,0.0,0.0,0.0,0.0,1.3737886,0.0,0.0,0.89122915
SVEP1,0.0,0.0,1.6294684,0.0,0.0,0.0,0.0,0.0
SVIL,2.5386438,0.0,1.0925163,0.0,0.0,0.0,0.0,0.0
SWAP70,0.0,1.3968108,0.0,0.0,0.0,0.0,0.0,0.0
SYK,0.0,0.0,0.0,0.0,1.4121146,0.0,0.0,0.0
SYNE1,1.7821887,3.0742376,0.9675369,1.9152613,0.0,0.0,0.0,0.0
SYNE2,1.1850715,2.8203192,0.0,2.505154,0.0,1.2694385,0.0,0.0
SYNM,0.7058083,0.0,0.0,0.0,0.0,0.0,0.0,0.86711144
SYNPO2,1.7497939,0.0,1.4883425,0.0,0.0,0.0,2.0174205,1.2825785
SYNRG,0.0,0.0,0.0,1.2100856,0.0,0.0,0.0,0.0
SYTL2,0.0,0.0,0.0,1.1743052,0.0,0.0,0.0,0.0
SYTL3,0.0,0.0,0.0,2.7242525,0.0,0.0,0.0,0.0
TACC1,0.0,2.858709,1.115045,0.0,0.9219682,1.0986123,2.1825454,1.6736927
TACC2,1.9407423,0.0,0.0,0.0,0.0,0.0,0.0,0.0
TAF15,0.0,0.0,0.0,0.0,0.0,0.0,0.79448366,0.0
TAF1D,0.0,0.0,0.76819384,0.0,0.0,0.0,0.0,0.0
TAGLN,0.0,0.0,0.0,0.0,0.0,0.0,0.0,1.27736
TANC1,1.8822773,1.6906163,0.0,0.0,0.0,0.0,0.0,0.82228297
TANGO2,0.70661414,0.0,0.0,0.0,0.0,0.0,0.0,0.0
TANK,0.0,0.0,1.4413948,0.0,0.74124134,0.0,0.0,0.0
TAOK1,0.70789146,0.0,1.0989792,1.0156643,1.2712818,1.2648576,1.019891,0.0
TAOK3,0.0,0.0,0.0,1.5119252,1.607122,0.0,0.0,0.0
TAX1BP1,0.730481,0.0,0.93016183,0.0,0.0,0.0,0.0,0.0
TBC1D1,1.2121545,1.5223418,0.0,0.0,0.0,0.0,1.333544,2.0925338
TBC1D14,0.0,0.0,0.0,0.0,2.1696186,0.0,0.0,0.0
TBC1D22A,0.0,1.438998,0.76378953,1.741013,2.0279486,0.0,0.98082936,0.0
TBC1D4,1.6590542,0.0,0.0,0.0,0.0,0.0,0.0,0.0
TBC1D5,1.399373,1.3830034,1.4314382,2.0113716,2.2795467,1.4922494,1.456795,0.0
TBC1D8,0.71659493,0.0,0.0,0.0,0.0,0.0,0.0,0.0
TBC1D9,0.0,1.152959,0.0,0.0,1.0888419,0.0,0.0,0.0
TBCD,0.0,1.6523843,0.0,0.0,0.0,0.0,0.0,0.0
TBCK,0.72303134,0.0,0.0,0.0,0.0,0.0,0.0,0.0
TBL1X,0.0,0.0,0.0,1.4980203,0.0,0.0,0.0,0.0
TBL1XR1,1.0948272,0.0,1.2546861,1.622036,1.4077861,1.1827903,1.373348,0.0
TBX20,0.9571884,0.0,1.0008445,0.0,0.0,0.0,0.0,0.0
TBXAS1,0.0,0.0,0.0,0.0,1.7598802,0.0,0.0,0.0
TC2N,0.0,0.0,0.0,1.7893121,0.0,0.0,0.0,0.0
TCF12,1.5979116,2.3020003,2.2347465,2.0126328,2.2867312,1.7457799,2.2538085,2.2015095
TCF4,0.0,3.288993,2.2435744,0.0,2.4839067,1.5712018,2.4672036,2.6125853
TCF7L2,0.0,0.0,1.4879887,0.0,0.0,0.0,0.0,1.5924306
TDRD3,0.87713456,0.0,0.0,0.0,0.0,0.0,0.0,0.0
TEAD1,1.435796,1.4773304,0.0,0.0,0.0,1.8530483,1.023304,0.0
TECRL,2.8463974,0.0,0.0,0.0,0.0,0.0,0.0,0.0
TEK,0.0,1.8690995,0.0,0.0,0.0,0.0,0.0,0.0
TENM2,2.0277767,0.0,0.0,0.0,0.0,0.0,0.0,0.0
TENM3,0.0,0.0,0.0,0.0,0.0,2.6621745,0.0,0.0
TET2,0.0,0.0,0.0,0.0,1.6621759,0.0,0.0,0.0
TET3,0.0,0.0,0.0,0.0,1.1846775,0.0,0.0,0.0
TFPI,0.0,0.0,2.0013878,0.0,0.0,0.0,2.2362008,0.0
TFRC,0.0,0.0,0.0,0.0,1.3404794,0.0,0.0,0.0
TGFBI,0.0,0.0,0.0,0.0,1.7982471,0.0,0.0,0.0
TGFBR2,0.0,0.0,2.1220129,1.214746,1.2363136,2.1385236,0.0,0.0
TGFBR3,0.0,0.0,2.3978953,1.2874863,0.0,0.0,0.0,0.0
THADA,0.0,0.0,0.9150475,0.0,0.0,0.0,0.0,0.0
THBS1,0.0,0.0,1.3596358,0.0,1.7811108,0.0,0.0,0.0
THBS2,0.0,0.0,1.4893169,0.0,0.0,0.0,0.0,0.0
THBS4,0.0,0.0,0.0,0.0,0.0,0.0,1.4417028,0.0
THEMIS,0.0,0.0,0.0,1.8850546,0.0,0.0,0.0,0.0
THOC2,0.0,0.0,0.0,0.0,0.0,0.0,1.080223,0.7678503
THRAP3,0.764433,0.0,0.0,0.0,0.0,0.0,0.0,0.0
THRB,1.3262327,0.0,0.0,0.0,1.0998472,0.0,0.0,0.0
THSD4,2.674797,0.0,0.0,0.0,0.0,0.0,0.0,0.0
TIAM2,1.1328131,0.0,0.0,0.0,0.0,0.0,0.0,0.0
TIMP2,0.0,0.0,0.9276135,0.0,0.0,0.0,0.0,0.0
TIMP3,0.0,1.4656963,1.5141313,0.0,0.0,1.5829338,1.8510854,1.2187508
TJP1,1.0865592,1.4919822,0.86208075,0.0,0.0,0.0,1.8144054,1.185471
TJP2,0.7522497,0.0,0.0,0.0,0.0,0.0,0.0,0.0
TLE1,0.0,0.0,0.0,0.0,0.0,0.0,0.0,1.1392007
TLE4,0.0,0.0,0.0,0.0,1.2008324,0.0,0.0,0.0
TMCC1,1.1189518,0.0,0.0,0.0,1.4821767,0.0,0.0,0.0
TMEM117,1.152366,0.0,0.0,0.0,0.0,0.0,0.0,0.0
TMEM131,0.8322709,0.0,0.74465054,0.0,0.95232487,0.0,0.8036735,0.0
TMEM131L,0.0,0.0,0.0,1.1758499,0.0,0.0,0.0,0.0
TMEM132B,0.0,0.0,0.0,0.0,0.0,1.1770133,0.0,0.0
TMEM135,0.0,0.0,1.240926,0.0,0.0,0.0,0.9643117,0.0
TMEM161B-DT,0.8041502,0.0,0.0,0.0,0.0,0.0,0.0,0.0
TMEM164,0.89557785,0.0,0.0,0.0,0.0,0.0,0.0,0.0
TMEM165,0.0,0.7266588,1.2334607,0.0,1.1732224,0.0,1.5587864,1.4493303
TMEM178B,1.4526424,0.0,0.0,0.0,0.0,0.0,0.0,0.0
TMEM181,0.0,0.0,0.0,1.3174092,0.0,0.0,0.0,0.0
CEMIP2,0.0,0.0,0.0,2.1452706,2.128135,0.0,0.0,0.0
TMEM245,0.88898724,0.0,0.0,0.0,0.0,0.0,0.0,0.0
TMEM65,1.550834,0.0,0.0,0.0,0.0,0.0,0.0,0.0
TMEM71,0.8405364,0.0,0.0,0.0,0.0,1.037384,0.0,0.0
TMOD1,1.047488,0.0,0.0,0.0,0.0,0.0,0.0,0.0
TMTC1,0.0,1.7969868,0.8484806,0.0,0.0,0.0,0.8785726,0.0
TNFAIP2,0.0,0.0,0.0,0.0,1.1219455,0.0,0.0,0.0
TNFAIP8,0.0,0.0,0.0,1.645941,0.0,0.0,0.0,0.0
TNFRSF1B,0.0,0.0,0.0,0.0,1.2896675,0.0,0.0,0.0
TNIK,1.1423154,0.0,0.0,1.681301,0.0,0.0,0.0,0.0
TNKS,0.85592324,0.0,1.104851,0.0,0.0,0.80425256,1.2965744,1.0801611
TNNI3,0.8398628,0.0,0.0,0.0,0.0,0.0,0.0,0.0
TNNT2,2.2737925,0.0,0.0,0.0,0.0,0.0,0.0,0.0
TNRC18,0.0,0.0,0.0,0.0,0.93917686,0.0,0.0,0.0
TNRC6A,1.2923436,0.0,1.3727977,0.9128849,0.9612591,1.3579172,1.4601499,1.2149816
TNRC6B,1.4573003,0.0,1.3048375,2.7277536,1.5330753,1.8847203,1.3167088,0.0
TNRC6C,0.75588584,0.0,1.1433337,0.0,0.0,0.9231553,0.0,0.0
TNS1,1.0219929,1.6985373,1.1981593,0.0,0.0,0.0,1.7200938,1.7424747
TNS3,0.0,0.0,0.0,0.0,1.9614556,0.0,0.0,0.0
TOM1L2,1.0837691,0.0,0.0,0.0,0.0,0.0,0.0,0.0
TOP1,0.7403798,0.0,0.92133033,0.0,0.0,0.0,1.0271446,1.0385629
TOX,0.0,0.0,0.0,1.5771186,0.0,0.0,0.0,0.0
TPM1,2.2044015,1.6926936,0.0,0.0,0.0,0.0,1.1106217,0.8466584
TRA2A,0.0,0.0,0.75352705,0.0,0.0,0.98923975,1.1159759,0.0
TRABD2B,0.0,0.0,0.0,0.0,0.0,1.1624638,0.0,0.0
TRAF3IP2-AS1,0.0,0.0,0.0,0.0,0.0,0.0,1.2079012,0.0
TRAK1,0.87770903,1.0350959,0.0,0.0,1.0501387,0.0,1.5450051,1.1196474
TRAK2,0.876602,0.0,0.0,0.0,0.0,0.0,0.0,0.0
TRAPPC10,0.0,0.0,0.0,0.8926275,0.0,0.0,0.0,0.0
TRAPPC9,0.9718561,0.0,0.0,1.6510243,1.4143496,0.0,0.0,0.0
TRDN,2.184526,0.0,0.0,0.0,0.0,0.0,0.0,0.0
TRERF1,0.0,0.0,0.0,1.4466516,0.0,0.0,0.0,0.0
TRIM44,0.0,0.0,0.0,0.0,0.0,0.0,1.0136976,0.7846738
TRIM54,1.0435398,0.0,0.0,0.0,0.0,0.0,0.0,0.0
TRIM55,0.7022704,0.0,0.0,0.0,0.0,0.0,0.0,0.0
TRIM63,0.7438966,0.0,0.0,0.0,0.0,0.0,0.0,0.0
TRIO,1.5588111,2.4804726,1.6234233,0.0,1.7129165,1.8105456,1.7966721,1.4751163
TRIP12,0.7118057,1.3340588,1.1908579,0.0,1.4080191,0.0,1.1243249,1.0260575
TRPC1,0.8660519,0.0,0.0,0.0,0.0,0.0,0.0,0.0
TRPM7,1.9521071,0.0,0.0,0.0,0.84555626,1.0321203,0.0,0.0
TRPS1,0.0,0.0,2.3644118,0.0,2.7276978,0.79755557,0.83385515,0.0
TSHZ2,0.0,0.0,2.3641572,0.0,0.0,0.0,0.0,0.0
TSPAN11,0.0,0.0,0.0,0.0,0.0,1.0822185,0.0,0.0
TSPAN14,0.0,1.275636,0.0,0.0,0.0,0.0,0.0,0.0
TSPAN9,0.8335937,1.1823196,0.0,0.0,0.0,0.0,0.0,0.0
TTC17,0.95892143,0.0,1.24014,1.336124,1.1514039,1.0246187,1.213566,1.0570163
TTC28,0.0,2.2598386,2.2930114,0.0,0.0,1.74591,1.9702132,1.833359
TTC3,1.2671435,0.0,0.8345521,0.0,0.8375516,0.0,0.0,0.0
TTC39C,0.0,0.0,0.0,1.1908011,0.0,0.0,0.0,0.0
TTLL7,0.0,0.0,0.0,0.0,0.0,0.9034945,0.0,0.0
TTN,5.7355504,1.7189655,1.2522275,1.9975464,2.665072,1.6454275,2.0492268,1.5122674
TTN-AS1,1.3315923,0.0,0.0,0.0,0.0,0.0,0.0,0.0
TTTY14,1.9305964,0.0,1.2521384,0.0,0.0,0.0,0.0,0.0
TXNIP,1.8201622,0.0,1.1963044,1.2939758,0.0,1.1088494,1.0532889,0.0
TXNRD1,0.8744783,0.0,1.060763,0.0,0.0,0.0,0.0,0.0
UACA,0.0,1.8282996,0.0,0.0,0.0,0.0,0.99094075,0.0
UAP1,0.0,0.0,0.91356945,0.0,0.0,0.0,0.0,0.0
UBA2,0.0,0.0,0.0,0.0,0.0,0.0,1.4273317,0.82909477
UBAC2,0.8449051,0.0,0.0,1.3751122,1.2246515,0.0,0.0,0.0
UBE2B,0.7990673,0.0,0.0,0.0,0.0,0.0,0.0,0.0
UBE2D3,1.0312487,1.3191128,1.3881159,0.0,1.2751712,1.0697355,1.1573532,1.4083693
UBE2E1,0.0,0.0,0.0,0.0,0.0,0.0,1.0189288,0.0
UBE2E2,1.6959577,0.0,2.1352282,0.0,1.9589659,0.0,1.9620947,1.4237294
UBE2G1,0.8293111,0.0,0.0,0.0,0.0,0.0,0.0,0.0
UBE2H,1.2729915,0.0,0.0,0.0,0.0,0.80425256,0.0,0.0
UBE2K,0.7384918,0.0,1.0704907,1.0808127,1.0968819,0.0,0.94784886,0.0
UBE2R2,0.95042074,0.0,0.0,0.0,0.0,0.0,0.0,0.0
UBE3A,0.0,0.0,0.7578093,0.0,0.0,0.0,0.0,0.0
UBE4B,0.8303682,0.0,0.0,0.0,0.0,0.0,0.0,0.0
UBR1,0.0,1.0335784,0.7203394,0.0,0.0,0.0,1.0146496,1.4887855
UBR2,0.8219899,0.0,0.8491689,1.3174092,0.85212743,0.0,0.72764814,0.0
UBR3,1.6008534,0.0,1.3760512,0.0,0.8462361,1.3020046,1.5162088,1.4452872
UBR4,0.0,0.0,0.0,0.0,0.0,0.0,0.0,0.9700756
UBR5,1.5133023,1.2640371,1.6857637,1.5313686,1.4480193,1.2404019,1.6268631,1.5223458
UGCG,0.0,2.001757,0.0,0.0,0.0,0.0,0.0,0.0
UGGT2,0.0,0.0,1.5998276,0.0,0.0,0.0,1.4163563,1.5238143
UGP2,0.7856751,0.0,0.0,0.0,0.0,0.0,0.0,0.0
UNC5C,0.0,0.0,1.4386299,0.0,0.0,0.0,1.2019699,1.0197805
USO1,0.75358653,0.0,0.0,0.0,0.0,0.0,0.0,0.0
USP13,0.87224394,0.0,0.0,0.0,0.0,0.0,0.0,0.0
USP15,1.0062623,0.0,0.98072517,1.7882268,1.836456,0.0,0.70497936,0.93669367
USP24,0.0,0.0,0.0,1.2455796,0.0,0.0,0.93619865,0.0
USP25,0.7697464,0.0,0.0,1.36165,0.0,0.0,0.0,0.0
USP28,0.6977031,0.0,0.0,0.0,0.0,0.0,0.0,0.0
USP3,0.0,0.0,0.6943512,1.204498,0.757146,0.0,0.0,0.0
USP32,0.0,0.0,0.7364435,0.0,1.3775461,0.0,0.0,0.0
USP34,1.5726128,1.6955034,1.6763368,1.9845129,1.6983246,1.5712018,1.7851237,1.6278493
USP47,1.3799345,0.0,1.3938416,1.0244485,0.0,1.2395294,1.5798664,1.2500031
USP53,1.0000299,0.0,0.99168676,0.0,0.0,0.0,0.0,0.0
USP54,0.7984619,0.0,0.0,0.0,0.0,0.0,0.0,0.0
USP9X,0.0,0.0,0.7761816,0.0,1.1128113,0.0,0.0,0.0
USP9Y,0.7597405,0.0,0.71212304,1.0142707,0.0,0.0,0.0,0.0
UST,0.0,0.0,1.2608572,0.0,0.0,0.0,0.0,0.0
UTRN,1.208354,2.6804442,1.4210443,2.964364,1.8874092,1.9629009,2.6247675,2.1297665
UTY,1.4025046,0.0,1.2637182,1.7506802,1.2725749,0.0,1.3365357,1.2903831
UVRAG,0.0,1.6879162,0.99184686,0.0,1.3187115,0.0,0.0,0.0
VAPA,0.70783925,0.0,0.0,0.0,1.1893857,0.0,0.0,0.0
VAV3,0.0,0.0,0.0,1.2940822,1.8690223,0.0,0.0,0.0
VCAN,0.0,0.0,1.9937015,0.0,0.0,0.0,0.0,0.0
VCL,1.1585512,0.0,0.0,0.0,0.0,0.0,0.0,0.8598765
VGLL4,0.0,0.0,0.0,0.0,0.0,0.9411739,0.0,0.0
VIM,0.0,0.0,1.3764384,0.0,0.0,1.5492257,0.0,0.0
VIPR2,0.95085907,0.0,0.0,0.0,0.0,0.0,0.0,0.0
VLDLR-AS1,1.4014845,0.0,0.0,0.0,0.0,0.0,0.0,0.0
VMP1,0.83580804,0.0,1.3862569,0.0,2.2505093,1.9086273,1.0052726,1.454025
VOPP1,0.0,0.0,0.0,0.0,0.7206109,0.0,0.0,0.0
VPS13A,1.2213104,0.0,0.0,0.0,0.0,0.0,0.0,0.0
VPS13B,1.389415,1.414114,2.0406108,2.1121655,2.0426524,1.485208,1.5798664,1.616677
VPS13C,0.6990236,0.9574853,1.0324695,1.8667849,1.7666852,1.6832014,1.1338134,0.0
VPS13D,1.4384665,1.1562325,1.1215963,0.0,1.1196463,1.0880581,1.9328673,1.8807367
VPS8,1.6342111,0.0,0.0,0.0,1.2446969,0.0,0.0,0.0
VTI1A,0.0,1.4324086,1.1851504,1.5937846,1.5695931,0.0,0.9189693,1.1916766
VWA8,1.6182153,0.0,0.0,0.0,0.0,0.0,0.0,0.0
VWF,0.0,3.4490862,0.0,0.0,0.0,0.0,0.0,0.0
WAC,0.8548349,1.4233721,1.4449149,1.6670378,1.4561012,1.1312463,1.4322264,1.2904308
WARS1,0.0,1.7279801,0.0,0.0,0.0,0.0,0.0,0.0
WASF2,0.0,0.0,0.0,0.0,0.9812983,0.0,0.0,0.0
WASHC4,0.0,0.0,0.0,0.0,1.1209702,0.0,0.0,0.0
WBP1L,0.0,0.0,0.0,0.0,0.7981304,0.0,0.0,0.0
WDFY2,0.0,0.0,0.0,0.0,1.4721332,0.0,0.0,0.8601365
WDFY3,0.9055958,0.0,1.609838,0.0,2.3229742,1.42421,1.441087,1.2429473
WDPCP,1.4250488,0.0,0.0,0.0,0.0,0.0,0.0,0.0
DYNC2I1,1.2620816,0.0,0.0,0.0,0.0,0.0,0.0,0.0
WDR70,0.7774185,0.0,0.993129,0.0,1.2020516,0.0,0.0,0.0
WIPF1,0.0,0.0,0.0,1.865515,1.291769,1.6571765,0.0,0.0
WNK1,1.6257966,2.132656,1.1288345,1.6924223,1.4821767,0.0,0.0,0.0
WNK2,1.0463481,0.0,0.0,0.0,0.0,0.0,0.0,0.0
WSB1,1.0658522,1.5562723,1.4742718,0.0,1.7121408,2.2955773,1.4137607,1.3190627
WWC2,0.0,1.5174584,1.1631441,0.0,0.0,0.0,0.0,0.0
WWOX,1.4271512,0.0,2.0056427,1.0779002,1.72995,1.3827797,1.2893348,1.3949916
WWP1,0.72931194,0.0,0.0,0.0,0.91847134,0.0,0.0,0.0
WWTR1,0.0,1.8763219,1.7491069,0.0,0.0,0.0,0.0,0.0
XIST,0.0,0.0,0.0,0.0,0.0,1.2983141,0.0,0.0
XKR4,0.0,0.0,0.0,0.0,0.0,3.9477947,0.0,0.0
XPO6,0.0,0.0,0.0,1.2173197,0.0,0.0,0.0,0.0
XPR1,1.893076,1.6629548,0.0,0.0,0.0,0.0,0.0,0.0
XRCC5,0.0,0.0,0.99759144,0.0,0.0,0.0,0.9059047,1.0734613
XRN1,0.0,0.0,0.9558069,1.3191173,0.78356946,0.0,0.96789086,0.0
XRN2,0.0,0.0,0.7231679,0.0,0.0,0.0,0.0,0.0
YAP1,0.7770692,0.0,1.2455776,0.0,0.0,0.0,0.0,0.0
YBX3,1.6065111,1.3793225,1.3747808,0.0,0.0,0.0,1.244345,2.3193836
YES1,0.0,1.1461804,0.0,0.0,0.0,0.0,0.0,0.0
ZBTB16,1.7871736,0.8397895,1.6682588,0.0,0.0,1.2215213,1.8816679,1.884681
ZBTB20,2.9385843,2.6454961,3.26104,2.5877733,2.112485,3.3324249,3.1622815,2.854993
ZBTB38,0.95227444,0.0,0.0,0.0,0.0,1.213649,0.0,0.0
ZC3HAV1,0.0,0.0,0.0,1.6251426,0.0,0.0,0.0,0.0
TUT4,1.1350291,0.0,0.87062657,1.6646042,0.0,0.0,0.0,0.0
ZCCHC7,0.8887764,0.0,1.6427319,1.6282763,0.93766165,1.440103,1.3710405,1.3468666
ZEB1,1.031946,2.2284007,2.453548,1.6878266,0.0,0.9832314,2.4626894,2.4545445
ZEB2,0.0,0.0,1.495934,0.0,2.832036,2.357095,1.837306,1.5931587
ZFAND3,1.6725492,2.2930114,2.2049057,2.2835596,2.4630988,1.8760878,2.4753475,2.370064
ZFC3H1,0.0,0.0,0.0,0.0,1.1113391,0.0,0.0,0.0
ZFHX3,0.0,0.0,1.5755959,0.0,1.7000595,0.0,1.7976167,3.1229622
ZFP36L1,0.0,0.0,1.4349627,0.0,1.8928963,0.0,0.0,0.0
ZFP36L2,0.0,0.0,1.1489697,1.289516,0.0,0.0,0.0,0.0
ZFPM2,1.8718481,0.0,2.2704825,0.0,0.0,0.0,2.2023969,1.7766092
ZFR,0.0,0.0,0.8997989,0.0,0.0,0.0,0.0,0.0
ZHX2,1.5455856,0.0,1.1110998,1.4117658,0.0,0.0,0.0,1.7569978
ZMYM2,1.0423498,0.0,1.291004,1.3894329,1.6933272,0.9034945,1.1038395,0.95532525
ZNF106,0.8664911,0.0,0.0,0.0,0.0,0.0,0.0,0.0
ZNF141,0.0,0.0,0.0,0.0,0.0,0.0,0.0,0.9709387
ZNF148,0.8627134,0.0,0.0,0.0,1.040097,0.0,0.8762364,0.0
ZNF207,0.0,0.0,0.90419376,0.0,0.0,0.0,0.9559548,0.0
ZNF280D,0.8958781,0.0,0.0,0.0,0.0,0.0,0.0,0.0
ZNF292,1.3342131,0.0,0.78867567,1.5306779,1.5056384,0.0,1.0093553,0.0
ZNF407,1.128516,0.0,0.0,0.0,0.0,0.0,0.0,0.0
ZNF438,0.6978046,0.0,0.0,0.0,0.0,0.0,0.0,0.0
ZNF536,0.0,0.0,0.0,0.0,0.0,2.3763583,0.0,0.0
ZNF609,0.0,0.0,1.2049887,1.2042723,1.5439907,0.0,1.0085249,0.7040928
ZNF638,1.9952784,1.5724111,2.1073897,1.6552908,1.5919628,2.3971002,2.2544699,1.9597512
ZNF644,0.76437163,0.0,1.0377371,0.9636754,1.2284834,1.3745601,1.0110207,1.252897
ZNF710,0.0,0.0,0.0,0.0,1.1054933,0.0,0.0,0.0
ZNF831,0.0,0.0,0.0,1.5787964,0.0,0.0,0.0,0.0
ZNF91,1.2312236,0.0,0.0,0.0,0.0,0.0,0.0,0.0
ZRANB2,0.86481667,0.0,1.3489752,1.191882,0.0,1.0471275,1.1472796,1.1434815
ZSWIM6,0.7451736,1.5261346,1.1020575,0.0,2.610684,2.6451244,0.0,1.3554553
